2026-08-17 18:20:01 [[31merror[39m]: [CUSTOMERBK_TENANT] Error in notification scheduler tenant loop: ORA-00942: table or view does not exist 
Error: ORA-00942: table or view does not exist
    at async Function.executeInTenant (C:\Users\Hritik.s\Documents\GitHub\Bayanat-OCIBackend\src\database\TenantManager.ts:295:22)
    at async C:\Users\Hritik.s\Documents\GitHub\Bayanat-OCIBackend\src\scheduler\notificationEmail.scheduler.ts:113:26
    at async C:\Users\Hritik.s\Documents\GitHub\Bayanat-OCIBackend\src\database\TenantManager.ts:372:25
2026-08-17 18:20:05 [[31merror[39m]: [BTIND_TENANT] Error in notification scheduler tenant loop: ORA-00942: table or view does not exist 
Error: ORA-00942: table or view does not exist
    at async Function.executeInTenant (C:\Users\Hritik.s\Documents\GitHub\Bayanat-OCIBackend\src\database\TenantManager.ts:295:22)
    at async C:\Users\Hritik.s\Documents\GitHub\Bayanat-OCIBackend\src\scheduler\notificationEmail.scheduler.ts:113:26
    at async C:\Users\Hritik.s\Documents\GitHub\Bayanat-OCIBackend\src\database\TenantManager.ts:372:25
2026-08-17 18:22:00 [[31merror[39m]: [CUSTOMERBK_TENANT] Error in notification scheduler tenant loop: ORA-00942: table or view does not exist 
Error: ORA-00942: table or view does not exist
    at async Function.executeInTenant (C:\Users\Hritik.s\Documents\GitHub\Bayanat-OCIBackend\src\database\TenantManager.ts:295:22)
    at async C:\Users\Hritik.s\Documents\GitHub\Bayanat-OCIBackend\src\scheduler\notificationEmail.scheduler.ts:113:26
    at async C:\Users\Hritik.s\Documents\GitHub\Bayanat-OCIBackend\src\database\TenantManager.ts:372:25
2026-08-17 18:22:01 [[31merror[39m]: [BTIND_TENANT] Error in notification scheduler tenant loop: ORA-00942: table or view does not exist 
Error: ORA-00942: table or view does not exist
    at async Function.executeInTenant (C:\Users\Hritik.s\Documents\GitHub\Bayanat-OCIBackend\src\database\TenantManager.ts:295:22)
    at async C:\Users\Hritik.s\Documents\GitHub\Bayanat-OCIBackend\src\scheduler\notificationEmail.scheduler.ts:113:26
    at async C:\Users\Hritik.s\Documents\GitHub\Bayanat-OCIBackend\src\database\TenantManager.ts:372:25
2026-08-17 18:24:00 [[31merror[39m]: [CUSTOMERBK_TENANT] Error in notification scheduler tenant loop: ORA-00942: table or view does not exist 
Error: ORA-00942: table or view does not exist
    at async Function.executeInTenant (C:\Users\Hritik.s\Documents\GitHub\Bayanat-OCIBackend\src\database\TenantManager.ts:295:22)
    at async C:\Users\Hritik.s\Documents\GitHub\Bayanat-OCIBackend\src\scheduler\notificationEmail.scheduler.ts:113:26
    at async C:\Users\Hritik.s\Documents\GitHub\Bayanat-OCIBackend\src\database\TenantManager.ts:372:25
2026-08-17 18:24:01 [[31merror[39m]: [BTIND_TENANT] Error in notification scheduler tenant loop: ORA-00942: table or view does not exist 
Error: ORA-00942: table or view does not exist
    at async Function.executeInTenant (C:\Users\Hritik.s\Documents\GitHub\Bayanat-OCIBackend\src\database\TenantManager.ts:295:22)
    at async C:\Users\Hritik.s\Documents\GitHub\Bayanat-OCIBackend\src\scheduler\notificationEmail.scheduler.ts:113:26
    at async C:\Users\Hritik.s\Documents\GitHub\Bayanat-OCIBackend\src\database\TenantManager.ts:372:25
2026-08-17 18:26:00 [[31merror[39m]: [CUSTOMERBK_TENANT] Error in notification scheduler tenant loop: ORA-00942: table or view does not exist 
Error: ORA-00942: table or view does not exist
    at async Function.executeInTenant (C:\Users\Hritik.s\Documents\GitHub\Bayanat-OCIBackend\src\database\TenantManager.ts:295:22)
    at async C:\Users\Hritik.s\Documents\GitHub\Bayanat-OCIBackend\src\scheduler\notificationEmail.scheduler.ts:113:26
    at async C:\Users\Hritik.s\Documents\GitHub\Bayanat-OCIBackend\src\database\TenantManager.ts:372:25
2026-08-17 18:26:01 [[31merror[39m]: [BTIND_TENANT] Error in notification scheduler tenant loop: ORA-00942: table or view does not exist 
Error: ORA-00942: table or view does not exist
    at async Function.executeInTenant (C:\Users\Hritik.s\Documents\GitHub\Bayanat-OCIBackend\src\database\TenantManager.ts:295:22)
    at async C:\Users\Hritik.s\Documents\GitHub\Bayanat-OCIBackend\src\scheduler\notificationEmail.scheduler.ts:113:26
    at async C:\Users\Hritik.s\Documents\GitHub\Bayanat-OCIBackend\src\database\TenantManager.ts:372:25
2026-08-17 18:28:00 [[31merror[39m]: [CUSTOMERBK_TENANT] Error in notification scheduler tenant loop: ORA-00942: table or view does not exist 
Error: ORA-00942: table or view does not exist
    at async Function.executeInTenant (C:\Users\Hritik.s\Documents\GitHub\Bayanat-OCIBackend\src\database\TenantManager.ts:295:22)
    at async C:\Users\Hritik.s\Documents\GitHub\Bayanat-OCIBackend\src\scheduler\notificationEmail.scheduler.ts:113:26
    at async C:\Users\Hritik.s\Documents\GitHub\Bayanat-OCIBackend\src\database\TenantManager.ts:372:25
2026-08-17 18:28:01 [[31merror[39m]: [BTIND_TENANT] Error in notification scheduler tenant loop: ORA-00942: table or view does not exist 
Error: ORA-00942: table or view does not exist
    at async Function.executeInTenant (C:\Users\Hritik.s\Documents\GitHub\Bayanat-OCIBackend\src\database\TenantManager.ts:295:22)
    at async C:\Users\Hritik.s\Documents\GitHub\Bayanat-OCIBackend\src\scheduler\notificationEmail.scheduler.ts:113:26
    at async C:\Users\Hritik.s\Documents\GitHub\Bayanat-OCIBackend\src\database\TenantManager.ts:372:25
2026-08-17 18:30:00 [[31merror[39m]: [CUSTOMERBK_TENANT] Error in notification scheduler tenant loop: ORA-00942: table or view does not exist 
Error: ORA-00942: table or view does not exist
    at async Function.executeInTenant (C:\Users\Hritik.s\Documents\GitHub\Bayanat-OCIBackend\src\database\TenantManager.ts:295:22)
    at async C:\Users\Hritik.s\Documents\GitHub\Bayanat-OCIBackend\src\scheduler\notificationEmail.scheduler.ts:113:26
    at async C:\Users\Hritik.s\Documents\GitHub\Bayanat-OCIBackend\src\database\TenantManager.ts:372:25
2026-08-17 18:30:01 [[31merror[39m]: [BTIND_TENANT] Error in notification scheduler tenant loop: ORA-00942: table or view does not exist 
Error: ORA-00942: table or view does not exist
    at async Function.executeInTenant (C:\Users\Hritik.s\Documents\GitHub\Bayanat-OCIBackend\src\database\TenantManager.ts:295:22)
    at async C:\Users\Hritik.s\Documents\GitHub\Bayanat-OCIBackend\src\scheduler\notificationEmail.scheduler.ts:113:26
    at async C:\Users\Hritik.s\Documents\GitHub\Bayanat-OCIBackend\src\database\TenantManager.ts:372:25
2026-08-17 18:32:00 [[31merror[39m]: [CUSTOMERBK_TENANT] Error in notification scheduler tenant loop: ORA-00942: table or view does not exist 
Error: ORA-00942: table or view does not exist
    at async Function.executeInTenant (C:\Users\Hritik.s\Documents\GitHub\Bayanat-OCIBackend\src\database\TenantManager.ts:295:22)
    at async C:\Users\Hritik.s\Documents\GitHub\Bayanat-OCIBackend\src\scheduler\notificationEmail.scheduler.ts:113:26
    at async C:\Users\Hritik.s\Documents\GitHub\Bayanat-OCIBackend\src\database\TenantManager.ts:372:25
2026-08-17 18:32:01 [[31merror[39m]: [BTIND_TENANT] Error in notification scheduler tenant loop: ORA-00942: table or view does not exist 
Error: ORA-00942: table or view does not exist
    at async Function.executeInTenant (C:\Users\Hritik.s\Documents\GitHub\Bayanat-OCIBackend\src\database\TenantManager.ts:295:22)
    at async C:\Users\Hritik.s\Documents\GitHub\Bayanat-OCIBackend\src\scheduler\notificationEmail.scheduler.ts:113:26
    at async C:\Users\Hritik.s\Documents\GitHub\Bayanat-OCIBackend\src\database\TenantManager.ts:372:25
2026-08-17 18:34:00 [[31merror[39m]: [CUSTOMERBK_TENANT] Error in notification scheduler tenant loop: ORA-00942: table or view does not exist 
Error: ORA-00942: table or view does not exist
    at async Function.executeInTenant (C:\Users\Hritik.s\Documents\GitHub\Bayanat-OCIBackend\src\database\TenantManager.ts:295:22)
    at async C:\Users\Hritik.s\Documents\GitHub\Bayanat-OCIBackend\src\scheduler\notificationEmail.scheduler.ts:113:26
    at async C:\Users\Hritik.s\Documents\GitHub\Bayanat-OCIBackend\src\database\TenantManager.ts:372:25
2026-08-17 18:34:01 [[31merror[39m]: [BTIND_TENANT] Error in notification scheduler tenant loop: ORA-00942: table or view does not exist 
Error: ORA-00942: table or view does not exist
    at async Function.executeInTenant (C:\Users\Hritik.s\Documents\GitHub\Bayanat-OCIBackend\src\database\TenantManager.ts:295:22)
    at async C:\Users\Hritik.s\Documents\GitHub\Bayanat-OCIBackend\src\scheduler\notificationEmail.scheduler.ts:113:26
    at async C:\Users\Hritik.s\Documents\GitHub\Bayanat-OCIBackend\src\database\TenantManager.ts:372:25
2026-08-17 18:44:00 [[31merror[39m]: NotificationEmailScheduler failed: ORA-12543: TNS:destination host unreachable 
Error: ORA-12543: TNS:destination host unreachable
    at async Function.getCentralConnection (C:\Users\Hritik.s\Documents\GitHub\Bayanat-OCIBackend\src\database\TenantManager.ts:86:20)
    at async Function.listActiveTenants (C:\Users\Hritik.s\Documents\GitHub\Bayanat-OCIBackend\src\database\TenantManager.ts:333:18)
    at async C:\Users\Hritik.s\Documents\GitHub\Bayanat-OCIBackend\src\scheduler\notificationEmail.scheduler.ts:99:11
    at async Timeout._onTimeout (C:\Users\Hritik.s\Documents\GitHub\Bayanat-OCIBackend\node_modules\node-cron\src\scheduler\runner.ts:100:30)
2026-08-18 10:30:02 [[31merror[39m]: [CUSTOMERBK_TENANT] Error in notification scheduler tenant loop: ORA-00942: table or view does not exist 
Error: ORA-00942: table or view does not exist
    at async Function.executeInTenant (C:\Users\Hritik.s\Documents\GitHub\Bayanat-OCIBackend\src\database\TenantManager.ts:295:22)
    at async C:\Users\Hritik.s\Documents\GitHub\Bayanat-OCIBackend\src\scheduler\notificationEmail.scheduler.ts:113:26
    at async C:\Users\Hritik.s\Documents\GitHub\Bayanat-OCIBackend\src\database\TenantManager.ts:372:25
2026-08-18 10:30:12 [[31merror[39m]: [NOTIFY] ❌ Failed to send email for event: TRANSACTION_COMPLETED Invalid login: 535 5.7.139 Authentication unsuccessful, the user credentials were incorrect. [DX0P273CA0014.AREP273.PROD.OUTLOOK.COM 2026-08-18T05:00:11.743Z 08DEFCD4F56EF8A4] 
Error: Invalid login: 535 5.7.139 Authentication unsuccessful, the user credentials were incorrect. [DX0P273CA0014.AREP273.PROD.OUTLOOK.COM 2026-08-18T05:00:11.743Z 08DEFCD4F56EF8A4]
    at SMTPConnection._formatError (C:\Users\Hritik.s\Documents\GitHub\Bayanat-OCIBackend\node_modules\nodemailer\lib\smtp-connection\index.js:807:19)
    at SMTPConnection._actionAUTHComplete (C:\Users\Hritik.s\Documents\GitHub\Bayanat-OCIBackend\node_modules\nodemailer\lib\smtp-connection\index.js:1586:34)
    at SMTPConnection.<anonymous> (C:\Users\Hritik.s\Documents\GitHub\Bayanat-OCIBackend\node_modules\nodemailer\lib\smtp-connection\index.js:1540:18)
    at SMTPConnection._processResponse (C:\Users\Hritik.s\Documents\GitHub\Bayanat-OCIBackend\node_modules\nodemailer\lib\smtp-connection\index.js:991:20)
    at SMTPConnection._onData (C:\Users\Hritik.s\Documents\GitHub\Bayanat-OCIBackend\node_modules\nodemailer\lib\smtp-connection\index.js:772:14)
    at TLSSocket.SMTPConnection._onSocketData (C:\Users\Hritik.s\Documents\GitHub\Bayanat-OCIBackend\node_modules\nodemailer\lib\smtp-connection\index.js:195:44)
    at TLSSocket.emit (node:events:518:28)
    at TLSSocket.emit (node:domain:489:12)
    at addChunk (node:internal/streams/readable:561:12)
    at readableAddChunkPushByteMode (node:internal/streams/readable:512:3)
2026-08-18 10:30:14 [[31merror[39m]: [BTIND_TENANT] Error in notification scheduler tenant loop: ORA-00942: table or view does not exist 
Error: ORA-00942: table or view does not exist
    at async Function.executeInTenant (C:\Users\Hritik.s\Documents\GitHub\Bayanat-OCIBackend\src\database\TenantManager.ts:295:22)
    at async C:\Users\Hritik.s\Documents\GitHub\Bayanat-OCIBackend\src\scheduler\notificationEmail.scheduler.ts:113:26
    at async C:\Users\Hritik.s\Documents\GitHub\Bayanat-OCIBackend\src\database\TenantManager.ts:372:25
2026-08-18 10:32:00 [[31merror[39m]: [CUSTOMERBK_TENANT] Error in notification scheduler tenant loop: ORA-00942: table or view does not exist 
Error: ORA-00942: table or view does not exist
    at async Function.executeInTenant (C:\Users\Hritik.s\Documents\GitHub\Bayanat-OCIBackend\src\database\TenantManager.ts:295:22)
    at async C:\Users\Hritik.s\Documents\GitHub\Bayanat-OCIBackend\src\scheduler\notificationEmail.scheduler.ts:113:26
    at async C:\Users\Hritik.s\Documents\GitHub\Bayanat-OCIBackend\src\database\TenantManager.ts:372:25
2026-08-18 10:32:01 [[31merror[39m]: [BTIND_TENANT] Error in notification scheduler tenant loop: ORA-00942: table or view does not exist 
Error: ORA-00942: table or view does not exist
    at async Function.executeInTenant (C:\Users\Hritik.s\Documents\GitHub\Bayanat-OCIBackend\src\database\TenantManager.ts:295:22)
    at async C:\Users\Hritik.s\Documents\GitHub\Bayanat-OCIBackend\src\scheduler\notificationEmail.scheduler.ts:113:26
    at async C:\Users\Hritik.s\Documents\GitHub\Bayanat-OCIBackend\src\database\TenantManager.ts:372:25
2026-08-18 10:34:00 [[31merror[39m]: [CUSTOMERBK_TENANT] Error in notification scheduler tenant loop: ORA-00942: table or view does not exist 
Error: ORA-00942: table or view does not exist
    at async Function.executeInTenant (C:\Users\Hritik.s\Documents\GitHub\Bayanat-OCIBackend\src\database\TenantManager.ts:295:22)
    at async C:\Users\Hritik.s\Documents\GitHub\Bayanat-OCIBackend\src\scheduler\notificationEmail.scheduler.ts:113:26
    at async C:\Users\Hritik.s\Documents\GitHub\Bayanat-OCIBackend\src\database\TenantManager.ts:372:25
2026-08-18 10:34:01 [[31merror[39m]: [BTIND_TENANT] Error in notification scheduler tenant loop: ORA-00942: table or view does not exist 
Error: ORA-00942: table or view does not exist
    at async Function.executeInTenant (C:\Users\Hritik.s\Documents\GitHub\Bayanat-OCIBackend\src\database\TenantManager.ts:295:22)
    at async C:\Users\Hritik.s\Documents\GitHub\Bayanat-OCIBackend\src\scheduler\notificationEmail.scheduler.ts:113:26
    at async C:\Users\Hritik.s\Documents\GitHub\Bayanat-OCIBackend\src\database\TenantManager.ts:372:25
2026-08-18 10:36:00 [[31merror[39m]: [CUSTOMERBK_TENANT] Error in notification scheduler tenant loop: ORA-00942: table or view does not exist 
Error: ORA-00942: table or view does not exist
    at async Function.executeInTenant (C:\Users\Hritik.s\Documents\GitHub\Bayanat-OCIBackend\src\database\TenantManager.ts:295:22)
    at async C:\Users\Hritik.s\Documents\GitHub\Bayanat-OCIBackend\src\scheduler\notificationEmail.scheduler.ts:113:26
    at async C:\Users\Hritik.s\Documents\GitHub\Bayanat-OCIBackend\src\database\TenantManager.ts:372:25
2026-08-18 10:36:01 [[31merror[39m]: [BTIND_TENANT] Error in notification scheduler tenant loop: ORA-00942: table or view does not exist 
Error: ORA-00942: table or view does not exist
    at async Function.executeInTenant (C:\Users\Hritik.s\Documents\GitHub\Bayanat-OCIBackend\src\database\TenantManager.ts:295:22)
    at async C:\Users\Hritik.s\Documents\GitHub\Bayanat-OCIBackend\src\scheduler\notificationEmail.scheduler.ts:113:26
    at async C:\Users\Hritik.s\Documents\GitHub\Bayanat-OCIBackend\src\database\TenantManager.ts:372:25
2026-08-18 10:38:00 [[31merror[39m]: [CUSTOMERBK_TENANT] Error in notification scheduler tenant loop: ORA-00942: table or view does not exist 
Error: ORA-00942: table or view does not exist
    at async Function.executeInTenant (C:\Users\Hritik.s\Documents\GitHub\Bayanat-OCIBackend\src\database\TenantManager.ts:295:22)
    at async C:\Users\Hritik.s\Documents\GitHub\Bayanat-OCIBackend\src\scheduler\notificationEmail.scheduler.ts:113:26
    at async C:\Users\Hritik.s\Documents\GitHub\Bayanat-OCIBackend\src\database\TenantManager.ts:372:25
2026-08-18 10:38:01 [[31merror[39m]: [BTIND_TENANT] Error in notification scheduler tenant loop: ORA-00942: table or view does not exist 
Error: ORA-00942: table or view does not exist
    at async Function.executeInTenant (C:\Users\Hritik.s\Documents\GitHub\Bayanat-OCIBackend\src\database\TenantManager.ts:295:22)
    at async C:\Users\Hritik.s\Documents\GitHub\Bayanat-OCIBackend\src\scheduler\notificationEmail.scheduler.ts:113:26
    at async C:\Users\Hritik.s\Documents\GitHub\Bayanat-OCIBackend\src\database\TenantManager.ts:372:25
2026-08-18 10:40:01 [[31merror[39m]: [CUSTOMERBK_TENANT] Error in notification scheduler tenant loop: ORA-00942: table or view does not exist 
Error: ORA-00942: table or view does not exist
    at async Function.executeInTenant (C:\Users\Hritik.s\Documents\GitHub\Bayanat-OCIBackend\src\database\TenantManager.ts:295:22)
    at async C:\Users\Hritik.s\Documents\GitHub\Bayanat-OCIBackend\src\scheduler\notificationEmail.scheduler.ts:113:26
    at async C:\Users\Hritik.s\Documents\GitHub\Bayanat-OCIBackend\src\database\TenantManager.ts:372:25
2026-08-18 10:40:04 [[31merror[39m]: [BTIND_TENANT] Error in notification scheduler tenant loop: ORA-00942: table or view does not exist 
Error: ORA-00942: table or view does not exist
    at async Function.executeInTenant (C:\Users\Hritik.s\Documents\GitHub\Bayanat-OCIBackend\src\database\TenantManager.ts:295:22)
    at async C:\Users\Hritik.s\Documents\GitHub\Bayanat-OCIBackend\src\scheduler\notificationEmail.scheduler.ts:113:26
    at async C:\Users\Hritik.s\Documents\GitHub\Bayanat-OCIBackend\src\database\TenantManager.ts:372:25
2026-08-18 10:42:02 [[31merror[39m]: [CUSTOMERBK_TENANT] Error in notification scheduler tenant loop: ORA-00942: table or view does not exist 
Error: ORA-00942: table or view does not exist
    at async Function.executeInTenant (C:\Users\Hritik.s\Documents\GitHub\Bayanat-OCIBackend\src\database\TenantManager.ts:295:22)
    at async C:\Users\Hritik.s\Documents\GitHub\Bayanat-OCIBackend\src\scheduler\notificationEmail.scheduler.ts:113:26
    at async C:\Users\Hritik.s\Documents\GitHub\Bayanat-OCIBackend\src\database\TenantManager.ts:372:25
2026-08-18 10:42:05 [[31merror[39m]: [BTIND_TENANT] Error in notification scheduler tenant loop: ORA-00942: table or view does not exist 
Error: ORA-00942: table or view does not exist
    at async Function.executeInTenant (C:\Users\Hritik.s\Documents\GitHub\Bayanat-OCIBackend\src\database\TenantManager.ts:295:22)
    at async C:\Users\Hritik.s\Documents\GitHub\Bayanat-OCIBackend\src\scheduler\notificationEmail.scheduler.ts:113:26
    at async C:\Users\Hritik.s\Documents\GitHub\Bayanat-OCIBackend\src\database\TenantManager.ts:372:25
2026-08-18 10:42:15 [[31merror[39m]: uncaughtException: listen EADDRINUSE: address already in use :::3500
Error: listen EADDRINUSE: address already in use :::3500
    at Server.setupListenHandle [as _listen2] (node:net:1940:16)
    at listenInCluster (node:net:1997:12)
    at Server.listen (node:net:2102:7)
    at Function.listen (C:\Users\Hritik.s\Documents\GitHub\Bayanat-OCIBackend\node_modules\express\lib\application.js:635:24)
    at startServer (C:\Users\Hritik.s\Documents\GitHub\Bayanat-OCIBackend\index.ts:162:9) 
Error: listen EADDRINUSE: address already in use :::3500
    at Server.setupListenHandle [as _listen2] (node:net:1940:16)
    at listenInCluster (node:net:1997:12)
    at Server.listen (node:net:2102:7)
    at Function.listen (C:\Users\Hritik.s\Documents\GitHub\Bayanat-OCIBackend\node_modules\express\lib\application.js:635:24)
    at startServer (C:\Users\Hritik.s\Documents\GitHub\Bayanat-OCIBackend\index.ts:162:9)
2026-08-18 10:44:02 [[31merror[39m]: [CUSTOMERBK_TENANT] Error in notification scheduler tenant loop: ORA-00942: table or view does not exist 
Error: ORA-00942: table or view does not exist
    at async Function.executeInTenant (C:\Users\Hritik.s\Documents\GitHub\Bayanat-OCIBackend\src\database\TenantManager.ts:295:22)
    at async C:\Users\Hritik.s\Documents\GitHub\Bayanat-OCIBackend\src\scheduler\notificationEmail.scheduler.ts:113:26
    at async C:\Users\Hritik.s\Documents\GitHub\Bayanat-OCIBackend\src\database\TenantManager.ts:372:25
2026-08-18 10:44:04 [[31merror[39m]: [BTIND_TENANT] Error in notification scheduler tenant loop: ORA-00942: table or view does not exist 
Error: ORA-00942: table or view does not exist
    at async Function.executeInTenant (C:\Users\Hritik.s\Documents\GitHub\Bayanat-OCIBackend\src\database\TenantManager.ts:295:22)
    at async C:\Users\Hritik.s\Documents\GitHub\Bayanat-OCIBackend\src\scheduler\notificationEmail.scheduler.ts:113:26
    at async C:\Users\Hritik.s\Documents\GitHub\Bayanat-OCIBackend\src\database\TenantManager.ts:372:25
2026-08-18 10:46:00 [[31merror[39m]: [CUSTOMERBK_TENANT] Error in notification scheduler tenant loop: ORA-00942: table or view does not exist 
Error: ORA-00942: table or view does not exist
    at async Function.executeInTenant (C:\Users\Hritik.s\Documents\GitHub\Bayanat-OCIBackend\src\database\TenantManager.ts:295:22)
    at async C:\Users\Hritik.s\Documents\GitHub\Bayanat-OCIBackend\src\scheduler\notificationEmail.scheduler.ts:113:26
    at async C:\Users\Hritik.s\Documents\GitHub\Bayanat-OCIBackend\src\database\TenantManager.ts:372:25
2026-08-18 10:46:01 [[31merror[39m]: [BTIND_TENANT] Error in notification scheduler tenant loop: ORA-00942: table or view does not exist 
Error: ORA-00942: table or view does not exist
    at async Function.executeInTenant (C:\Users\Hritik.s\Documents\GitHub\Bayanat-OCIBackend\src\database\TenantManager.ts:295:22)
    at async C:\Users\Hritik.s\Documents\GitHub\Bayanat-OCIBackend\src\scheduler\notificationEmail.scheduler.ts:113:26
    at async C:\Users\Hritik.s\Documents\GitHub\Bayanat-OCIBackend\src\database\TenantManager.ts:372:25
2026-08-18 10:48:00 [[31merror[39m]: [CUSTOMERBK_TENANT] Error in notification scheduler tenant loop: ORA-00942: table or view does not exist 
Error: ORA-00942: table or view does not exist
    at async Function.executeInTenant (C:\Users\Hritik.s\Documents\GitHub\Bayanat-OCIBackend\src\database\TenantManager.ts:295:22)
    at async C:\Users\Hritik.s\Documents\GitHub\Bayanat-OCIBackend\src\scheduler\notificationEmail.scheduler.ts:113:26
    at async C:\Users\Hritik.s\Documents\GitHub\Bayanat-OCIBackend\src\database\TenantManager.ts:372:25
2026-08-18 10:48:01 [[31merror[39m]: [BTIND_TENANT] Error in notification scheduler tenant loop: ORA-00942: table or view does not exist 
Error: ORA-00942: table or view does not exist
    at async Function.executeInTenant (C:\Users\Hritik.s\Documents\GitHub\Bayanat-OCIBackend\src\database\TenantManager.ts:295:22)
    at async C:\Users\Hritik.s\Documents\GitHub\Bayanat-OCIBackend\src\scheduler\notificationEmail.scheduler.ts:113:26
    at async C:\Users\Hritik.s\Documents\GitHub\Bayanat-OCIBackend\src\database\TenantManager.ts:372:25
2026-08-18 10:50:00 [[31merror[39m]: [CUSTOMERBK_TENANT] Error in notification scheduler tenant loop: ORA-00942: table or view does not exist 
Error: ORA-00942: table or view does not exist
    at async Function.executeInTenant (C:\Users\Hritik.s\Documents\GitHub\Bayanat-OCIBackend\src\database\TenantManager.ts:295:22)
    at async C:\Users\Hritik.s\Documents\GitHub\Bayanat-OCIBackend\src\scheduler\notificationEmail.scheduler.ts:113:26
    at async C:\Users\Hritik.s\Documents\GitHub\Bayanat-OCIBackend\src\database\TenantManager.ts:372:25
2026-08-18 10:50:01 [[31merror[39m]: [BTIND_TENANT] Error in notification scheduler tenant loop: ORA-00942: table or view does not exist 
Error: ORA-00942: table or view does not exist
    at async Function.executeInTenant (C:\Users\Hritik.s\Documents\GitHub\Bayanat-OCIBackend\src\database\TenantManager.ts:295:22)
    at async C:\Users\Hritik.s\Documents\GitHub\Bayanat-OCIBackend\src\scheduler\notificationEmail.scheduler.ts:113:26
    at async C:\Users\Hritik.s\Documents\GitHub\Bayanat-OCIBackend\src\database\TenantManager.ts:372:25
2026-08-18 10:52:01 [[31merror[39m]: [CUSTOMERBK_TENANT] Error in notification scheduler tenant loop: ORA-00942: table or view does not exist 
Error: ORA-00942: table or view does not exist
    at async Function.executeInTenant (C:\Users\Hritik.s\Documents\GitHub\Bayanat-OCIBackend\src\database\TenantManager.ts:295:22)
    at async C:\Users\Hritik.s\Documents\GitHub\Bayanat-OCIBackend\src\scheduler\notificationEmail.scheduler.ts:113:26
    at async C:\Users\Hritik.s\Documents\GitHub\Bayanat-OCIBackend\src\database\TenantManager.ts:372:25
2026-08-18 10:52:10 [[31merror[39m]: [NOTIFY] ❌ Failed to send email for event: TRANSACTION_COMPLETED Invalid login: 535 5.7.139 Authentication unsuccessful, the user credentials were incorrect. [DX0P273CA0019.AREP273.PROD.OUTLOOK.COM 2026-08-18T05:22:10.131Z 08DEFA7B3D30D1B2] 
Error: Invalid login: 535 5.7.139 Authentication unsuccessful, the user credentials were incorrect. [DX0P273CA0019.AREP273.PROD.OUTLOOK.COM 2026-08-18T05:22:10.131Z 08DEFA7B3D30D1B2]
    at SMTPConnection._formatError (C:\Users\Hritik.s\Documents\GitHub\Bayanat-OCIBackend\node_modules\nodemailer\lib\smtp-connection\index.js:807:19)
    at SMTPConnection._actionAUTHComplete (C:\Users\Hritik.s\Documents\GitHub\Bayanat-OCIBackend\node_modules\nodemailer\lib\smtp-connection\index.js:1586:34)
    at SMTPConnection.<anonymous> (C:\Users\Hritik.s\Documents\GitHub\Bayanat-OCIBackend\node_modules\nodemailer\lib\smtp-connection\index.js:1540:18)
    at SMTPConnection._processResponse (C:\Users\Hritik.s\Documents\GitHub\Bayanat-OCIBackend\node_modules\nodemailer\lib\smtp-connection\index.js:991:20)
    at SMTPConnection._onData (C:\Users\Hritik.s\Documents\GitHub\Bayanat-OCIBackend\node_modules\nodemailer\lib\smtp-connection\index.js:772:14)
    at TLSSocket.SMTPConnection._onSocketData (C:\Users\Hritik.s\Documents\GitHub\Bayanat-OCIBackend\node_modules\nodemailer\lib\smtp-connection\index.js:195:44)
    at TLSSocket.emit (node:events:518:28)
    at TLSSocket.emit (node:domain:489:12)
    at addChunk (node:internal/streams/readable:561:12)
    at readableAddChunkPushByteMode (node:internal/streams/readable:512:3)
2026-08-18 10:52:18 [[31merror[39m]: [NOTIFY] ❌ Failed to send email for event: TRANSACTION_COMPLETED Invalid login: 535 5.7.139 Authentication unsuccessful, the user credentials were incorrect. [DX1P273CA0019.AREP273.PROD.OUTLOOK.COM 2026-08-18T05:22:18.520Z 08DEFCE2128003A5] 
Error: Invalid login: 535 5.7.139 Authentication unsuccessful, the user credentials were incorrect. [DX1P273CA0019.AREP273.PROD.OUTLOOK.COM 2026-08-18T05:22:18.520Z 08DEFCE2128003A5]
    at SMTPConnection._formatError (C:\Users\Hritik.s\Documents\GitHub\Bayanat-OCIBackend\node_modules\nodemailer\lib\smtp-connection\index.js:807:19)
    at SMTPConnection._actionAUTHComplete (C:\Users\Hritik.s\Documents\GitHub\Bayanat-OCIBackend\node_modules\nodemailer\lib\smtp-connection\index.js:1586:34)
    at SMTPConnection.<anonymous> (C:\Users\Hritik.s\Documents\GitHub\Bayanat-OCIBackend\node_modules\nodemailer\lib\smtp-connection\index.js:1540:18)
    at SMTPConnection._processResponse (C:\Users\Hritik.s\Documents\GitHub\Bayanat-OCIBackend\node_modules\nodemailer\lib\smtp-connection\index.js:991:20)
    at SMTPConnection._onData (C:\Users\Hritik.s\Documents\GitHub\Bayanat-OCIBackend\node_modules\nodemailer\lib\smtp-connection\index.js:772:14)
    at TLSSocket.SMTPConnection._onSocketData (C:\Users\Hritik.s\Documents\GitHub\Bayanat-OCIBackend\node_modules\nodemailer\lib\smtp-connection\index.js:195:44)
    at TLSSocket.emit (node:events:518:28)
    at TLSSocket.emit (node:domain:489:12)
    at addChunk (node:internal/streams/readable:561:12)
    at readableAddChunkPushByteMode (node:internal/streams/readable:512:3)
2026-08-18 10:52:25 [[31merror[39m]: [NOTIFY] ❌ Failed to send email for event: TRANSACTION_COMPLETED Invalid login: 535 5.7.139 Authentication unsuccessful, the user credentials were incorrect. [DX1P273CA0019.AREP273.PROD.OUTLOOK.COM 2026-08-18T05:22:25.808Z 08DEFCE2128003EA] 
Error: Invalid login: 535 5.7.139 Authentication unsuccessful, the user credentials were incorrect. [DX1P273CA0019.AREP273.PROD.OUTLOOK.COM 2026-08-18T05:22:25.808Z 08DEFCE2128003EA]
    at SMTPConnection._formatError (C:\Users\Hritik.s\Documents\GitHub\Bayanat-OCIBackend\node_modules\nodemailer\lib\smtp-connection\index.js:807:19)
    at SMTPConnection._actionAUTHComplete (C:\Users\Hritik.s\Documents\GitHub\Bayanat-OCIBackend\node_modules\nodemailer\lib\smtp-connection\index.js:1586:34)
    at SMTPConnection.<anonymous> (C:\Users\Hritik.s\Documents\GitHub\Bayanat-OCIBackend\node_modules\nodemailer\lib\smtp-connection\index.js:1540:18)
    at SMTPConnection._processResponse (C:\Users\Hritik.s\Documents\GitHub\Bayanat-OCIBackend\node_modules\nodemailer\lib\smtp-connection\index.js:991:20)
    at SMTPConnection._onData (C:\Users\Hritik.s\Documents\GitHub\Bayanat-OCIBackend\node_modules\nodemailer\lib\smtp-connection\index.js:772:14)
    at TLSSocket.SMTPConnection._onSocketData (C:\Users\Hritik.s\Documents\GitHub\Bayanat-OCIBackend\node_modules\nodemailer\lib\smtp-connection\index.js:195:44)
    at TLSSocket.emit (node:events:518:28)
    at TLSSocket.emit (node:domain:489:12)
    at addChunk (node:internal/streams/readable:561:12)
    at readableAddChunkPushByteMode (node:internal/streams/readable:512:3)
2026-08-18 10:52:34 [[31merror[39m]: [NOTIFY] ❌ Failed to send email for event: TRANSACTION_COMPLETED Invalid login: 535 5.7.139 Authentication unsuccessful, the user credentials were incorrect. [DX1P273CA0005.AREP273.PROD.OUTLOOK.COM 2026-08-18T05:22:34.164Z 08DEFAA52CE7BA8E] 
Error: Invalid login: 535 5.7.139 Authentication unsuccessful, the user credentials were incorrect. [DX1P273CA0005.AREP273.PROD.OUTLOOK.COM 2026-08-18T05:22:34.164Z 08DEFAA52CE7BA8E]
    at SMTPConnection._formatError (C:\Users\Hritik.s\Documents\GitHub\Bayanat-OCIBackend\node_modules\nodemailer\lib\smtp-connection\index.js:807:19)
    at SMTPConnection._actionAUTHComplete (C:\Users\Hritik.s\Documents\GitHub\Bayanat-OCIBackend\node_modules\nodemailer\lib\smtp-connection\index.js:1586:34)
    at SMTPConnection.<anonymous> (C:\Users\Hritik.s\Documents\GitHub\Bayanat-OCIBackend\node_modules\nodemailer\lib\smtp-connection\index.js:1540:18)
    at SMTPConnection._processResponse (C:\Users\Hritik.s\Documents\GitHub\Bayanat-OCIBackend\node_modules\nodemailer\lib\smtp-connection\index.js:991:20)
    at SMTPConnection._onData (C:\Users\Hritik.s\Documents\GitHub\Bayanat-OCIBackend\node_modules\nodemailer\lib\smtp-connection\index.js:772:14)
    at TLSSocket.SMTPConnection._onSocketData (C:\Users\Hritik.s\Documents\GitHub\Bayanat-OCIBackend\node_modules\nodemailer\lib\smtp-connection\index.js:195:44)
    at TLSSocket.emit (node:events:518:28)
    at TLSSocket.emit (node:domain:489:12)
    at addChunk (node:internal/streams/readable:561:12)
    at readableAddChunkPushByteMode (node:internal/streams/readable:512:3)
2026-08-18 10:52:43 [[31merror[39m]: [NOTIFY] ❌ Failed to send email for event: TRANSACTION_COMPLETED Invalid login: 535 5.7.139 Authentication unsuccessful, the user credentials were incorrect. [DX0P273CA0051.AREP273.PROD.OUTLOOK.COM 2026-08-18T05:22:43.406Z 08DEFCCD4737F5CA] 
Error: Invalid login: 535 5.7.139 Authentication unsuccessful, the user credentials were incorrect. [DX0P273CA0051.AREP273.PROD.OUTLOOK.COM 2026-08-18T05:22:43.406Z 08DEFCCD4737F5CA]
    at SMTPConnection._formatError (C:\Users\Hritik.s\Documents\GitHub\Bayanat-OCIBackend\node_modules\nodemailer\lib\smtp-connection\index.js:807:19)
    at SMTPConnection._actionAUTHComplete (C:\Users\Hritik.s\Documents\GitHub\Bayanat-OCIBackend\node_modules\nodemailer\lib\smtp-connection\index.js:1586:34)
    at SMTPConnection.<anonymous> (C:\Users\Hritik.s\Documents\GitHub\Bayanat-OCIBackend\node_modules\nodemailer\lib\smtp-connection\index.js:1540:18)
    at SMTPConnection._processResponse (C:\Users\Hritik.s\Documents\GitHub\Bayanat-OCIBackend\node_modules\nodemailer\lib\smtp-connection\index.js:991:20)
    at SMTPConnection._onData (C:\Users\Hritik.s\Documents\GitHub\Bayanat-OCIBackend\node_modules\nodemailer\lib\smtp-connection\index.js:772:14)
    at TLSSocket.SMTPConnection._onSocketData (C:\Users\Hritik.s\Documents\GitHub\Bayanat-OCIBackend\node_modules\nodemailer\lib\smtp-connection\index.js:195:44)
    at TLSSocket.emit (node:events:518:28)
    at TLSSocket.emit (node:domain:489:12)
    at addChunk (node:internal/streams/readable:561:12)
    at readableAddChunkPushByteMode (node:internal/streams/readable:512:3)
2026-08-18 10:52:51 [[31merror[39m]: [NOTIFY] ❌ Failed to send email for event: TRANSACTION_COMPLETED Invalid login: 535 5.7.139 Authentication unsuccessful, the user credentials were incorrect. [DX0P273CA0006.AREP273.PROD.OUTLOOK.COM 2026-08-18T05:22:51.258Z 08DEFAAFE016020B] 
Error: Invalid login: 535 5.7.139 Authentication unsuccessful, the user credentials were incorrect. [DX0P273CA0006.AREP273.PROD.OUTLOOK.COM 2026-08-18T05:22:51.258Z 08DEFAAFE016020B]
    at SMTPConnection._formatError (C:\Users\Hritik.s\Documents\GitHub\Bayanat-OCIBackend\node_modules\nodemailer\lib\smtp-connection\index.js:807:19)
    at SMTPConnection._actionAUTHComplete (C:\Users\Hritik.s\Documents\GitHub\Bayanat-OCIBackend\node_modules\nodemailer\lib\smtp-connection\index.js:1586:34)
    at SMTPConnection.<anonymous> (C:\Users\Hritik.s\Documents\GitHub\Bayanat-OCIBackend\node_modules\nodemailer\lib\smtp-connection\index.js:1540:18)
    at SMTPConnection._processResponse (C:\Users\Hritik.s\Documents\GitHub\Bayanat-OCIBackend\node_modules\nodemailer\lib\smtp-connection\index.js:991:20)
    at SMTPConnection._onData (C:\Users\Hritik.s\Documents\GitHub\Bayanat-OCIBackend\node_modules\nodemailer\lib\smtp-connection\index.js:772:14)
    at TLSSocket.SMTPConnection._onSocketData (C:\Users\Hritik.s\Documents\GitHub\Bayanat-OCIBackend\node_modules\nodemailer\lib\smtp-connection\index.js:195:44)
    at TLSSocket.emit (node:events:518:28)
    at TLSSocket.emit (node:domain:489:12)
    at addChunk (node:internal/streams/readable:561:12)
    at readableAddChunkPushByteMode (node:internal/streams/readable:512:3)
2026-08-18 10:52:51 [[31merror[39m]: [BTIND_TENANT] Error in notification scheduler tenant loop: ORA-00942: table or view does not exist 
Error: ORA-00942: table or view does not exist
    at async Function.executeInTenant (C:\Users\Hritik.s\Documents\GitHub\Bayanat-OCIBackend\src\database\TenantManager.ts:295:22)
    at async C:\Users\Hritik.s\Documents\GitHub\Bayanat-OCIBackend\src\scheduler\notificationEmail.scheduler.ts:113:26
    at async C:\Users\Hritik.s\Documents\GitHub\Bayanat-OCIBackend\src\database\TenantManager.ts:372:25
2026-08-18 10:54:01 [[31merror[39m]: [CUSTOMERBK_TENANT] Error in notification scheduler tenant loop: ORA-00942: table or view does not exist 
Error: ORA-00942: table or view does not exist
    at async Function.executeInTenant (C:\Users\Hritik.s\Documents\GitHub\Bayanat-OCIBackend\src\database\TenantManager.ts:295:22)
    at async C:\Users\Hritik.s\Documents\GitHub\Bayanat-OCIBackend\src\scheduler\notificationEmail.scheduler.ts:113:26
    at async C:\Users\Hritik.s\Documents\GitHub\Bayanat-OCIBackend\src\database\TenantManager.ts:372:25
2026-08-18 10:54:09 [[31merror[39m]: [NOTIFY] ❌ Failed to send email for event: TRANSACTION_COMPLETED Invalid login: 535 5.7.139 Authentication unsuccessful, the user credentials were incorrect. [DX0P273CA0052.AREP273.PROD.OUTLOOK.COM 2026-08-18T05:24:09.091Z 08DEFCC193B011A8] 
Error: Invalid login: 535 5.7.139 Authentication unsuccessful, the user credentials were incorrect. [DX0P273CA0052.AREP273.PROD.OUTLOOK.COM 2026-08-18T05:24:09.091Z 08DEFCC193B011A8]
    at SMTPConnection._formatError (C:\Users\Hritik.s\Documents\GitHub\Bayanat-OCIBackend\node_modules\nodemailer\lib\smtp-connection\index.js:807:19)
    at SMTPConnection._actionAUTHComplete (C:\Users\Hritik.s\Documents\GitHub\Bayanat-OCIBackend\node_modules\nodemailer\lib\smtp-connection\index.js:1586:34)
    at SMTPConnection.<anonymous> (C:\Users\Hritik.s\Documents\GitHub\Bayanat-OCIBackend\node_modules\nodemailer\lib\smtp-connection\index.js:1540:18)
    at SMTPConnection._processResponse (C:\Users\Hritik.s\Documents\GitHub\Bayanat-OCIBackend\node_modules\nodemailer\lib\smtp-connection\index.js:991:20)
    at SMTPConnection._onData (C:\Users\Hritik.s\Documents\GitHub\Bayanat-OCIBackend\node_modules\nodemailer\lib\smtp-connection\index.js:772:14)
    at TLSSocket.SMTPConnection._onSocketData (C:\Users\Hritik.s\Documents\GitHub\Bayanat-OCIBackend\node_modules\nodemailer\lib\smtp-connection\index.js:195:44)
    at TLSSocket.emit (node:events:518:28)
    at TLSSocket.emit (node:domain:489:12)
    at addChunk (node:internal/streams/readable:561:12)
    at readableAddChunkPushByteMode (node:internal/streams/readable:512:3)
2026-08-18 10:54:16 [[31merror[39m]: [NOTIFY] ❌ Failed to send email for event: TRANSACTION_COMPLETED Invalid login: 535 5.7.139 Authentication unsuccessful, the user credentials were incorrect. [DX0P273CA0027.AREP273.PROD.OUTLOOK.COM 2026-08-18T05:24:16.874Z 08DEFCCF22AEA917] 
Error: Invalid login: 535 5.7.139 Authentication unsuccessful, the user credentials were incorrect. [DX0P273CA0027.AREP273.PROD.OUTLOOK.COM 2026-08-18T05:24:16.874Z 08DEFCCF22AEA917]
    at SMTPConnection._formatError (C:\Users\Hritik.s\Documents\GitHub\Bayanat-OCIBackend\node_modules\nodemailer\lib\smtp-connection\index.js:807:19)
    at SMTPConnection._actionAUTHComplete (C:\Users\Hritik.s\Documents\GitHub\Bayanat-OCIBackend\node_modules\nodemailer\lib\smtp-connection\index.js:1586:34)
    at SMTPConnection.<anonymous> (C:\Users\Hritik.s\Documents\GitHub\Bayanat-OCIBackend\node_modules\nodemailer\lib\smtp-connection\index.js:1540:18)
    at SMTPConnection._processResponse (C:\Users\Hritik.s\Documents\GitHub\Bayanat-OCIBackend\node_modules\nodemailer\lib\smtp-connection\index.js:991:20)
    at SMTPConnection._onData (C:\Users\Hritik.s\Documents\GitHub\Bayanat-OCIBackend\node_modules\nodemailer\lib\smtp-connection\index.js:772:14)
    at TLSSocket.SMTPConnection._onSocketData (C:\Users\Hritik.s\Documents\GitHub\Bayanat-OCIBackend\node_modules\nodemailer\lib\smtp-connection\index.js:195:44)
    at TLSSocket.emit (node:events:518:28)
    at TLSSocket.emit (node:domain:489:12)
    at addChunk (node:internal/streams/readable:561:12)
    at readableAddChunkPushByteMode (node:internal/streams/readable:512:3)
2026-08-18 10:54:24 [[31merror[39m]: [NOTIFY] ❌ Failed to send email for event: TRANSACTION_COMPLETED Invalid login: 535 5.7.139 Authentication unsuccessful, the user credentials were incorrect. [DX0P273CA0083.AREP273.PROD.OUTLOOK.COM 2026-08-18T05:24:24.973Z 08DEFA813610567B] 
Error: Invalid login: 535 5.7.139 Authentication unsuccessful, the user credentials were incorrect. [DX0P273CA0083.AREP273.PROD.OUTLOOK.COM 2026-08-18T05:24:24.973Z 08DEFA813610567B]
    at SMTPConnection._formatError (C:\Users\Hritik.s\Documents\GitHub\Bayanat-OCIBackend\node_modules\nodemailer\lib\smtp-connection\index.js:807:19)
    at SMTPConnection._actionAUTHComplete (C:\Users\Hritik.s\Documents\GitHub\Bayanat-OCIBackend\node_modules\nodemailer\lib\smtp-connection\index.js:1586:34)
    at SMTPConnection.<anonymous> (C:\Users\Hritik.s\Documents\GitHub\Bayanat-OCIBackend\node_modules\nodemailer\lib\smtp-connection\index.js:1540:18)
    at SMTPConnection._processResponse (C:\Users\Hritik.s\Documents\GitHub\Bayanat-OCIBackend\node_modules\nodemailer\lib\smtp-connection\index.js:991:20)
    at SMTPConnection._onData (C:\Users\Hritik.s\Documents\GitHub\Bayanat-OCIBackend\node_modules\nodemailer\lib\smtp-connection\index.js:772:14)
    at TLSSocket.SMTPConnection._onSocketData (C:\Users\Hritik.s\Documents\GitHub\Bayanat-OCIBackend\node_modules\nodemailer\lib\smtp-connection\index.js:195:44)
    at TLSSocket.emit (node:events:518:28)
    at TLSSocket.emit (node:domain:489:12)
    at addChunk (node:internal/streams/readable:561:12)
    at readableAddChunkPushByteMode (node:internal/streams/readable:512:3)
2026-08-18 10:54:32 [[31merror[39m]: [NOTIFY] ❌ Failed to send email for event: TRANSACTION_COMPLETED Invalid login: 535 5.7.139 Authentication unsuccessful, the user credentials were incorrect. [DX0P273CA0053.AREP273.PROD.OUTLOOK.COM 2026-08-18T05:24:32.479Z 08DEFAAB20479891] 
Error: Invalid login: 535 5.7.139 Authentication unsuccessful, the user credentials were incorrect. [DX0P273CA0053.AREP273.PROD.OUTLOOK.COM 2026-08-18T05:24:32.479Z 08DEFAAB20479891]
    at SMTPConnection._formatError (C:\Users\Hritik.s\Documents\GitHub\Bayanat-OCIBackend\node_modules\nodemailer\lib\smtp-connection\index.js:807:19)
    at SMTPConnection._actionAUTHComplete (C:\Users\Hritik.s\Documents\GitHub\Bayanat-OCIBackend\node_modules\nodemailer\lib\smtp-connection\index.js:1586:34)
    at SMTPConnection.<anonymous> (C:\Users\Hritik.s\Documents\GitHub\Bayanat-OCIBackend\node_modules\nodemailer\lib\smtp-connection\index.js:1540:18)
    at SMTPConnection._processResponse (C:\Users\Hritik.s\Documents\GitHub\Bayanat-OCIBackend\node_modules\nodemailer\lib\smtp-connection\index.js:991:20)
    at SMTPConnection._onData (C:\Users\Hritik.s\Documents\GitHub\Bayanat-OCIBackend\node_modules\nodemailer\lib\smtp-connection\index.js:772:14)
    at TLSSocket.SMTPConnection._onSocketData (C:\Users\Hritik.s\Documents\GitHub\Bayanat-OCIBackend\node_modules\nodemailer\lib\smtp-connection\index.js:195:44)
    at TLSSocket.emit (node:events:518:28)
    at TLSSocket.emit (node:domain:489:12)
    at addChunk (node:internal/streams/readable:561:12)
    at readableAddChunkPushByteMode (node:internal/streams/readable:512:3)
2026-08-18 10:54:33 [[31merror[39m]: [BTIND_TENANT] Error in notification scheduler tenant loop: ORA-00942: table or view does not exist 
Error: ORA-00942: table or view does not exist
    at async Function.executeInTenant (C:\Users\Hritik.s\Documents\GitHub\Bayanat-OCIBackend\src\database\TenantManager.ts:295:22)
    at async C:\Users\Hritik.s\Documents\GitHub\Bayanat-OCIBackend\src\scheduler\notificationEmail.scheduler.ts:113:26
    at async C:\Users\Hritik.s\Documents\GitHub\Bayanat-OCIBackend\src\database\TenantManager.ts:372:25
2026-08-18 10:56:00 [[31merror[39m]: [CUSTOMERBK_TENANT] Error in notification scheduler tenant loop: ORA-00942: table or view does not exist 
Error: ORA-00942: table or view does not exist
    at async Function.executeInTenant (C:\Users\Hritik.s\Documents\GitHub\Bayanat-OCIBackend\src\database\TenantManager.ts:295:22)
    at async C:\Users\Hritik.s\Documents\GitHub\Bayanat-OCIBackend\src\scheduler\notificationEmail.scheduler.ts:113:26
    at async C:\Users\Hritik.s\Documents\GitHub\Bayanat-OCIBackend\src\database\TenantManager.ts:372:25
2026-08-18 10:56:01 [[31merror[39m]: [BTIND_TENANT] Error in notification scheduler tenant loop: ORA-00942: table or view does not exist 
Error: ORA-00942: table or view does not exist
    at async Function.executeInTenant (C:\Users\Hritik.s\Documents\GitHub\Bayanat-OCIBackend\src\database\TenantManager.ts:295:22)
    at async C:\Users\Hritik.s\Documents\GitHub\Bayanat-OCIBackend\src\scheduler\notificationEmail.scheduler.ts:113:26
    at async C:\Users\Hritik.s\Documents\GitHub\Bayanat-OCIBackend\src\database\TenantManager.ts:372:25
2026-08-18 10:58:00 [[31merror[39m]: [CUSTOMERBK_TENANT] Error in notification scheduler tenant loop: ORA-00942: table or view does not exist 
Error: ORA-00942: table or view does not exist
    at async Function.executeInTenant (C:\Users\Hritik.s\Documents\GitHub\Bayanat-OCIBackend\src\database\TenantManager.ts:295:22)
    at async C:\Users\Hritik.s\Documents\GitHub\Bayanat-OCIBackend\src\scheduler\notificationEmail.scheduler.ts:113:26
    at async C:\Users\Hritik.s\Documents\GitHub\Bayanat-OCIBackend\src\database\TenantManager.ts:372:25
2026-08-18 10:58:02 [[31merror[39m]: [BTIND_TENANT] Error in notification scheduler tenant loop: ORA-00942: table or view does not exist 
Error: ORA-00942: table or view does not exist
    at async Function.executeInTenant (C:\Users\Hritik.s\Documents\GitHub\Bayanat-OCIBackend\src\database\TenantManager.ts:295:22)
    at async C:\Users\Hritik.s\Documents\GitHub\Bayanat-OCIBackend\src\scheduler\notificationEmail.scheduler.ts:113:26
    at async C:\Users\Hritik.s\Documents\GitHub\Bayanat-OCIBackend\src\database\TenantManager.ts:372:25
2026-08-18 11:00:01 [[31merror[39m]: [CUSTOMERBK_TENANT] Error in notification scheduler tenant loop: ORA-00942: table or view does not exist 
Error: ORA-00942: table or view does not exist
    at async Function.executeInTenant (C:\Users\Hritik.s\Documents\GitHub\Bayanat-OCIBackend\src\database\TenantManager.ts:295:22)
    at async C:\Users\Hritik.s\Documents\GitHub\Bayanat-OCIBackend\src\scheduler\notificationEmail.scheduler.ts:113:26
    at async C:\Users\Hritik.s\Documents\GitHub\Bayanat-OCIBackend\src\database\TenantManager.ts:372:25
2026-08-18 11:00:02 [[31merror[39m]: [BTIND_TENANT] Error in notification scheduler tenant loop: ORA-00942: table or view does not exist 
Error: ORA-00942: table or view does not exist
    at async Function.executeInTenant (C:\Users\Hritik.s\Documents\GitHub\Bayanat-OCIBackend\src\database\TenantManager.ts:295:22)
    at async C:\Users\Hritik.s\Documents\GitHub\Bayanat-OCIBackend\src\scheduler\notificationEmail.scheduler.ts:113:26
    at async C:\Users\Hritik.s\Documents\GitHub\Bayanat-OCIBackend\src\database\TenantManager.ts:372:25
2026-08-18 11:02:00 [[31merror[39m]: [CUSTOMERBK_TENANT] Error in notification scheduler tenant loop: ORA-00942: table or view does not exist 
Error: ORA-00942: table or view does not exist
    at async Function.executeInTenant (C:\Users\Hritik.s\Documents\GitHub\Bayanat-OCIBackend\src\database\TenantManager.ts:295:22)
    at async C:\Users\Hritik.s\Documents\GitHub\Bayanat-OCIBackend\src\scheduler\notificationEmail.scheduler.ts:113:26
    at async C:\Users\Hritik.s\Documents\GitHub\Bayanat-OCIBackend\src\database\TenantManager.ts:372:25
2026-08-18 11:02:01 [[31merror[39m]: [BTIND_TENANT] Error in notification scheduler tenant loop: ORA-00942: table or view does not exist 
Error: ORA-00942: table or view does not exist
    at async Function.executeInTenant (C:\Users\Hritik.s\Documents\GitHub\Bayanat-OCIBackend\src\database\TenantManager.ts:295:22)
    at async C:\Users\Hritik.s\Documents\GitHub\Bayanat-OCIBackend\src\scheduler\notificationEmail.scheduler.ts:113:26
    at async C:\Users\Hritik.s\Documents\GitHub\Bayanat-OCIBackend\src\database\TenantManager.ts:372:25
2026-08-18 11:04:01 [[31merror[39m]: [CUSTOMERBK_TENANT] Error in notification scheduler tenant loop: ORA-00942: table or view does not exist 
Error: ORA-00942: table or view does not exist
    at async Function.executeInTenant (C:\Users\Hritik.s\Documents\GitHub\Bayanat-OCIBackend\src\database\TenantManager.ts:295:22)
    at async C:\Users\Hritik.s\Documents\GitHub\Bayanat-OCIBackend\src\scheduler\notificationEmail.scheduler.ts:113:26
    at async C:\Users\Hritik.s\Documents\GitHub\Bayanat-OCIBackend\src\database\TenantManager.ts:372:25
2026-08-18 11:04:02 [[31merror[39m]: [BTIND_TENANT] Error in notification scheduler tenant loop: ORA-00942: table or view does not exist 
Error: ORA-00942: table or view does not exist
    at async Function.executeInTenant (C:\Users\Hritik.s\Documents\GitHub\Bayanat-OCIBackend\src\database\TenantManager.ts:295:22)
    at async C:\Users\Hritik.s\Documents\GitHub\Bayanat-OCIBackend\src\scheduler\notificationEmail.scheduler.ts:113:26
    at async C:\Users\Hritik.s\Documents\GitHub\Bayanat-OCIBackend\src\database\TenantManager.ts:372:25
2026-08-18 11:06:00 [[31merror[39m]: [CUSTOMERBK_TENANT] Error in notification scheduler tenant loop: ORA-00942: table or view does not exist 
Error: ORA-00942: table or view does not exist
    at async Function.executeInTenant (C:\Users\Hritik.s\Documents\GitHub\Bayanat-OCIBackend\src\database\TenantManager.ts:295:22)
    at async C:\Users\Hritik.s\Documents\GitHub\Bayanat-OCIBackend\src\scheduler\notificationEmail.scheduler.ts:113:26
    at async C:\Users\Hritik.s\Documents\GitHub\Bayanat-OCIBackend\src\database\TenantManager.ts:372:25
2026-08-18 11:06:01 [[31merror[39m]: [BTIND_TENANT] Error in notification scheduler tenant loop: ORA-00942: table or view does not exist 
Error: ORA-00942: table or view does not exist
    at async Function.executeInTenant (C:\Users\Hritik.s\Documents\GitHub\Bayanat-OCIBackend\src\database\TenantManager.ts:295:22)
    at async C:\Users\Hritik.s\Documents\GitHub\Bayanat-OCIBackend\src\scheduler\notificationEmail.scheduler.ts:113:26
    at async C:\Users\Hritik.s\Documents\GitHub\Bayanat-OCIBackend\src\database\TenantManager.ts:372:25
2026-08-18 11:08:00 [[31merror[39m]: [CUSTOMERBK_TENANT] Error in notification scheduler tenant loop: ORA-00942: table or view does not exist 
Error: ORA-00942: table or view does not exist
    at async Function.executeInTenant (C:\Users\Hritik.s\Documents\GitHub\Bayanat-OCIBackend\src\database\TenantManager.ts:295:22)
    at async C:\Users\Hritik.s\Documents\GitHub\Bayanat-OCIBackend\src\scheduler\notificationEmail.scheduler.ts:113:26
    at async C:\Users\Hritik.s\Documents\GitHub\Bayanat-OCIBackend\src\database\TenantManager.ts:372:25
2026-08-18 11:08:01 [[31merror[39m]: [BTIND_TENANT] Error in notification scheduler tenant loop: ORA-00942: table or view does not exist 
Error: ORA-00942: table or view does not exist
    at async Function.executeInTenant (C:\Users\Hritik.s\Documents\GitHub\Bayanat-OCIBackend\src\database\TenantManager.ts:295:22)
    at async C:\Users\Hritik.s\Documents\GitHub\Bayanat-OCIBackend\src\scheduler\notificationEmail.scheduler.ts:113:26
    at async C:\Users\Hritik.s\Documents\GitHub\Bayanat-OCIBackend\src\database\TenantManager.ts:372:25
2026-08-18 11:10:00 [[31merror[39m]: [CUSTOMERBK_TENANT] Error in notification scheduler tenant loop: ORA-00942: table or view does not exist 
Error: ORA-00942: table or view does not exist
    at async Function.executeInTenant (C:\Users\Hritik.s\Documents\GitHub\Bayanat-OCIBackend\src\database\TenantManager.ts:295:22)
    at async C:\Users\Hritik.s\Documents\GitHub\Bayanat-OCIBackend\src\scheduler\notificationEmail.scheduler.ts:113:26
    at async C:\Users\Hritik.s\Documents\GitHub\Bayanat-OCIBackend\src\database\TenantManager.ts:372:25
2026-08-18 11:10:01 [[31merror[39m]: [BTIND_TENANT] Error in notification scheduler tenant loop: ORA-00942: table or view does not exist 
Error: ORA-00942: table or view does not exist
    at async Function.executeInTenant (C:\Users\Hritik.s\Documents\GitHub\Bayanat-OCIBackend\src\database\TenantManager.ts:295:22)
    at async C:\Users\Hritik.s\Documents\GitHub\Bayanat-OCIBackend\src\scheduler\notificationEmail.scheduler.ts:113:26
    at async C:\Users\Hritik.s\Documents\GitHub\Bayanat-OCIBackend\src\database\TenantManager.ts:372:25
2026-08-18 11:12:00 [[31merror[39m]: [CUSTOMERBK_TENANT] Error in notification scheduler tenant loop: ORA-00942: table or view does not exist 
Error: ORA-00942: table or view does not exist
    at async Function.executeInTenant (C:\Users\Hritik.s\Documents\GitHub\Bayanat-OCIBackend\src\database\TenantManager.ts:295:22)
    at async C:\Users\Hritik.s\Documents\GitHub\Bayanat-OCIBackend\src\scheduler\notificationEmail.scheduler.ts:113:26
    at async C:\Users\Hritik.s\Documents\GitHub\Bayanat-OCIBackend\src\database\TenantManager.ts:372:25
2026-08-18 11:12:01 [[31merror[39m]: [BTIND_TENANT] Error in notification scheduler tenant loop: ORA-00942: table or view does not exist 
Error: ORA-00942: table or view does not exist
    at async Function.executeInTenant (C:\Users\Hritik.s\Documents\GitHub\Bayanat-OCIBackend\src\database\TenantManager.ts:295:22)
    at async C:\Users\Hritik.s\Documents\GitHub\Bayanat-OCIBackend\src\scheduler\notificationEmail.scheduler.ts:113:26
    at async C:\Users\Hritik.s\Documents\GitHub\Bayanat-OCIBackend\src\database\TenantManager.ts:372:25
2026-08-18 11:14:01 [[31merror[39m]: [CUSTOMERBK_TENANT] Error in notification scheduler tenant loop: ORA-00942: table or view does not exist 
Error: ORA-00942: table or view does not exist
    at async Function.executeInTenant (C:\Users\Hritik.s\Documents\GitHub\Bayanat-OCIBackend\src\database\TenantManager.ts:295:22)
    at async C:\Users\Hritik.s\Documents\GitHub\Bayanat-OCIBackend\src\scheduler\notificationEmail.scheduler.ts:113:26
    at async C:\Users\Hritik.s\Documents\GitHub\Bayanat-OCIBackend\src\database\TenantManager.ts:372:25
2026-08-18 11:14:03 [[31merror[39m]: [BTIND_TENANT] Error in notification scheduler tenant loop: ORA-00942: table or view does not exist 
Error: ORA-00942: table or view does not exist
    at async Function.executeInTenant (C:\Users\Hritik.s\Documents\GitHub\Bayanat-OCIBackend\src\database\TenantManager.ts:295:22)
    at async C:\Users\Hritik.s\Documents\GitHub\Bayanat-OCIBackend\src\scheduler\notificationEmail.scheduler.ts:113:26
    at async C:\Users\Hritik.s\Documents\GitHub\Bayanat-OCIBackend\src\database\TenantManager.ts:372:25
2026-08-18 11:16:00 [[31merror[39m]: [CUSTOMERBK_TENANT] Error in notification scheduler tenant loop: ORA-00942: table or view does not exist 
Error: ORA-00942: table or view does not exist
    at async Function.executeInTenant (C:\Users\Hritik.s\Documents\GitHub\Bayanat-OCIBackend\src\database\TenantManager.ts:295:22)
    at async C:\Users\Hritik.s\Documents\GitHub\Bayanat-OCIBackend\src\scheduler\notificationEmail.scheduler.ts:113:26
    at async C:\Users\Hritik.s\Documents\GitHub\Bayanat-OCIBackend\src\database\TenantManager.ts:372:25
2026-08-18 11:16:01 [[31merror[39m]: [BTIND_TENANT] Error in notification scheduler tenant loop: ORA-00942: table or view does not exist 
Error: ORA-00942: table or view does not exist
    at async Function.executeInTenant (C:\Users\Hritik.s\Documents\GitHub\Bayanat-OCIBackend\src\database\TenantManager.ts:295:22)
    at async C:\Users\Hritik.s\Documents\GitHub\Bayanat-OCIBackend\src\scheduler\notificationEmail.scheduler.ts:113:26
    at async C:\Users\Hritik.s\Documents\GitHub\Bayanat-OCIBackend\src\database\TenantManager.ts:372:25
2026-08-18 11:18:02 [[31merror[39m]: [CUSTOMERBK_TENANT] Error in notification scheduler tenant loop: ORA-00942: table or view does not exist 
Error: ORA-00942: table or view does not exist
    at async Function.executeInTenant (C:\Users\Hritik.s\Documents\GitHub\Bayanat-OCIBackend\src\database\TenantManager.ts:295:22)
    at async C:\Users\Hritik.s\Documents\GitHub\Bayanat-OCIBackend\src\scheduler\notificationEmail.scheduler.ts:113:26
    at async C:\Users\Hritik.s\Documents\GitHub\Bayanat-OCIBackend\src\database\TenantManager.ts:372:25
2026-08-18 11:18:03 [[31merror[39m]: [BTIND_TENANT] Error in notification scheduler tenant loop: ORA-00942: table or view does not exist 
Error: ORA-00942: table or view does not exist
    at async Function.executeInTenant (C:\Users\Hritik.s\Documents\GitHub\Bayanat-OCIBackend\src\database\TenantManager.ts:295:22)
    at async C:\Users\Hritik.s\Documents\GitHub\Bayanat-OCIBackend\src\scheduler\notificationEmail.scheduler.ts:113:26
    at async C:\Users\Hritik.s\Documents\GitHub\Bayanat-OCIBackend\src\database\TenantManager.ts:372:25
2026-08-18 11:20:00 [[31merror[39m]: [CUSTOMERBK_TENANT] Error in notification scheduler tenant loop: ORA-00942: table or view does not exist 
Error: ORA-00942: table or view does not exist
    at async Function.executeInTenant (C:\Users\Hritik.s\Documents\GitHub\Bayanat-OCIBackend\src\database\TenantManager.ts:295:22)
    at async C:\Users\Hritik.s\Documents\GitHub\Bayanat-OCIBackend\src\scheduler\notificationEmail.scheduler.ts:113:26
    at async C:\Users\Hritik.s\Documents\GitHub\Bayanat-OCIBackend\src\database\TenantManager.ts:372:25
2026-08-18 11:20:01 [[31merror[39m]: [BTIND_TENANT] Error in notification scheduler tenant loop: ORA-00942: table or view does not exist 
Error: ORA-00942: table or view does not exist
    at async Function.executeInTenant (C:\Users\Hritik.s\Documents\GitHub\Bayanat-OCIBackend\src\database\TenantManager.ts:295:22)
    at async C:\Users\Hritik.s\Documents\GitHub\Bayanat-OCIBackend\src\scheduler\notificationEmail.scheduler.ts:113:26
    at async C:\Users\Hritik.s\Documents\GitHub\Bayanat-OCIBackend\src\database\TenantManager.ts:372:25
2026-08-18 11:22:02 [[31merror[39m]: [CUSTOMERBK_TENANT] Error in notification scheduler tenant loop: ORA-00942: table or view does not exist 
Error: ORA-00942: table or view does not exist
    at async Function.executeInTenant (C:\Users\Hritik.s\Documents\GitHub\Bayanat-OCIBackend\src\database\TenantManager.ts:295:22)
    at async C:\Users\Hritik.s\Documents\GitHub\Bayanat-OCIBackend\src\scheduler\notificationEmail.scheduler.ts:113:26
    at async C:\Users\Hritik.s\Documents\GitHub\Bayanat-OCIBackend\src\database\TenantManager.ts:372:25
2026-08-18 11:22:04 [[31merror[39m]: [BTIND_TENANT] Error in notification scheduler tenant loop: ORA-00942: table or view does not exist 
Error: ORA-00942: table or view does not exist
    at async Function.executeInTenant (C:\Users\Hritik.s\Documents\GitHub\Bayanat-OCIBackend\src\database\TenantManager.ts:295:22)
    at async C:\Users\Hritik.s\Documents\GitHub\Bayanat-OCIBackend\src\scheduler\notificationEmail.scheduler.ts:113:26
    at async C:\Users\Hritik.s\Documents\GitHub\Bayanat-OCIBackend\src\database\TenantManager.ts:372:25
2026-08-18 11:24:00 [[31merror[39m]: [CUSTOMERBK_TENANT] Error in notification scheduler tenant loop: ORA-00942: table or view does not exist 
Error: ORA-00942: table or view does not exist
    at async Function.executeInTenant (C:\Users\Hritik.s\Documents\GitHub\Bayanat-OCIBackend\src\database\TenantManager.ts:295:22)
    at async C:\Users\Hritik.s\Documents\GitHub\Bayanat-OCIBackend\src\scheduler\notificationEmail.scheduler.ts:113:26
    at async C:\Users\Hritik.s\Documents\GitHub\Bayanat-OCIBackend\src\database\TenantManager.ts:372:25
2026-08-18 11:24:01 [[31merror[39m]: [BTIND_TENANT] Error in notification scheduler tenant loop: ORA-00942: table or view does not exist 
Error: ORA-00942: table or view does not exist
    at async Function.executeInTenant (C:\Users\Hritik.s\Documents\GitHub\Bayanat-OCIBackend\src\database\TenantManager.ts:295:22)
    at async C:\Users\Hritik.s\Documents\GitHub\Bayanat-OCIBackend\src\scheduler\notificationEmail.scheduler.ts:113:26
    at async C:\Users\Hritik.s\Documents\GitHub\Bayanat-OCIBackend\src\database\TenantManager.ts:372:25
2026-08-18 11:26:00 [[31merror[39m]: [CUSTOMERBK_TENANT] Error in notification scheduler tenant loop: ORA-00942: table or view does not exist 
Error: ORA-00942: table or view does not exist
    at async Function.executeInTenant (C:\Users\Hritik.s\Documents\GitHub\Bayanat-OCIBackend\src\database\TenantManager.ts:295:22)
    at async C:\Users\Hritik.s\Documents\GitHub\Bayanat-OCIBackend\src\scheduler\notificationEmail.scheduler.ts:113:26
    at async C:\Users\Hritik.s\Documents\GitHub\Bayanat-OCIBackend\src\database\TenantManager.ts:372:25
2026-08-18 11:26:01 [[31merror[39m]: [BTIND_TENANT] Error in notification scheduler tenant loop: ORA-00942: table or view does not exist 
Error: ORA-00942: table or view does not exist
    at async Function.executeInTenant (C:\Users\Hritik.s\Documents\GitHub\Bayanat-OCIBackend\src\database\TenantManager.ts:295:22)
    at async C:\Users\Hritik.s\Documents\GitHub\Bayanat-OCIBackend\src\scheduler\notificationEmail.scheduler.ts:113:26
    at async C:\Users\Hritik.s\Documents\GitHub\Bayanat-OCIBackend\src\database\TenantManager.ts:372:25
2026-08-18 11:28:01 [[31merror[39m]: [CUSTOMERBK_TENANT] Error in notification scheduler tenant loop: ORA-00942: table or view does not exist 
Error: ORA-00942: table or view does not exist
    at async Function.executeInTenant (C:\Users\Hritik.s\Documents\GitHub\Bayanat-OCIBackend\src\database\TenantManager.ts:295:22)
    at async C:\Users\Hritik.s\Documents\GitHub\Bayanat-OCIBackend\src\scheduler\notificationEmail.scheduler.ts:113:26
    at async C:\Users\Hritik.s\Documents\GitHub\Bayanat-OCIBackend\src\database\TenantManager.ts:372:25
2026-08-18 11:28:03 [[31merror[39m]: [BTIND_TENANT] Error in notification scheduler tenant loop: ORA-00942: table or view does not exist 
Error: ORA-00942: table or view does not exist
    at async Function.executeInTenant (C:\Users\Hritik.s\Documents\GitHub\Bayanat-OCIBackend\src\database\TenantManager.ts:295:22)
    at async C:\Users\Hritik.s\Documents\GitHub\Bayanat-OCIBackend\src\scheduler\notificationEmail.scheduler.ts:113:26
    at async C:\Users\Hritik.s\Documents\GitHub\Bayanat-OCIBackend\src\database\TenantManager.ts:372:25
2026-08-18 11:30:00 [[31merror[39m]: [CUSTOMERBK_TENANT] Error in notification scheduler tenant loop: ORA-00942: table or view does not exist 
Error: ORA-00942: table or view does not exist
    at async Function.executeInTenant (C:\Users\Hritik.s\Documents\GitHub\Bayanat-OCIBackend\src\database\TenantManager.ts:295:22)
    at async C:\Users\Hritik.s\Documents\GitHub\Bayanat-OCIBackend\src\scheduler\notificationEmail.scheduler.ts:113:26
    at async C:\Users\Hritik.s\Documents\GitHub\Bayanat-OCIBackend\src\database\TenantManager.ts:372:25
2026-08-18 11:30:02 [[31merror[39m]: [BTIND_TENANT] Error in notification scheduler tenant loop: ORA-00942: table or view does not exist 
Error: ORA-00942: table or view does not exist
    at async Function.executeInTenant (C:\Users\Hritik.s\Documents\GitHub\Bayanat-OCIBackend\src\database\TenantManager.ts:295:22)
    at async C:\Users\Hritik.s\Documents\GitHub\Bayanat-OCIBackend\src\scheduler\notificationEmail.scheduler.ts:113:26
    at async C:\Users\Hritik.s\Documents\GitHub\Bayanat-OCIBackend\src\database\TenantManager.ts:372:25
2026-08-18 11:32:00 [[31merror[39m]: [CUSTOMERBK_TENANT] Error in notification scheduler tenant loop: ORA-00942: table or view does not exist 
Error: ORA-00942: table or view does not exist
    at async Function.executeInTenant (C:\Users\Hritik.s\Documents\GitHub\Bayanat-OCIBackend\src\database\TenantManager.ts:295:22)
    at async C:\Users\Hritik.s\Documents\GitHub\Bayanat-OCIBackend\src\scheduler\notificationEmail.scheduler.ts:113:26
    at async C:\Users\Hritik.s\Documents\GitHub\Bayanat-OCIBackend\src\database\TenantManager.ts:372:25
2026-08-18 11:32:01 [[31merror[39m]: [BTIND_TENANT] Error in notification scheduler tenant loop: ORA-00942: table or view does not exist 
Error: ORA-00942: table or view does not exist
    at async Function.executeInTenant (C:\Users\Hritik.s\Documents\GitHub\Bayanat-OCIBackend\src\database\TenantManager.ts:295:22)
    at async C:\Users\Hritik.s\Documents\GitHub\Bayanat-OCIBackend\src\scheduler\notificationEmail.scheduler.ts:113:26
    at async C:\Users\Hritik.s\Documents\GitHub\Bayanat-OCIBackend\src\database\TenantManager.ts:372:25
2026-08-18 11:34:00 [[31merror[39m]: [CUSTOMERBK_TENANT] Error in notification scheduler tenant loop: ORA-00942: table or view does not exist 
Error: ORA-00942: table or view does not exist
    at async Function.executeInTenant (C:\Users\Hritik.s\Documents\GitHub\Bayanat-OCIBackend\src\database\TenantManager.ts:295:22)
    at async C:\Users\Hritik.s\Documents\GitHub\Bayanat-OCIBackend\src\scheduler\notificationEmail.scheduler.ts:113:26
    at async C:\Users\Hritik.s\Documents\GitHub\Bayanat-OCIBackend\src\database\TenantManager.ts:372:25
2026-08-18 11:34:01 [[31merror[39m]: [BTIND_TENANT] Error in notification scheduler tenant loop: ORA-00942: table or view does not exist 
Error: ORA-00942: table or view does not exist
    at async Function.executeInTenant (C:\Users\Hritik.s\Documents\GitHub\Bayanat-OCIBackend\src\database\TenantManager.ts:295:22)
    at async C:\Users\Hritik.s\Documents\GitHub\Bayanat-OCIBackend\src\scheduler\notificationEmail.scheduler.ts:113:26
    at async C:\Users\Hritik.s\Documents\GitHub\Bayanat-OCIBackend\src\database\TenantManager.ts:372:25
2026-08-18 11:36:00 [[31merror[39m]: [CUSTOMERBK_TENANT] Error in notification scheduler tenant loop: ORA-00942: table or view does not exist 
Error: ORA-00942: table or view does not exist
    at async Function.executeInTenant (C:\Users\Hritik.s\Documents\GitHub\Bayanat-OCIBackend\src\database\TenantManager.ts:295:22)
    at async C:\Users\Hritik.s\Documents\GitHub\Bayanat-OCIBackend\src\scheduler\notificationEmail.scheduler.ts:113:26
    at async C:\Users\Hritik.s\Documents\GitHub\Bayanat-OCIBackend\src\database\TenantManager.ts:372:25
2026-08-18 11:36:03 [[31merror[39m]: [BTIND_TENANT] Error in notification scheduler tenant loop: ORA-00942: table or view does not exist 
Error: ORA-00942: table or view does not exist
    at async Function.executeInTenant (C:\Users\Hritik.s\Documents\GitHub\Bayanat-OCIBackend\src\database\TenantManager.ts:295:22)
    at async C:\Users\Hritik.s\Documents\GitHub\Bayanat-OCIBackend\src\scheduler\notificationEmail.scheduler.ts:113:26
    at async C:\Users\Hritik.s\Documents\GitHub\Bayanat-OCIBackend\src\database\TenantManager.ts:372:25
2026-08-18 11:38:00 [[31merror[39m]: [CUSTOMERBK_TENANT] Error in notification scheduler tenant loop: ORA-00942: table or view does not exist 
Error: ORA-00942: table or view does not exist
    at async Function.executeInTenant (C:\Users\Hritik.s\Documents\GitHub\Bayanat-OCIBackend\src\database\TenantManager.ts:295:22)
    at async C:\Users\Hritik.s\Documents\GitHub\Bayanat-OCIBackend\src\scheduler\notificationEmail.scheduler.ts:113:26
    at async C:\Users\Hritik.s\Documents\GitHub\Bayanat-OCIBackend\src\database\TenantManager.ts:372:25
2026-08-18 11:38:01 [[31merror[39m]: [BTIND_TENANT] Error in notification scheduler tenant loop: ORA-00942: table or view does not exist 
Error: ORA-00942: table or view does not exist
    at async Function.executeInTenant (C:\Users\Hritik.s\Documents\GitHub\Bayanat-OCIBackend\src\database\TenantManager.ts:295:22)
    at async C:\Users\Hritik.s\Documents\GitHub\Bayanat-OCIBackend\src\scheduler\notificationEmail.scheduler.ts:113:26
    at async C:\Users\Hritik.s\Documents\GitHub\Bayanat-OCIBackend\src\database\TenantManager.ts:372:25
2026-08-18 11:40:00 [[31merror[39m]: [CUSTOMERBK_TENANT] Error in notification scheduler tenant loop: ORA-00942: table or view does not exist 
Error: ORA-00942: table or view does not exist
    at async Function.executeInTenant (C:\Users\Hritik.s\Documents\GitHub\Bayanat-OCIBackend\src\database\TenantManager.ts:295:22)
    at async C:\Users\Hritik.s\Documents\GitHub\Bayanat-OCIBackend\src\scheduler\notificationEmail.scheduler.ts:113:26
    at async C:\Users\Hritik.s\Documents\GitHub\Bayanat-OCIBackend\src\database\TenantManager.ts:372:25
2026-08-18 11:40:01 [[31merror[39m]: [BTIND_TENANT] Error in notification scheduler tenant loop: ORA-00942: table or view does not exist 
Error: ORA-00942: table or view does not exist
    at async Function.executeInTenant (C:\Users\Hritik.s\Documents\GitHub\Bayanat-OCIBackend\src\database\TenantManager.ts:295:22)
    at async C:\Users\Hritik.s\Documents\GitHub\Bayanat-OCIBackend\src\scheduler\notificationEmail.scheduler.ts:113:26
    at async C:\Users\Hritik.s\Documents\GitHub\Bayanat-OCIBackend\src\database\TenantManager.ts:372:25
2026-08-18 11:42:00 [[31merror[39m]: [CUSTOMERBK_TENANT] Error in notification scheduler tenant loop: ORA-00942: table or view does not exist 
Error: ORA-00942: table or view does not exist
    at async Function.executeInTenant (C:\Users\Hritik.s\Documents\GitHub\Bayanat-OCIBackend\src\database\TenantManager.ts:295:22)
    at async C:\Users\Hritik.s\Documents\GitHub\Bayanat-OCIBackend\src\scheduler\notificationEmail.scheduler.ts:113:26
    at async C:\Users\Hritik.s\Documents\GitHub\Bayanat-OCIBackend\src\database\TenantManager.ts:372:25
2026-08-18 11:42:01 [[31merror[39m]: [BTIND_TENANT] Error in notification scheduler tenant loop: ORA-00942: table or view does not exist 
Error: ORA-00942: table or view does not exist
    at async Function.executeInTenant (C:\Users\Hritik.s\Documents\GitHub\Bayanat-OCIBackend\src\database\TenantManager.ts:295:22)
    at async C:\Users\Hritik.s\Documents\GitHub\Bayanat-OCIBackend\src\scheduler\notificationEmail.scheduler.ts:113:26
    at async C:\Users\Hritik.s\Documents\GitHub\Bayanat-OCIBackend\src\database\TenantManager.ts:372:25
2026-08-18 11:44:00 [[31merror[39m]: [CUSTOMERBK_TENANT] Error in notification scheduler tenant loop: ORA-00942: table or view does not exist 
Error: ORA-00942: table or view does not exist
    at async Function.executeInTenant (C:\Users\Hritik.s\Documents\GitHub\Bayanat-OCIBackend\src\database\TenantManager.ts:295:22)
    at async C:\Users\Hritik.s\Documents\GitHub\Bayanat-OCIBackend\src\scheduler\notificationEmail.scheduler.ts:113:26
    at async C:\Users\Hritik.s\Documents\GitHub\Bayanat-OCIBackend\src\database\TenantManager.ts:372:25
2026-08-18 11:44:02 [[31merror[39m]: [BTIND_TENANT] Error in notification scheduler tenant loop: ORA-00942: table or view does not exist 
Error: ORA-00942: table or view does not exist
    at async Function.executeInTenant (C:\Users\Hritik.s\Documents\GitHub\Bayanat-OCIBackend\src\database\TenantManager.ts:295:22)
    at async C:\Users\Hritik.s\Documents\GitHub\Bayanat-OCIBackend\src\scheduler\notificationEmail.scheduler.ts:113:26
    at async C:\Users\Hritik.s\Documents\GitHub\Bayanat-OCIBackend\src\database\TenantManager.ts:372:25
2026-08-18 11:46:01 [[31merror[39m]: [CUSTOMERBK_TENANT] Error in notification scheduler tenant loop: ORA-00942: table or view does not exist 
Error: ORA-00942: table or view does not exist
    at async Function.executeInTenant (C:\Users\Hritik.s\Documents\GitHub\Bayanat-OCIBackend\src\database\TenantManager.ts:295:22)
    at async C:\Users\Hritik.s\Documents\GitHub\Bayanat-OCIBackend\src\scheduler\notificationEmail.scheduler.ts:113:26
    at async C:\Users\Hritik.s\Documents\GitHub\Bayanat-OCIBackend\src\database\TenantManager.ts:372:25
2026-08-18 11:46:02 [[31merror[39m]: [BTIND_TENANT] Error in notification scheduler tenant loop: ORA-00942: table or view does not exist 
Error: ORA-00942: table or view does not exist
    at async Function.executeInTenant (C:\Users\Hritik.s\Documents\GitHub\Bayanat-OCIBackend\src\database\TenantManager.ts:295:22)
    at async C:\Users\Hritik.s\Documents\GitHub\Bayanat-OCIBackend\src\scheduler\notificationEmail.scheduler.ts:113:26
    at async C:\Users\Hritik.s\Documents\GitHub\Bayanat-OCIBackend\src\database\TenantManager.ts:372:25
2026-08-18 11:48:00 [[31merror[39m]: [CUSTOMERBK_TENANT] Error in notification scheduler tenant loop: ORA-00942: table or view does not exist 
Error: ORA-00942: table or view does not exist
    at async Function.executeInTenant (C:\Users\Hritik.s\Documents\GitHub\Bayanat-OCIBackend\src\database\TenantManager.ts:295:22)
    at async C:\Users\Hritik.s\Documents\GitHub\Bayanat-OCIBackend\src\scheduler\notificationEmail.scheduler.ts:113:26
    at async C:\Users\Hritik.s\Documents\GitHub\Bayanat-OCIBackend\src\database\TenantManager.ts:372:25
2026-08-18 11:48:02 [[31merror[39m]: [BTIND_TENANT] Error in notification scheduler tenant loop: ORA-00942: table or view does not exist 
Error: ORA-00942: table or view does not exist
    at async Function.executeInTenant (C:\Users\Hritik.s\Documents\GitHub\Bayanat-OCIBackend\src\database\TenantManager.ts:295:22)
    at async C:\Users\Hritik.s\Documents\GitHub\Bayanat-OCIBackend\src\scheduler\notificationEmail.scheduler.ts:113:26
    at async C:\Users\Hritik.s\Documents\GitHub\Bayanat-OCIBackend\src\database\TenantManager.ts:372:25
2026-08-18 11:50:03 [[31merror[39m]: [CUSTOMERBK_TENANT] Error in notification scheduler tenant loop: ORA-00942: table or view does not exist 
Error: ORA-00942: table or view does not exist
    at async Function.executeInTenant (C:\Users\Hritik.s\Documents\GitHub\Bayanat-OCIBackend\src\database\TenantManager.ts:295:22)
    at async C:\Users\Hritik.s\Documents\GitHub\Bayanat-OCIBackend\src\scheduler\notificationEmail.scheduler.ts:113:26
    at async C:\Users\Hritik.s\Documents\GitHub\Bayanat-OCIBackend\src\database\TenantManager.ts:372:25
2026-08-18 11:50:08 [[31merror[39m]: [BTIND_TENANT] Error in notification scheduler tenant loop: ORA-00942: table or view does not exist 
Error: ORA-00942: table or view does not exist
    at async Function.executeInTenant (C:\Users\Hritik.s\Documents\GitHub\Bayanat-OCIBackend\src\database\TenantManager.ts:295:22)
    at async C:\Users\Hritik.s\Documents\GitHub\Bayanat-OCIBackend\src\scheduler\notificationEmail.scheduler.ts:113:26
    at async C:\Users\Hritik.s\Documents\GitHub\Bayanat-OCIBackend\src\database\TenantManager.ts:372:25
2026-08-18 11:52:01 [[31merror[39m]: [CUSTOMERBK_TENANT] Error in notification scheduler tenant loop: ORA-00942: table or view does not exist 
Error: ORA-00942: table or view does not exist
    at async Function.executeInTenant (C:\Users\Hritik.s\Documents\GitHub\Bayanat-OCIBackend\src\database\TenantManager.ts:295:22)
    at async C:\Users\Hritik.s\Documents\GitHub\Bayanat-OCIBackend\src\scheduler\notificationEmail.scheduler.ts:113:26
    at async C:\Users\Hritik.s\Documents\GitHub\Bayanat-OCIBackend\src\database\TenantManager.ts:372:25
2026-08-18 11:52:03 [[31merror[39m]: [BTIND_TENANT] Error in notification scheduler tenant loop: ORA-00942: table or view does not exist 
Error: ORA-00942: table or view does not exist
    at async Function.executeInTenant (C:\Users\Hritik.s\Documents\GitHub\Bayanat-OCIBackend\src\database\TenantManager.ts:295:22)
    at async C:\Users\Hritik.s\Documents\GitHub\Bayanat-OCIBackend\src\scheduler\notificationEmail.scheduler.ts:113:26
    at async C:\Users\Hritik.s\Documents\GitHub\Bayanat-OCIBackend\src\database\TenantManager.ts:372:25
2026-08-18 11:54:00 [[31merror[39m]: [CUSTOMERBK_TENANT] Error in notification scheduler tenant loop: ORA-00942: table or view does not exist 
Error: ORA-00942: table or view does not exist
    at async Function.executeInTenant (C:\Users\Hritik.s\Documents\GitHub\Bayanat-OCIBackend\src\database\TenantManager.ts:295:22)
    at async C:\Users\Hritik.s\Documents\GitHub\Bayanat-OCIBackend\src\scheduler\notificationEmail.scheduler.ts:113:26
    at async C:\Users\Hritik.s\Documents\GitHub\Bayanat-OCIBackend\src\database\TenantManager.ts:372:25
2026-08-18 11:54:01 [[31merror[39m]: [BTIND_TENANT] Error in notification scheduler tenant loop: ORA-00942: table or view does not exist 
Error: ORA-00942: table or view does not exist
    at async Function.executeInTenant (C:\Users\Hritik.s\Documents\GitHub\Bayanat-OCIBackend\src\database\TenantManager.ts:295:22)
    at async C:\Users\Hritik.s\Documents\GitHub\Bayanat-OCIBackend\src\scheduler\notificationEmail.scheduler.ts:113:26
    at async C:\Users\Hritik.s\Documents\GitHub\Bayanat-OCIBackend\src\database\TenantManager.ts:372:25
2026-08-18 11:56:00 [[31merror[39m]: [CUSTOMERBK_TENANT] Error in notification scheduler tenant loop: ORA-00942: table or view does not exist 
Error: ORA-00942: table or view does not exist
    at async Function.executeInTenant (C:\Users\Hritik.s\Documents\GitHub\Bayanat-OCIBackend\src\database\TenantManager.ts:295:22)
    at async C:\Users\Hritik.s\Documents\GitHub\Bayanat-OCIBackend\src\scheduler\notificationEmail.scheduler.ts:113:26
    at async C:\Users\Hritik.s\Documents\GitHub\Bayanat-OCIBackend\src\database\TenantManager.ts:372:25
2026-08-18 11:56:01 [[31merror[39m]: [BTIND_TENANT] Error in notification scheduler tenant loop: ORA-00942: table or view does not exist 
Error: ORA-00942: table or view does not exist
    at async Function.executeInTenant (C:\Users\Hritik.s\Documents\GitHub\Bayanat-OCIBackend\src\database\TenantManager.ts:295:22)
    at async C:\Users\Hritik.s\Documents\GitHub\Bayanat-OCIBackend\src\scheduler\notificationEmail.scheduler.ts:113:26
    at async C:\Users\Hritik.s\Documents\GitHub\Bayanat-OCIBackend\src\database\TenantManager.ts:372:25
2026-08-18 11:58:00 [[31merror[39m]: [CUSTOMERBK_TENANT] Error in notification scheduler tenant loop: ORA-00942: table or view does not exist 
Error: ORA-00942: table or view does not exist
    at async Function.executeInTenant (C:\Users\Hritik.s\Documents\GitHub\Bayanat-OCIBackend\src\database\TenantManager.ts:295:22)
    at async C:\Users\Hritik.s\Documents\GitHub\Bayanat-OCIBackend\src\scheduler\notificationEmail.scheduler.ts:113:26
    at async C:\Users\Hritik.s\Documents\GitHub\Bayanat-OCIBackend\src\database\TenantManager.ts:372:25
2026-08-18 11:58:01 [[31merror[39m]: [BTIND_TENANT] Error in notification scheduler tenant loop: ORA-00942: table or view does not exist 
Error: ORA-00942: table or view does not exist
    at async Function.executeInTenant (C:\Users\Hritik.s\Documents\GitHub\Bayanat-OCIBackend\src\database\TenantManager.ts:295:22)
    at async C:\Users\Hritik.s\Documents\GitHub\Bayanat-OCIBackend\src\scheduler\notificationEmail.scheduler.ts:113:26
    at async C:\Users\Hritik.s\Documents\GitHub\Bayanat-OCIBackend\src\database\TenantManager.ts:372:25
2026-08-18 12:00:00 [[31merror[39m]: [CUSTOMERBK_TENANT] Error in notification scheduler tenant loop: ORA-00942: table or view does not exist 
Error: ORA-00942: table or view does not exist
    at async Function.executeInTenant (C:\Users\Hritik.s\Documents\GitHub\Bayanat-OCIBackend\src\database\TenantManager.ts:295:22)
    at async C:\Users\Hritik.s\Documents\GitHub\Bayanat-OCIBackend\src\scheduler\notificationEmail.scheduler.ts:113:26
    at async C:\Users\Hritik.s\Documents\GitHub\Bayanat-OCIBackend\src\database\TenantManager.ts:372:25
2026-08-18 12:00:01 [[31merror[39m]: [BTIND_TENANT] Error in notification scheduler tenant loop: ORA-00942: table or view does not exist 
Error: ORA-00942: table or view does not exist
    at async Function.executeInTenant (C:\Users\Hritik.s\Documents\GitHub\Bayanat-OCIBackend\src\database\TenantManager.ts:295:22)
    at async C:\Users\Hritik.s\Documents\GitHub\Bayanat-OCIBackend\src\scheduler\notificationEmail.scheduler.ts:113:26
    at async C:\Users\Hritik.s\Documents\GitHub\Bayanat-OCIBackend\src\database\TenantManager.ts:372:25
2026-08-18 12:02:00 [[31merror[39m]: [CUSTOMERBK_TENANT] Error in notification scheduler tenant loop: ORA-00942: table or view does not exist 
Error: ORA-00942: table or view does not exist
    at async Function.executeInTenant (C:\Users\Hritik.s\Documents\GitHub\Bayanat-OCIBackend\src\database\TenantManager.ts:295:22)
    at async C:\Users\Hritik.s\Documents\GitHub\Bayanat-OCIBackend\src\scheduler\notificationEmail.scheduler.ts:113:26
    at async C:\Users\Hritik.s\Documents\GitHub\Bayanat-OCIBackend\src\database\TenantManager.ts:372:25
2026-08-18 12:02:01 [[31merror[39m]: [BTIND_TENANT] Error in notification scheduler tenant loop: ORA-00942: table or view does not exist 
Error: ORA-00942: table or view does not exist
    at async Function.executeInTenant (C:\Users\Hritik.s\Documents\GitHub\Bayanat-OCIBackend\src\database\TenantManager.ts:295:22)
    at async C:\Users\Hritik.s\Documents\GitHub\Bayanat-OCIBackend\src\scheduler\notificationEmail.scheduler.ts:113:26
    at async C:\Users\Hritik.s\Documents\GitHub\Bayanat-OCIBackend\src\database\TenantManager.ts:372:25
2026-08-18 12:04:00 [[31merror[39m]: [CUSTOMERBK_TENANT] Error in notification scheduler tenant loop: ORA-00942: table or view does not exist 
Error: ORA-00942: table or view does not exist
    at async Function.executeInTenant (C:\Users\Hritik.s\Documents\GitHub\Bayanat-OCIBackend\src\database\TenantManager.ts:295:22)
    at async C:\Users\Hritik.s\Documents\GitHub\Bayanat-OCIBackend\src\scheduler\notificationEmail.scheduler.ts:113:26
    at async C:\Users\Hritik.s\Documents\GitHub\Bayanat-OCIBackend\src\database\TenantManager.ts:372:25
2026-08-18 12:04:01 [[31merror[39m]: [BTIND_TENANT] Error in notification scheduler tenant loop: ORA-00942: table or view does not exist 
Error: ORA-00942: table or view does not exist
    at async Function.executeInTenant (C:\Users\Hritik.s\Documents\GitHub\Bayanat-OCIBackend\src\database\TenantManager.ts:295:22)
    at async C:\Users\Hritik.s\Documents\GitHub\Bayanat-OCIBackend\src\scheduler\notificationEmail.scheduler.ts:113:26
    at async C:\Users\Hritik.s\Documents\GitHub\Bayanat-OCIBackend\src\database\TenantManager.ts:372:25
2026-08-18 12:06:00 [[31merror[39m]: [CUSTOMERBK_TENANT] Error in notification scheduler tenant loop: ORA-00942: table or view does not exist 
Error: ORA-00942: table or view does not exist
    at async Function.executeInTenant (C:\Users\Hritik.s\Documents\GitHub\Bayanat-OCIBackend\src\database\TenantManager.ts:295:22)
    at async C:\Users\Hritik.s\Documents\GitHub\Bayanat-OCIBackend\src\scheduler\notificationEmail.scheduler.ts:113:26
    at async C:\Users\Hritik.s\Documents\GitHub\Bayanat-OCIBackend\src\database\TenantManager.ts:372:25
2026-08-18 12:06:01 [[31merror[39m]: [BTIND_TENANT] Error in notification scheduler tenant loop: ORA-00942: table or view does not exist 
Error: ORA-00942: table or view does not exist
    at async Function.executeInTenant (C:\Users\Hritik.s\Documents\GitHub\Bayanat-OCIBackend\src\database\TenantManager.ts:295:22)
    at async C:\Users\Hritik.s\Documents\GitHub\Bayanat-OCIBackend\src\scheduler\notificationEmail.scheduler.ts:113:26
    at async C:\Users\Hritik.s\Documents\GitHub\Bayanat-OCIBackend\src\database\TenantManager.ts:372:25
2026-08-18 12:08:00 [[31merror[39m]: [CUSTOMERBK_TENANT] Error in notification scheduler tenant loop: ORA-00942: table or view does not exist 
Error: ORA-00942: table or view does not exist
    at async Function.executeInTenant (C:\Users\Hritik.s\Documents\GitHub\Bayanat-OCIBackend\src\database\TenantManager.ts:295:22)
    at async C:\Users\Hritik.s\Documents\GitHub\Bayanat-OCIBackend\src\scheduler\notificationEmail.scheduler.ts:113:26
    at async C:\Users\Hritik.s\Documents\GitHub\Bayanat-OCIBackend\src\database\TenantManager.ts:372:25
2026-08-18 12:08:01 [[31merror[39m]: [BTIND_TENANT] Error in notification scheduler tenant loop: ORA-00942: table or view does not exist 
Error: ORA-00942: table or view does not exist
    at async Function.executeInTenant (C:\Users\Hritik.s\Documents\GitHub\Bayanat-OCIBackend\src\database\TenantManager.ts:295:22)
    at async C:\Users\Hritik.s\Documents\GitHub\Bayanat-OCIBackend\src\scheduler\notificationEmail.scheduler.ts:113:26
    at async C:\Users\Hritik.s\Documents\GitHub\Bayanat-OCIBackend\src\database\TenantManager.ts:372:25
2026-08-18 12:10:00 [[31merror[39m]: [CUSTOMERBK_TENANT] Error in notification scheduler tenant loop: ORA-00942: table or view does not exist 
Error: ORA-00942: table or view does not exist
    at async Function.executeInTenant (C:\Users\Hritik.s\Documents\GitHub\Bayanat-OCIBackend\src\database\TenantManager.ts:295:22)
    at async C:\Users\Hritik.s\Documents\GitHub\Bayanat-OCIBackend\src\scheduler\notificationEmail.scheduler.ts:113:26
    at async C:\Users\Hritik.s\Documents\GitHub\Bayanat-OCIBackend\src\database\TenantManager.ts:372:25
2026-08-18 12:10:01 [[31merror[39m]: [BTIND_TENANT] Error in notification scheduler tenant loop: ORA-00942: table or view does not exist 
Error: ORA-00942: table or view does not exist
    at async Function.executeInTenant (C:\Users\Hritik.s\Documents\GitHub\Bayanat-OCIBackend\src\database\TenantManager.ts:295:22)
    at async C:\Users\Hritik.s\Documents\GitHub\Bayanat-OCIBackend\src\scheduler\notificationEmail.scheduler.ts:113:26
    at async C:\Users\Hritik.s\Documents\GitHub\Bayanat-OCIBackend\src\database\TenantManager.ts:372:25
2026-08-18 12:12:00 [[31merror[39m]: [CUSTOMERBK_TENANT] Error in notification scheduler tenant loop: ORA-00942: table or view does not exist 
Error: ORA-00942: table or view does not exist
    at async Function.executeInTenant (C:\Users\Hritik.s\Documents\GitHub\Bayanat-OCIBackend\src\database\TenantManager.ts:295:22)
    at async C:\Users\Hritik.s\Documents\GitHub\Bayanat-OCIBackend\src\scheduler\notificationEmail.scheduler.ts:113:26
    at async C:\Users\Hritik.s\Documents\GitHub\Bayanat-OCIBackend\src\database\TenantManager.ts:372:25
2026-08-18 12:12:01 [[31merror[39m]: [BTIND_TENANT] Error in notification scheduler tenant loop: ORA-00942: table or view does not exist 
Error: ORA-00942: table or view does not exist
    at async Function.executeInTenant (C:\Users\Hritik.s\Documents\GitHub\Bayanat-OCIBackend\src\database\TenantManager.ts:295:22)
    at async C:\Users\Hritik.s\Documents\GitHub\Bayanat-OCIBackend\src\scheduler\notificationEmail.scheduler.ts:113:26
    at async C:\Users\Hritik.s\Documents\GitHub\Bayanat-OCIBackend\src\database\TenantManager.ts:372:25
2026-08-18 12:14:01 [[31merror[39m]: [CUSTOMERBK_TENANT] Error in notification scheduler tenant loop: ORA-00942: table or view does not exist 
Error: ORA-00942: table or view does not exist
    at async Function.executeInTenant (C:\Users\Hritik.s\Documents\GitHub\Bayanat-OCIBackend\src\database\TenantManager.ts:295:22)
    at async C:\Users\Hritik.s\Documents\GitHub\Bayanat-OCIBackend\src\scheduler\notificationEmail.scheduler.ts:113:26
    at async C:\Users\Hritik.s\Documents\GitHub\Bayanat-OCIBackend\src\database\TenantManager.ts:372:25
2026-08-18 12:14:02 [[31merror[39m]: [BTIND_TENANT] Error in notification scheduler tenant loop: ORA-00942: table or view does not exist 
Error: ORA-00942: table or view does not exist
    at async Function.executeInTenant (C:\Users\Hritik.s\Documents\GitHub\Bayanat-OCIBackend\src\database\TenantManager.ts:295:22)
    at async C:\Users\Hritik.s\Documents\GitHub\Bayanat-OCIBackend\src\scheduler\notificationEmail.scheduler.ts:113:26
    at async C:\Users\Hritik.s\Documents\GitHub\Bayanat-OCIBackend\src\database\TenantManager.ts:372:25
2026-08-18 12:16:00 [[31merror[39m]: [CUSTOMERBK_TENANT] Error in notification scheduler tenant loop: ORA-00942: table or view does not exist 
Error: ORA-00942: table or view does not exist
    at async Function.executeInTenant (C:\Users\Hritik.s\Documents\GitHub\Bayanat-OCIBackend\src\database\TenantManager.ts:295:22)
    at async C:\Users\Hritik.s\Documents\GitHub\Bayanat-OCIBackend\src\scheduler\notificationEmail.scheduler.ts:113:26
    at async C:\Users\Hritik.s\Documents\GitHub\Bayanat-OCIBackend\src\database\TenantManager.ts:372:25
2026-08-18 12:16:01 [[31merror[39m]: [BTIND_TENANT] Error in notification scheduler tenant loop: ORA-00942: table or view does not exist 
Error: ORA-00942: table or view does not exist
    at async Function.executeInTenant (C:\Users\Hritik.s\Documents\GitHub\Bayanat-OCIBackend\src\database\TenantManager.ts:295:22)
    at async C:\Users\Hritik.s\Documents\GitHub\Bayanat-OCIBackend\src\scheduler\notificationEmail.scheduler.ts:113:26
    at async C:\Users\Hritik.s\Documents\GitHub\Bayanat-OCIBackend\src\database\TenantManager.ts:372:25
2026-08-18 12:18:00 [[31merror[39m]: [CUSTOMERBK_TENANT] Error in notification scheduler tenant loop: ORA-00942: table or view does not exist 
Error: ORA-00942: table or view does not exist
    at async Function.executeInTenant (C:\Users\Hritik.s\Documents\GitHub\Bayanat-OCIBackend\src\database\TenantManager.ts:295:22)
    at async C:\Users\Hritik.s\Documents\GitHub\Bayanat-OCIBackend\src\scheduler\notificationEmail.scheduler.ts:113:26
    at async C:\Users\Hritik.s\Documents\GitHub\Bayanat-OCIBackend\src\database\TenantManager.ts:372:25
2026-08-18 12:18:02 [[31merror[39m]: [BTIND_TENANT] Error in notification scheduler tenant loop: ORA-00942: table or view does not exist 
Error: ORA-00942: table or view does not exist
    at async Function.executeInTenant (C:\Users\Hritik.s\Documents\GitHub\Bayanat-OCIBackend\src\database\TenantManager.ts:295:22)
    at async C:\Users\Hritik.s\Documents\GitHub\Bayanat-OCIBackend\src\scheduler\notificationEmail.scheduler.ts:113:26
    at async C:\Users\Hritik.s\Documents\GitHub\Bayanat-OCIBackend\src\database\TenantManager.ts:372:25
2026-08-18 12:20:00 [[31merror[39m]: [CUSTOMERBK_TENANT] Error in notification scheduler tenant loop: ORA-00942: table or view does not exist 
Error: ORA-00942: table or view does not exist
    at async Function.executeInTenant (C:\Users\Hritik.s\Documents\GitHub\Bayanat-OCIBackend\src\database\TenantManager.ts:295:22)
    at async C:\Users\Hritik.s\Documents\GitHub\Bayanat-OCIBackend\src\scheduler\notificationEmail.scheduler.ts:113:26
    at async C:\Users\Hritik.s\Documents\GitHub\Bayanat-OCIBackend\src\database\TenantManager.ts:372:25
2026-08-18 12:20:01 [[31merror[39m]: [BTIND_TENANT] Error in notification scheduler tenant loop: ORA-00942: table or view does not exist 
Error: ORA-00942: table or view does not exist
    at async Function.executeInTenant (C:\Users\Hritik.s\Documents\GitHub\Bayanat-OCIBackend\src\database\TenantManager.ts:295:22)
    at async C:\Users\Hritik.s\Documents\GitHub\Bayanat-OCIBackend\src\scheduler\notificationEmail.scheduler.ts:113:26
    at async C:\Users\Hritik.s\Documents\GitHub\Bayanat-OCIBackend\src\database\TenantManager.ts:372:25
2026-08-18 12:22:00 [[31merror[39m]: [CUSTOMERBK_TENANT] Error in notification scheduler tenant loop: ORA-00942: table or view does not exist 
Error: ORA-00942: table or view does not exist
    at async Function.executeInTenant (C:\Users\Hritik.s\Documents\GitHub\Bayanat-OCIBackend\src\database\TenantManager.ts:295:22)
    at async C:\Users\Hritik.s\Documents\GitHub\Bayanat-OCIBackend\src\scheduler\notificationEmail.scheduler.ts:113:26
    at async C:\Users\Hritik.s\Documents\GitHub\Bayanat-OCIBackend\src\database\TenantManager.ts:372:25
2026-08-18 12:22:02 [[31merror[39m]: [BTIND_TENANT] Error in notification scheduler tenant loop: ORA-00942: table or view does not exist 
Error: ORA-00942: table or view does not exist
    at async Function.executeInTenant (C:\Users\Hritik.s\Documents\GitHub\Bayanat-OCIBackend\src\database\TenantManager.ts:295:22)
    at async C:\Users\Hritik.s\Documents\GitHub\Bayanat-OCIBackend\src\scheduler\notificationEmail.scheduler.ts:113:26
    at async C:\Users\Hritik.s\Documents\GitHub\Bayanat-OCIBackend\src\database\TenantManager.ts:372:25
2026-08-18 12:24:00 [[31merror[39m]: [CUSTOMERBK_TENANT] Error in notification scheduler tenant loop: ORA-00942: table or view does not exist 
Error: ORA-00942: table or view does not exist
    at async Function.executeInTenant (C:\Users\Hritik.s\Documents\GitHub\Bayanat-OCIBackend\src\database\TenantManager.ts:295:22)
    at async C:\Users\Hritik.s\Documents\GitHub\Bayanat-OCIBackend\src\scheduler\notificationEmail.scheduler.ts:113:26
    at async C:\Users\Hritik.s\Documents\GitHub\Bayanat-OCIBackend\src\database\TenantManager.ts:372:25
2026-08-18 12:24:01 [[31merror[39m]: [BTIND_TENANT] Error in notification scheduler tenant loop: ORA-00942: table or view does not exist 
Error: ORA-00942: table or view does not exist
    at async Function.executeInTenant (C:\Users\Hritik.s\Documents\GitHub\Bayanat-OCIBackend\src\database\TenantManager.ts:295:22)
    at async C:\Users\Hritik.s\Documents\GitHub\Bayanat-OCIBackend\src\scheduler\notificationEmail.scheduler.ts:113:26
    at async C:\Users\Hritik.s\Documents\GitHub\Bayanat-OCIBackend\src\database\TenantManager.ts:372:25
2026-08-18 12:26:00 [[31merror[39m]: [CUSTOMERBK_TENANT] Error in notification scheduler tenant loop: ORA-00942: table or view does not exist 
Error: ORA-00942: table or view does not exist
    at async Function.executeInTenant (C:\Users\Hritik.s\Documents\GitHub\Bayanat-OCIBackend\src\database\TenantManager.ts:295:22)
    at async C:\Users\Hritik.s\Documents\GitHub\Bayanat-OCIBackend\src\scheduler\notificationEmail.scheduler.ts:113:26
    at async C:\Users\Hritik.s\Documents\GitHub\Bayanat-OCIBackend\src\database\TenantManager.ts:372:25
2026-08-18 12:26:01 [[31merror[39m]: [BTIND_TENANT] Error in notification scheduler tenant loop: ORA-00942: table or view does not exist 
Error: ORA-00942: table or view does not exist
    at async Function.executeInTenant (C:\Users\Hritik.s\Documents\GitHub\Bayanat-OCIBackend\src\database\TenantManager.ts:295:22)
    at async C:\Users\Hritik.s\Documents\GitHub\Bayanat-OCIBackend\src\scheduler\notificationEmail.scheduler.ts:113:26
    at async C:\Users\Hritik.s\Documents\GitHub\Bayanat-OCIBackend\src\database\TenantManager.ts:372:25
2026-08-18 12:28:00 [[31merror[39m]: [CUSTOMERBK_TENANT] Error in notification scheduler tenant loop: ORA-00942: table or view does not exist 
Error: ORA-00942: table or view does not exist
    at async Function.executeInTenant (C:\Users\Hritik.s\Documents\GitHub\Bayanat-OCIBackend\src\database\TenantManager.ts:295:22)
    at async C:\Users\Hritik.s\Documents\GitHub\Bayanat-OCIBackend\src\scheduler\notificationEmail.scheduler.ts:113:26
    at async C:\Users\Hritik.s\Documents\GitHub\Bayanat-OCIBackend\src\database\TenantManager.ts:372:25
2026-08-18 12:28:01 [[31merror[39m]: [BTIND_TENANT] Error in notification scheduler tenant loop: ORA-00942: table or view does not exist 
Error: ORA-00942: table or view does not exist
    at async Function.executeInTenant (C:\Users\Hritik.s\Documents\GitHub\Bayanat-OCIBackend\src\database\TenantManager.ts:295:22)
    at async C:\Users\Hritik.s\Documents\GitHub\Bayanat-OCIBackend\src\scheduler\notificationEmail.scheduler.ts:113:26
    at async C:\Users\Hritik.s\Documents\GitHub\Bayanat-OCIBackend\src\database\TenantManager.ts:372:25
2026-08-18 12:30:00 [[31merror[39m]: [CUSTOMERBK_TENANT] Error in notification scheduler tenant loop: ORA-00942: table or view does not exist 
Error: ORA-00942: table or view does not exist
    at async Function.executeInTenant (C:\Users\Hritik.s\Documents\GitHub\Bayanat-OCIBackend\src\database\TenantManager.ts:295:22)
    at async C:\Users\Hritik.s\Documents\GitHub\Bayanat-OCIBackend\src\scheduler\notificationEmail.scheduler.ts:113:26
    at async C:\Users\Hritik.s\Documents\GitHub\Bayanat-OCIBackend\src\database\TenantManager.ts:372:25
2026-08-18 12:30:01 [[31merror[39m]: [BTIND_TENANT] Error in notification scheduler tenant loop: ORA-00942: table or view does not exist 
Error: ORA-00942: table or view does not exist
    at async Function.executeInTenant (C:\Users\Hritik.s\Documents\GitHub\Bayanat-OCIBackend\src\database\TenantManager.ts:295:22)
    at async C:\Users\Hritik.s\Documents\GitHub\Bayanat-OCIBackend\src\scheduler\notificationEmail.scheduler.ts:113:26
    at async C:\Users\Hritik.s\Documents\GitHub\Bayanat-OCIBackend\src\database\TenantManager.ts:372:25
2026-08-18 12:32:00 [[31merror[39m]: [CUSTOMERBK_TENANT] Error in notification scheduler tenant loop: ORA-00942: table or view does not exist 
Error: ORA-00942: table or view does not exist
    at async Function.executeInTenant (C:\Users\Hritik.s\Documents\GitHub\Bayanat-OCIBackend\src\database\TenantManager.ts:295:22)
    at async C:\Users\Hritik.s\Documents\GitHub\Bayanat-OCIBackend\src\scheduler\notificationEmail.scheduler.ts:113:26
    at async C:\Users\Hritik.s\Documents\GitHub\Bayanat-OCIBackend\src\database\TenantManager.ts:372:25
2026-08-18 12:32:01 [[31merror[39m]: [BTIND_TENANT] Error in notification scheduler tenant loop: ORA-00942: table or view does not exist 
Error: ORA-00942: table or view does not exist
    at async Function.executeInTenant (C:\Users\Hritik.s\Documents\GitHub\Bayanat-OCIBackend\src\database\TenantManager.ts:295:22)
    at async C:\Users\Hritik.s\Documents\GitHub\Bayanat-OCIBackend\src\scheduler\notificationEmail.scheduler.ts:113:26
    at async C:\Users\Hritik.s\Documents\GitHub\Bayanat-OCIBackend\src\database\TenantManager.ts:372:25
2026-08-18 12:34:00 [[31merror[39m]: [CUSTOMERBK_TENANT] Error in notification scheduler tenant loop: ORA-00942: table or view does not exist 
Error: ORA-00942: table or view does not exist
    at async Function.executeInTenant (C:\Users\Hritik.s\Documents\GitHub\Bayanat-OCIBackend\src\database\TenantManager.ts:295:22)
    at async C:\Users\Hritik.s\Documents\GitHub\Bayanat-OCIBackend\src\scheduler\notificationEmail.scheduler.ts:113:26
    at async C:\Users\Hritik.s\Documents\GitHub\Bayanat-OCIBackend\src\database\TenantManager.ts:372:25
2026-08-18 12:34:01 [[31merror[39m]: [BTIND_TENANT] Error in notification scheduler tenant loop: ORA-00942: table or view does not exist 
Error: ORA-00942: table or view does not exist
    at async Function.executeInTenant (C:\Users\Hritik.s\Documents\GitHub\Bayanat-OCIBackend\src\database\TenantManager.ts:295:22)
    at async C:\Users\Hritik.s\Documents\GitHub\Bayanat-OCIBackend\src\scheduler\notificationEmail.scheduler.ts:113:26
    at async C:\Users\Hritik.s\Documents\GitHub\Bayanat-OCIBackend\src\database\TenantManager.ts:372:25
2026-08-18 12:36:00 [[31merror[39m]: [CUSTOMERBK_TENANT] Error in notification scheduler tenant loop: ORA-00942: table or view does not exist 
Error: ORA-00942: table or view does not exist
    at async Function.executeInTenant (C:\Users\Hritik.s\Documents\GitHub\Bayanat-OCIBackend\src\database\TenantManager.ts:295:22)
    at async C:\Users\Hritik.s\Documents\GitHub\Bayanat-OCIBackend\src\scheduler\notificationEmail.scheduler.ts:113:26
    at async C:\Users\Hritik.s\Documents\GitHub\Bayanat-OCIBackend\src\database\TenantManager.ts:372:25
2026-08-18 12:36:01 [[31merror[39m]: [BTIND_TENANT] Error in notification scheduler tenant loop: ORA-00942: table or view does not exist 
Error: ORA-00942: table or view does not exist
    at async Function.executeInTenant (C:\Users\Hritik.s\Documents\GitHub\Bayanat-OCIBackend\src\database\TenantManager.ts:295:22)
    at async C:\Users\Hritik.s\Documents\GitHub\Bayanat-OCIBackend\src\scheduler\notificationEmail.scheduler.ts:113:26
    at async C:\Users\Hritik.s\Documents\GitHub\Bayanat-OCIBackend\src\database\TenantManager.ts:372:25
2026-08-18 12:38:00 [[31merror[39m]: [CUSTOMERBK_TENANT] Error in notification scheduler tenant loop: ORA-00942: table or view does not exist 
Error: ORA-00942: table or view does not exist
    at async Function.executeInTenant (C:\Users\Hritik.s\Documents\GitHub\Bayanat-OCIBackend\src\database\TenantManager.ts:295:22)
    at async C:\Users\Hritik.s\Documents\GitHub\Bayanat-OCIBackend\src\scheduler\notificationEmail.scheduler.ts:113:26
    at async C:\Users\Hritik.s\Documents\GitHub\Bayanat-OCIBackend\src\database\TenantManager.ts:372:25
2026-08-18 12:38:01 [[31merror[39m]: [BTIND_TENANT] Error in notification scheduler tenant loop: ORA-00942: table or view does not exist 
Error: ORA-00942: table or view does not exist
    at async Function.executeInTenant (C:\Users\Hritik.s\Documents\GitHub\Bayanat-OCIBackend\src\database\TenantManager.ts:295:22)
    at async C:\Users\Hritik.s\Documents\GitHub\Bayanat-OCIBackend\src\scheduler\notificationEmail.scheduler.ts:113:26
    at async C:\Users\Hritik.s\Documents\GitHub\Bayanat-OCIBackend\src\database\TenantManager.ts:372:25
2026-08-18 12:40:00 [[31merror[39m]: [CUSTOMERBK_TENANT] Error in notification scheduler tenant loop: ORA-00942: table or view does not exist 
Error: ORA-00942: table or view does not exist
    at async Function.executeInTenant (C:\Users\Hritik.s\Documents\GitHub\Bayanat-OCIBackend\src\database\TenantManager.ts:295:22)
    at async C:\Users\Hritik.s\Documents\GitHub\Bayanat-OCIBackend\src\scheduler\notificationEmail.scheduler.ts:113:26
    at async C:\Users\Hritik.s\Documents\GitHub\Bayanat-OCIBackend\src\database\TenantManager.ts:372:25
2026-08-18 12:40:02 [[31merror[39m]: [BTIND_TENANT] Error in notification scheduler tenant loop: ORA-00942: table or view does not exist 
Error: ORA-00942: table or view does not exist
    at async Function.executeInTenant (C:\Users\Hritik.s\Documents\GitHub\Bayanat-OCIBackend\src\database\TenantManager.ts:295:22)
    at async C:\Users\Hritik.s\Documents\GitHub\Bayanat-OCIBackend\src\scheduler\notificationEmail.scheduler.ts:113:26
    at async C:\Users\Hritik.s\Documents\GitHub\Bayanat-OCIBackend\src\database\TenantManager.ts:372:25
2026-08-18 12:42:00 [[31merror[39m]: [CUSTOMERBK_TENANT] Error in notification scheduler tenant loop: ORA-00942: table or view does not exist 
Error: ORA-00942: table or view does not exist
    at async Function.executeInTenant (C:\Users\Hritik.s\Documents\GitHub\Bayanat-OCIBackend\src\database\TenantManager.ts:295:22)
    at async C:\Users\Hritik.s\Documents\GitHub\Bayanat-OCIBackend\src\scheduler\notificationEmail.scheduler.ts:113:26
    at async C:\Users\Hritik.s\Documents\GitHub\Bayanat-OCIBackend\src\database\TenantManager.ts:372:25
2026-08-18 12:42:01 [[31merror[39m]: [BTIND_TENANT] Error in notification scheduler tenant loop: ORA-00942: table or view does not exist 
Error: ORA-00942: table or view does not exist
    at async Function.executeInTenant (C:\Users\Hritik.s\Documents\GitHub\Bayanat-OCIBackend\src\database\TenantManager.ts:295:22)
    at async C:\Users\Hritik.s\Documents\GitHub\Bayanat-OCIBackend\src\scheduler\notificationEmail.scheduler.ts:113:26
    at async C:\Users\Hritik.s\Documents\GitHub\Bayanat-OCIBackend\src\database\TenantManager.ts:372:25
2026-08-18 12:44:00 [[31merror[39m]: [CUSTOMERBK_TENANT] Error in notification scheduler tenant loop: ORA-00942: table or view does not exist 
Error: ORA-00942: table or view does not exist
    at async Function.executeInTenant (C:\Users\Hritik.s\Documents\GitHub\Bayanat-OCIBackend\src\database\TenantManager.ts:295:22)
    at async C:\Users\Hritik.s\Documents\GitHub\Bayanat-OCIBackend\src\scheduler\notificationEmail.scheduler.ts:113:26
    at async C:\Users\Hritik.s\Documents\GitHub\Bayanat-OCIBackend\src\database\TenantManager.ts:372:25
2026-08-18 12:44:01 [[31merror[39m]: [BTIND_TENANT] Error in notification scheduler tenant loop: ORA-00942: table or view does not exist 
Error: ORA-00942: table or view does not exist
    at async Function.executeInTenant (C:\Users\Hritik.s\Documents\GitHub\Bayanat-OCIBackend\src\database\TenantManager.ts:295:22)
    at async C:\Users\Hritik.s\Documents\GitHub\Bayanat-OCIBackend\src\scheduler\notificationEmail.scheduler.ts:113:26
    at async C:\Users\Hritik.s\Documents\GitHub\Bayanat-OCIBackend\src\database\TenantManager.ts:372:25
2026-08-18 12:46:00 [[31merror[39m]: [CUSTOMERBK_TENANT] Error in notification scheduler tenant loop: ORA-00942: table or view does not exist 
Error: ORA-00942: table or view does not exist
    at async Function.executeInTenant (C:\Users\Hritik.s\Documents\GitHub\Bayanat-OCIBackend\src\database\TenantManager.ts:295:22)
    at async C:\Users\Hritik.s\Documents\GitHub\Bayanat-OCIBackend\src\scheduler\notificationEmail.scheduler.ts:113:26
    at async C:\Users\Hritik.s\Documents\GitHub\Bayanat-OCIBackend\src\database\TenantManager.ts:372:25
2026-08-18 12:46:01 [[31merror[39m]: [BTIND_TENANT] Error in notification scheduler tenant loop: ORA-00942: table or view does not exist 
Error: ORA-00942: table or view does not exist
    at async Function.executeInTenant (C:\Users\Hritik.s\Documents\GitHub\Bayanat-OCIBackend\src\database\TenantManager.ts:295:22)
    at async C:\Users\Hritik.s\Documents\GitHub\Bayanat-OCIBackend\src\scheduler\notificationEmail.scheduler.ts:113:26
    at async C:\Users\Hritik.s\Documents\GitHub\Bayanat-OCIBackend\src\database\TenantManager.ts:372:25
2026-08-18 12:48:00 [[31merror[39m]: [CUSTOMERBK_TENANT] Error in notification scheduler tenant loop: ORA-00942: table or view does not exist 
Error: ORA-00942: table or view does not exist
    at async Function.executeInTenant (C:\Users\Hritik.s\Documents\GitHub\Bayanat-OCIBackend\src\database\TenantManager.ts:295:22)
    at async C:\Users\Hritik.s\Documents\GitHub\Bayanat-OCIBackend\src\scheduler\notificationEmail.scheduler.ts:113:26
    at async C:\Users\Hritik.s\Documents\GitHub\Bayanat-OCIBackend\src\database\TenantManager.ts:372:25
2026-08-18 12:48:01 [[31merror[39m]: [BTIND_TENANT] Error in notification scheduler tenant loop: ORA-00942: table or view does not exist 
Error: ORA-00942: table or view does not exist
    at async Function.executeInTenant (C:\Users\Hritik.s\Documents\GitHub\Bayanat-OCIBackend\src\database\TenantManager.ts:295:22)
    at async C:\Users\Hritik.s\Documents\GitHub\Bayanat-OCIBackend\src\scheduler\notificationEmail.scheduler.ts:113:26
    at async C:\Users\Hritik.s\Documents\GitHub\Bayanat-OCIBackend\src\database\TenantManager.ts:372:25
2026-08-18 12:50:00 [[31merror[39m]: [CUSTOMERBK_TENANT] Error in notification scheduler tenant loop: ORA-00942: table or view does not exist 
Error: ORA-00942: table or view does not exist
    at async Function.executeInTenant (C:\Users\Hritik.s\Documents\GitHub\Bayanat-OCIBackend\src\database\TenantManager.ts:295:22)
    at async C:\Users\Hritik.s\Documents\GitHub\Bayanat-OCIBackend\src\scheduler\notificationEmail.scheduler.ts:113:26
    at async C:\Users\Hritik.s\Documents\GitHub\Bayanat-OCIBackend\src\database\TenantManager.ts:372:25
2026-08-18 12:50:01 [[31merror[39m]: [BTIND_TENANT] Error in notification scheduler tenant loop: ORA-00942: table or view does not exist 
Error: ORA-00942: table or view does not exist
    at async Function.executeInTenant (C:\Users\Hritik.s\Documents\GitHub\Bayanat-OCIBackend\src\database\TenantManager.ts:295:22)
    at async C:\Users\Hritik.s\Documents\GitHub\Bayanat-OCIBackend\src\scheduler\notificationEmail.scheduler.ts:113:26
    at async C:\Users\Hritik.s\Documents\GitHub\Bayanat-OCIBackend\src\database\TenantManager.ts:372:25
2026-08-18 12:52:00 [[31merror[39m]: [CUSTOMERBK_TENANT] Error in notification scheduler tenant loop: ORA-00942: table or view does not exist 
Error: ORA-00942: table or view does not exist
    at async Function.executeInTenant (C:\Users\Hritik.s\Documents\GitHub\Bayanat-OCIBackend\src\database\TenantManager.ts:295:22)
    at async C:\Users\Hritik.s\Documents\GitHub\Bayanat-OCIBackend\src\scheduler\notificationEmail.scheduler.ts:113:26
    at async C:\Users\Hritik.s\Documents\GitHub\Bayanat-OCIBackend\src\database\TenantManager.ts:372:25
2026-08-18 12:52:01 [[31merror[39m]: [BTIND_TENANT] Error in notification scheduler tenant loop: ORA-00942: table or view does not exist 
Error: ORA-00942: table or view does not exist
    at async Function.executeInTenant (C:\Users\Hritik.s\Documents\GitHub\Bayanat-OCIBackend\src\database\TenantManager.ts:295:22)
    at async C:\Users\Hritik.s\Documents\GitHub\Bayanat-OCIBackend\src\scheduler\notificationEmail.scheduler.ts:113:26
    at async C:\Users\Hritik.s\Documents\GitHub\Bayanat-OCIBackend\src\database\TenantManager.ts:372:25
2026-08-18 12:54:00 [[31merror[39m]: [CUSTOMERBK_TENANT] Error in notification scheduler tenant loop: ORA-00942: table or view does not exist 
Error: ORA-00942: table or view does not exist
    at async Function.executeInTenant (C:\Users\Hritik.s\Documents\GitHub\Bayanat-OCIBackend\src\database\TenantManager.ts:295:22)
    at async C:\Users\Hritik.s\Documents\GitHub\Bayanat-OCIBackend\src\scheduler\notificationEmail.scheduler.ts:113:26
    at async C:\Users\Hritik.s\Documents\GitHub\Bayanat-OCIBackend\src\database\TenantManager.ts:372:25
2026-08-18 12:54:01 [[31merror[39m]: [BTIND_TENANT] Error in notification scheduler tenant loop: ORA-00942: table or view does not exist 
Error: ORA-00942: table or view does not exist
    at async Function.executeInTenant (C:\Users\Hritik.s\Documents\GitHub\Bayanat-OCIBackend\src\database\TenantManager.ts:295:22)
    at async C:\Users\Hritik.s\Documents\GitHub\Bayanat-OCIBackend\src\scheduler\notificationEmail.scheduler.ts:113:26
    at async C:\Users\Hritik.s\Documents\GitHub\Bayanat-OCIBackend\src\database\TenantManager.ts:372:25
2026-08-18 12:56:00 [[31merror[39m]: [CUSTOMERBK_TENANT] Error in notification scheduler tenant loop: ORA-00942: table or view does not exist 
Error: ORA-00942: table or view does not exist
    at async Function.executeInTenant (C:\Users\Hritik.s\Documents\GitHub\Bayanat-OCIBackend\src\database\TenantManager.ts:295:22)
    at async C:\Users\Hritik.s\Documents\GitHub\Bayanat-OCIBackend\src\scheduler\notificationEmail.scheduler.ts:113:26
    at async C:\Users\Hritik.s\Documents\GitHub\Bayanat-OCIBackend\src\database\TenantManager.ts:372:25
2026-08-18 12:56:01 [[31merror[39m]: [BTIND_TENANT] Error in notification scheduler tenant loop: ORA-00942: table or view does not exist 
Error: ORA-00942: table or view does not exist
    at async Function.executeInTenant (C:\Users\Hritik.s\Documents\GitHub\Bayanat-OCIBackend\src\database\TenantManager.ts:295:22)
    at async C:\Users\Hritik.s\Documents\GitHub\Bayanat-OCIBackend\src\scheduler\notificationEmail.scheduler.ts:113:26
    at async C:\Users\Hritik.s\Documents\GitHub\Bayanat-OCIBackend\src\database\TenantManager.ts:372:25
2026-08-18 12:58:00 [[31merror[39m]: [CUSTOMERBK_TENANT] Error in notification scheduler tenant loop: ORA-00942: table or view does not exist 
Error: ORA-00942: table or view does not exist
    at async Function.executeInTenant (C:\Users\Hritik.s\Documents\GitHub\Bayanat-OCIBackend\src\database\TenantManager.ts:295:22)
    at async C:\Users\Hritik.s\Documents\GitHub\Bayanat-OCIBackend\src\scheduler\notificationEmail.scheduler.ts:113:26
    at async C:\Users\Hritik.s\Documents\GitHub\Bayanat-OCIBackend\src\database\TenantManager.ts:372:25
2026-08-18 12:58:01 [[31merror[39m]: [BTIND_TENANT] Error in notification scheduler tenant loop: ORA-00942: table or view does not exist 
Error: ORA-00942: table or view does not exist
    at async Function.executeInTenant (C:\Users\Hritik.s\Documents\GitHub\Bayanat-OCIBackend\src\database\TenantManager.ts:295:22)
    at async C:\Users\Hritik.s\Documents\GitHub\Bayanat-OCIBackend\src\scheduler\notificationEmail.scheduler.ts:113:26
    at async C:\Users\Hritik.s\Documents\GitHub\Bayanat-OCIBackend\src\database\TenantManager.ts:372:25
2026-08-18 13:00:01 [[31merror[39m]: [CUSTOMERBK_TENANT] Error in notification scheduler tenant loop: ORA-00942: table or view does not exist 
Error: ORA-00942: table or view does not exist
    at async Function.executeInTenant (C:\Users\Hritik.s\Documents\GitHub\Bayanat-OCIBackend\src\database\TenantManager.ts:295:22)
    at async C:\Users\Hritik.s\Documents\GitHub\Bayanat-OCIBackend\src\scheduler\notificationEmail.scheduler.ts:113:26
    at async C:\Users\Hritik.s\Documents\GitHub\Bayanat-OCIBackend\src\database\TenantManager.ts:372:25
2026-08-18 13:00:03 [[31merror[39m]: [BTIND_TENANT] Error in notification scheduler tenant loop: ORA-00942: table or view does not exist 
Error: ORA-00942: table or view does not exist
    at async Function.executeInTenant (C:\Users\Hritik.s\Documents\GitHub\Bayanat-OCIBackend\src\database\TenantManager.ts:295:22)
    at async C:\Users\Hritik.s\Documents\GitHub\Bayanat-OCIBackend\src\scheduler\notificationEmail.scheduler.ts:113:26
    at async C:\Users\Hritik.s\Documents\GitHub\Bayanat-OCIBackend\src\database\TenantManager.ts:372:25
2026-08-18 13:00:52 [[31merror[39m]: uncaughtException: listen EADDRINUSE: address already in use :::3500
Error: listen EADDRINUSE: address already in use :::3500
    at Server.setupListenHandle [as _listen2] (node:net:1940:16)
    at listenInCluster (node:net:1997:12)
    at Server.listen (node:net:2102:7)
    at Function.listen (C:\Users\Hritik.s\Documents\GitHub\Bayanat-OCIBackend\node_modules\express\lib\application.js:635:24)
    at startServer (C:\Users\Hritik.s\Documents\GitHub\Bayanat-OCIBackend\index.ts:162:9) 
Error: listen EADDRINUSE: address already in use :::3500
    at Server.setupListenHandle [as _listen2] (node:net:1940:16)
    at listenInCluster (node:net:1997:12)
    at Server.listen (node:net:2102:7)
    at Function.listen (C:\Users\Hritik.s\Documents\GitHub\Bayanat-OCIBackend\node_modules\express\lib\application.js:635:24)
    at startServer (C:\Users\Hritik.s\Documents\GitHub\Bayanat-OCIBackend\index.ts:162:9)
2026-08-18 13:02:00 [[31merror[39m]: [CUSTOMERBK_TENANT] Error in notification scheduler tenant loop: ORA-00942: table or view does not exist 
Error: ORA-00942: table or view does not exist
    at async Function.executeInTenant (C:\Users\Hritik.s\Documents\GitHub\Bayanat-OCIBackend\src\database\TenantManager.ts:295:22)
    at async C:\Users\Hritik.s\Documents\GitHub\Bayanat-OCIBackend\src\scheduler\notificationEmail.scheduler.ts:113:26
    at async C:\Users\Hritik.s\Documents\GitHub\Bayanat-OCIBackend\src\database\TenantManager.ts:372:25
2026-08-18 13:02:01 [[31merror[39m]: [BTIND_TENANT] Error in notification scheduler tenant loop: ORA-00942: table or view does not exist 
Error: ORA-00942: table or view does not exist
    at async Function.executeInTenant (C:\Users\Hritik.s\Documents\GitHub\Bayanat-OCIBackend\src\database\TenantManager.ts:295:22)
    at async C:\Users\Hritik.s\Documents\GitHub\Bayanat-OCIBackend\src\scheduler\notificationEmail.scheduler.ts:113:26
    at async C:\Users\Hritik.s\Documents\GitHub\Bayanat-OCIBackend\src\database\TenantManager.ts:372:25
2026-08-18 13:04:00 [[31merror[39m]: [CUSTOMERBK_TENANT] Error in notification scheduler tenant loop: ORA-00942: table or view does not exist 
Error: ORA-00942: table or view does not exist
    at async Function.executeInTenant (C:\Users\Hritik.s\Documents\GitHub\Bayanat-OCIBackend\src\database\TenantManager.ts:295:22)
    at async C:\Users\Hritik.s\Documents\GitHub\Bayanat-OCIBackend\src\scheduler\notificationEmail.scheduler.ts:113:26
    at async C:\Users\Hritik.s\Documents\GitHub\Bayanat-OCIBackend\src\database\TenantManager.ts:372:25
2026-08-18 13:04:01 [[31merror[39m]: [BTIND_TENANT] Error in notification scheduler tenant loop: ORA-00942: table or view does not exist 
Error: ORA-00942: table or view does not exist
    at async Function.executeInTenant (C:\Users\Hritik.s\Documents\GitHub\Bayanat-OCIBackend\src\database\TenantManager.ts:295:22)
    at async C:\Users\Hritik.s\Documents\GitHub\Bayanat-OCIBackend\src\scheduler\notificationEmail.scheduler.ts:113:26
    at async C:\Users\Hritik.s\Documents\GitHub\Bayanat-OCIBackend\src\database\TenantManager.ts:372:25
2026-08-18 13:06:00 [[31merror[39m]: [CUSTOMERBK_TENANT] Error in notification scheduler tenant loop: ORA-00942: table or view does not exist 
Error: ORA-00942: table or view does not exist
    at async Function.executeInTenant (C:\Users\Hritik.s\Documents\GitHub\Bayanat-OCIBackend\src\database\TenantManager.ts:295:22)
    at async C:\Users\Hritik.s\Documents\GitHub\Bayanat-OCIBackend\src\scheduler\notificationEmail.scheduler.ts:113:26
    at async C:\Users\Hritik.s\Documents\GitHub\Bayanat-OCIBackend\src\database\TenantManager.ts:372:25
2026-08-18 13:06:01 [[31merror[39m]: [BTIND_TENANT] Error in notification scheduler tenant loop: ORA-00942: table or view does not exist 
Error: ORA-00942: table or view does not exist
    at async Function.executeInTenant (C:\Users\Hritik.s\Documents\GitHub\Bayanat-OCIBackend\src\database\TenantManager.ts:295:22)
    at async C:\Users\Hritik.s\Documents\GitHub\Bayanat-OCIBackend\src\scheduler\notificationEmail.scheduler.ts:113:26
    at async C:\Users\Hritik.s\Documents\GitHub\Bayanat-OCIBackend\src\database\TenantManager.ts:372:25
2026-08-18 13:07:54 [[31merror[39m]: uncaughtException: listen EADDRINUSE: address already in use :::3500
Error: listen EADDRINUSE: address already in use :::3500
    at Server.setupListenHandle [as _listen2] (node:net:1940:16)
    at listenInCluster (node:net:1997:12)
    at Server.listen (node:net:2102:7)
    at Function.listen (C:\Users\Hritik.s\Documents\GitHub\Bayanat-OCIBackend\node_modules\express\lib\application.js:635:24)
    at startServer (C:\Users\Hritik.s\Documents\GitHub\Bayanat-OCIBackend\index.ts:162:9) 
Error: listen EADDRINUSE: address already in use :::3500
    at Server.setupListenHandle [as _listen2] (node:net:1940:16)
    at listenInCluster (node:net:1997:12)
    at Server.listen (node:net:2102:7)
    at Function.listen (C:\Users\Hritik.s\Documents\GitHub\Bayanat-OCIBackend\node_modules\express\lib\application.js:635:24)
    at startServer (C:\Users\Hritik.s\Documents\GitHub\Bayanat-OCIBackend\index.ts:162:9)
2026-08-18 13:08:00 [[31merror[39m]: [CUSTOMERBK_TENANT] Error in notification scheduler tenant loop: ORA-00942: table or view does not exist 
Error: ORA-00942: table or view does not exist
    at async Function.executeInTenant (C:\Users\Hritik.s\Documents\GitHub\Bayanat-OCIBackend\src\database\TenantManager.ts:295:22)
    at async C:\Users\Hritik.s\Documents\GitHub\Bayanat-OCIBackend\src\scheduler\notificationEmail.scheduler.ts:113:26
    at async C:\Users\Hritik.s\Documents\GitHub\Bayanat-OCIBackend\src\database\TenantManager.ts:372:25
2026-08-18 13:08:01 [[31merror[39m]: [BTIND_TENANT] Error in notification scheduler tenant loop: ORA-00942: table or view does not exist 
Error: ORA-00942: table or view does not exist
    at async Function.executeInTenant (C:\Users\Hritik.s\Documents\GitHub\Bayanat-OCIBackend\src\database\TenantManager.ts:295:22)
    at async C:\Users\Hritik.s\Documents\GitHub\Bayanat-OCIBackend\src\scheduler\notificationEmail.scheduler.ts:113:26
    at async C:\Users\Hritik.s\Documents\GitHub\Bayanat-OCIBackend\src\database\TenantManager.ts:372:25
2026-08-18 13:10:00 [[31merror[39m]: [CUSTOMERBK_TENANT] Error in notification scheduler tenant loop: ORA-00942: table or view does not exist 
Error: ORA-00942: table or view does not exist
    at async Function.executeInTenant (C:\Users\Hritik.s\Documents\GitHub\Bayanat-OCIBackend\src\database\TenantManager.ts:295:22)
    at async C:\Users\Hritik.s\Documents\GitHub\Bayanat-OCIBackend\src\scheduler\notificationEmail.scheduler.ts:113:26
    at async C:\Users\Hritik.s\Documents\GitHub\Bayanat-OCIBackend\src\database\TenantManager.ts:372:25
2026-08-18 13:10:01 [[31merror[39m]: [BTIND_TENANT] Error in notification scheduler tenant loop: ORA-00942: table or view does not exist 
Error: ORA-00942: table or view does not exist
    at async Function.executeInTenant (C:\Users\Hritik.s\Documents\GitHub\Bayanat-OCIBackend\src\database\TenantManager.ts:295:22)
    at async C:\Users\Hritik.s\Documents\GitHub\Bayanat-OCIBackend\src\scheduler\notificationEmail.scheduler.ts:113:26
    at async C:\Users\Hritik.s\Documents\GitHub\Bayanat-OCIBackend\src\database\TenantManager.ts:372:25
2026-08-18 13:11:22 [[31merror[39m]: uncaughtException: listen EADDRINUSE: address already in use :::3500
Error: listen EADDRINUSE: address already in use :::3500
    at Server.setupListenHandle [as _listen2] (node:net:1940:16)
    at listenInCluster (node:net:1997:12)
    at Server.listen (node:net:2102:7)
    at Function.listen (C:\Users\Hritik.s\Documents\GitHub\Bayanat-OCIBackend\node_modules\express\lib\application.js:635:24)
    at startServer (C:\Users\Hritik.s\Documents\GitHub\Bayanat-OCIBackend\index.ts:162:9) 
Error: listen EADDRINUSE: address already in use :::3500
    at Server.setupListenHandle [as _listen2] (node:net:1940:16)
    at listenInCluster (node:net:1997:12)
    at Server.listen (node:net:2102:7)
    at Function.listen (C:\Users\Hritik.s\Documents\GitHub\Bayanat-OCIBackend\node_modules\express\lib\application.js:635:24)
    at startServer (C:\Users\Hritik.s\Documents\GitHub\Bayanat-OCIBackend\index.ts:162:9)
2026-08-18 13:12:00 [[31merror[39m]: [CUSTOMERBK_TENANT] Error in notification scheduler tenant loop: ORA-00942: table or view does not exist 
Error: ORA-00942: table or view does not exist
    at async Function.executeInTenant (C:\Users\Hritik.s\Documents\GitHub\Bayanat-OCIBackend\src\database\TenantManager.ts:295:22)
    at async C:\Users\Hritik.s\Documents\GitHub\Bayanat-OCIBackend\src\scheduler\notificationEmail.scheduler.ts:113:26
    at async C:\Users\Hritik.s\Documents\GitHub\Bayanat-OCIBackend\src\database\TenantManager.ts:372:25
2026-08-18 13:12:01 [[31merror[39m]: [BTIND_TENANT] Error in notification scheduler tenant loop: ORA-00942: table or view does not exist 
Error: ORA-00942: table or view does not exist
    at async Function.executeInTenant (C:\Users\Hritik.s\Documents\GitHub\Bayanat-OCIBackend\src\database\TenantManager.ts:295:22)
    at async C:\Users\Hritik.s\Documents\GitHub\Bayanat-OCIBackend\src\scheduler\notificationEmail.scheduler.ts:113:26
    at async C:\Users\Hritik.s\Documents\GitHub\Bayanat-OCIBackend\src\database\TenantManager.ts:372:25
2026-08-18 13:13:57 [[31merror[39m]: uncaughtException: listen EADDRINUSE: address already in use :::3500
Error: listen EADDRINUSE: address already in use :::3500
    at Server.setupListenHandle [as _listen2] (node:net:1940:16)
    at listenInCluster (node:net:1997:12)
    at Server.listen (node:net:2102:7)
    at Function.listen (C:\Users\Hritik.s\Documents\GitHub\Bayanat-OCIBackend\node_modules\express\lib\application.js:635:24)
    at startServer (C:\Users\Hritik.s\Documents\GitHub\Bayanat-OCIBackend\index.ts:162:9) 
Error: listen EADDRINUSE: address already in use :::3500
    at Server.setupListenHandle [as _listen2] (node:net:1940:16)
    at listenInCluster (node:net:1997:12)
    at Server.listen (node:net:2102:7)
    at Function.listen (C:\Users\Hritik.s\Documents\GitHub\Bayanat-OCIBackend\node_modules\express\lib\application.js:635:24)
    at startServer (C:\Users\Hritik.s\Documents\GitHub\Bayanat-OCIBackend\index.ts:162:9)
2026-08-18 13:14:00 [[31merror[39m]: [CUSTOMERBK_TENANT] Error in notification scheduler tenant loop: ORA-00942: table or view does not exist 
Error: ORA-00942: table or view does not exist
    at async Function.executeInTenant (C:\Users\Hritik.s\Documents\GitHub\Bayanat-OCIBackend\src\database\TenantManager.ts:295:22)
    at async C:\Users\Hritik.s\Documents\GitHub\Bayanat-OCIBackend\src\scheduler\notificationEmail.scheduler.ts:113:26
    at async C:\Users\Hritik.s\Documents\GitHub\Bayanat-OCIBackend\src\database\TenantManager.ts:372:25
2026-08-18 13:14:01 [[31merror[39m]: [BTIND_TENANT] Error in notification scheduler tenant loop: ORA-00942: table or view does not exist 
Error: ORA-00942: table or view does not exist
    at async Function.executeInTenant (C:\Users\Hritik.s\Documents\GitHub\Bayanat-OCIBackend\src\database\TenantManager.ts:295:22)
    at async C:\Users\Hritik.s\Documents\GitHub\Bayanat-OCIBackend\src\scheduler\notificationEmail.scheduler.ts:113:26
    at async C:\Users\Hritik.s\Documents\GitHub\Bayanat-OCIBackend\src\database\TenantManager.ts:372:25
2026-08-18 13:16:00 [[31merror[39m]: [CUSTOMERBK_TENANT] Error in notification scheduler tenant loop: ORA-00942: table or view does not exist 
Error: ORA-00942: table or view does not exist
    at async Function.executeInTenant (C:\Users\Hritik.s\Documents\GitHub\Bayanat-OCIBackend\src\database\TenantManager.ts:295:22)
    at async C:\Users\Hritik.s\Documents\GitHub\Bayanat-OCIBackend\src\scheduler\notificationEmail.scheduler.ts:113:26
    at async C:\Users\Hritik.s\Documents\GitHub\Bayanat-OCIBackend\src\database\TenantManager.ts:372:25
2026-08-18 13:16:01 [[31merror[39m]: [BTIND_TENANT] Error in notification scheduler tenant loop: ORA-00942: table or view does not exist 
Error: ORA-00942: table or view does not exist
    at async Function.executeInTenant (C:\Users\Hritik.s\Documents\GitHub\Bayanat-OCIBackend\src\database\TenantManager.ts:295:22)
    at async C:\Users\Hritik.s\Documents\GitHub\Bayanat-OCIBackend\src\scheduler\notificationEmail.scheduler.ts:113:26
    at async C:\Users\Hritik.s\Documents\GitHub\Bayanat-OCIBackend\src\database\TenantManager.ts:372:25
2026-08-18 13:18:00 [[31merror[39m]: [CUSTOMERBK_TENANT] Error in notification scheduler tenant loop: ORA-00942: table or view does not exist 
Error: ORA-00942: table or view does not exist
    at async Function.executeInTenant (C:\Users\Hritik.s\Documents\GitHub\Bayanat-OCIBackend\src\database\TenantManager.ts:295:22)
    at async C:\Users\Hritik.s\Documents\GitHub\Bayanat-OCIBackend\src\scheduler\notificationEmail.scheduler.ts:113:26
    at async C:\Users\Hritik.s\Documents\GitHub\Bayanat-OCIBackend\src\database\TenantManager.ts:372:25
2026-08-18 13:18:01 [[31merror[39m]: [BTIND_TENANT] Error in notification scheduler tenant loop: ORA-00942: table or view does not exist 
Error: ORA-00942: table or view does not exist
    at async Function.executeInTenant (C:\Users\Hritik.s\Documents\GitHub\Bayanat-OCIBackend\src\database\TenantManager.ts:295:22)
    at async C:\Users\Hritik.s\Documents\GitHub\Bayanat-OCIBackend\src\scheduler\notificationEmail.scheduler.ts:113:26
    at async C:\Users\Hritik.s\Documents\GitHub\Bayanat-OCIBackend\src\database\TenantManager.ts:372:25
2026-08-18 13:20:04 [[31merror[39m]: [CUSTOMERBK_TENANT] Error in notification scheduler tenant loop: ORA-00942: table or view does not exist 
Error: ORA-00942: table or view does not exist
    at async Function.executeInTenant (C:\Users\Hritik.s\Documents\GitHub\Bayanat-OCIBackend\src\database\TenantManager.ts:295:22)
    at async C:\Users\Hritik.s\Documents\GitHub\Bayanat-OCIBackend\src\scheduler\notificationEmail.scheduler.ts:113:26
    at async C:\Users\Hritik.s\Documents\GitHub\Bayanat-OCIBackend\src\database\TenantManager.ts:372:25
2026-08-18 13:20:07 [[31merror[39m]: [BTIND_TENANT] Error in notification scheduler tenant loop: ORA-00942: table or view does not exist 
Error: ORA-00942: table or view does not exist
    at async Function.executeInTenant (C:\Users\Hritik.s\Documents\GitHub\Bayanat-OCIBackend\src\database\TenantManager.ts:295:22)
    at async C:\Users\Hritik.s\Documents\GitHub\Bayanat-OCIBackend\src\scheduler\notificationEmail.scheduler.ts:113:26
    at async C:\Users\Hritik.s\Documents\GitHub\Bayanat-OCIBackend\src\database\TenantManager.ts:372:25
2026-08-18 13:22:01 [[31merror[39m]: [CUSTOMERBK_TENANT] Error in notification scheduler tenant loop: ORA-00942: table or view does not exist 
Error: ORA-00942: table or view does not exist
    at async Function.executeInTenant (C:\Users\Hritik.s\Documents\GitHub\Bayanat-OCIBackend\src\database\TenantManager.ts:295:22)
    at async C:\Users\Hritik.s\Documents\GitHub\Bayanat-OCIBackend\src\scheduler\notificationEmail.scheduler.ts:113:26
    at async C:\Users\Hritik.s\Documents\GitHub\Bayanat-OCIBackend\src\database\TenantManager.ts:372:25
2026-08-18 13:22:05 [[31merror[39m]: [BTIND_TENANT] Error in notification scheduler tenant loop: ORA-00942: table or view does not exist 
Error: ORA-00942: table or view does not exist
    at async Function.executeInTenant (C:\Users\Hritik.s\Documents\GitHub\Bayanat-OCIBackend\src\database\TenantManager.ts:295:22)
    at async C:\Users\Hritik.s\Documents\GitHub\Bayanat-OCIBackend\src\scheduler\notificationEmail.scheduler.ts:113:26
    at async C:\Users\Hritik.s\Documents\GitHub\Bayanat-OCIBackend\src\database\TenantManager.ts:372:25
2026-08-18 13:24:00 [[31merror[39m]: [CUSTOMERBK_TENANT] Error in notification scheduler tenant loop: ORA-00942: table or view does not exist 
Error: ORA-00942: table or view does not exist
    at async Function.executeInTenant (C:\Users\Hritik.s\Documents\GitHub\Bayanat-OCIBackend\src\database\TenantManager.ts:295:22)
    at async C:\Users\Hritik.s\Documents\GitHub\Bayanat-OCIBackend\src\scheduler\notificationEmail.scheduler.ts:113:26
    at async C:\Users\Hritik.s\Documents\GitHub\Bayanat-OCIBackend\src\database\TenantManager.ts:372:25
2026-08-18 13:24:01 [[31merror[39m]: [BTIND_TENANT] Error in notification scheduler tenant loop: ORA-00942: table or view does not exist 
Error: ORA-00942: table or view does not exist
    at async Function.executeInTenant (C:\Users\Hritik.s\Documents\GitHub\Bayanat-OCIBackend\src\database\TenantManager.ts:295:22)
    at async C:\Users\Hritik.s\Documents\GitHub\Bayanat-OCIBackend\src\scheduler\notificationEmail.scheduler.ts:113:26
    at async C:\Users\Hritik.s\Documents\GitHub\Bayanat-OCIBackend\src\database\TenantManager.ts:372:25
2026-08-18 13:26:04 [[31merror[39m]: [CUSTOMERBK_TENANT] Error in notification scheduler tenant loop: ORA-00942: table or view does not exist 
Error: ORA-00942: table or view does not exist
    at async Function.executeInTenant (C:\Users\Hritik.s\Documents\GitHub\Bayanat-OCIBackend\src\database\TenantManager.ts:295:22)
    at async C:\Users\Hritik.s\Documents\GitHub\Bayanat-OCIBackend\src\scheduler\notificationEmail.scheduler.ts:113:26
    at async C:\Users\Hritik.s\Documents\GitHub\Bayanat-OCIBackend\src\database\TenantManager.ts:372:25
2026-08-18 13:26:13 [[31merror[39m]: [BTIND_TENANT] Error in notification scheduler tenant loop: ORA-00942: table or view does not exist 
Error: ORA-00942: table or view does not exist
    at async Function.executeInTenant (C:\Users\Hritik.s\Documents\GitHub\Bayanat-OCIBackend\src\database\TenantManager.ts:295:22)
    at async C:\Users\Hritik.s\Documents\GitHub\Bayanat-OCIBackend\src\scheduler\notificationEmail.scheduler.ts:113:26
    at async C:\Users\Hritik.s\Documents\GitHub\Bayanat-OCIBackend\src\database\TenantManager.ts:372:25
2026-08-18 13:26:18 [[31merror[39m]: uncaughtException: listen EADDRINUSE: address already in use :::3500
Error: listen EADDRINUSE: address already in use :::3500
    at Server.setupListenHandle [as _listen2] (node:net:1940:16)
    at listenInCluster (node:net:1997:12)
    at Server.listen (node:net:2102:7)
    at Function.listen (C:\Users\Hritik.s\Documents\GitHub\Bayanat-OCIBackend\node_modules\express\lib\application.js:635:24)
    at startServer (C:\Users\Hritik.s\Documents\GitHub\Bayanat-OCIBackend\index.ts:162:9) 
Error: listen EADDRINUSE: address already in use :::3500
    at Server.setupListenHandle [as _listen2] (node:net:1940:16)
    at listenInCluster (node:net:1997:12)
    at Server.listen (node:net:2102:7)
    at Function.listen (C:\Users\Hritik.s\Documents\GitHub\Bayanat-OCIBackend\node_modules\express\lib\application.js:635:24)
    at startServer (C:\Users\Hritik.s\Documents\GitHub\Bayanat-OCIBackend\index.ts:162:9)
2026-08-18 13:28:04 [[31merror[39m]: [CUSTOMERBK_TENANT] Error in notification scheduler tenant loop: ORA-00942: table or view does not exist 
Error: ORA-00942: table or view does not exist
    at async Function.executeInTenant (C:\Users\Hritik.s\Documents\GitHub\Bayanat-OCIBackend\src\database\TenantManager.ts:295:22)
    at async C:\Users\Hritik.s\Documents\GitHub\Bayanat-OCIBackend\src\scheduler\notificationEmail.scheduler.ts:113:26
    at async C:\Users\Hritik.s\Documents\GitHub\Bayanat-OCIBackend\src\database\TenantManager.ts:372:25
2026-08-18 13:28:05 [[31merror[39m]: [BTIND_TENANT] Error in notification scheduler tenant loop: ORA-00942: table or view does not exist 
Error: ORA-00942: table or view does not exist
    at async Function.executeInTenant (C:\Users\Hritik.s\Documents\GitHub\Bayanat-OCIBackend\src\database\TenantManager.ts:295:22)
    at async C:\Users\Hritik.s\Documents\GitHub\Bayanat-OCIBackend\src\scheduler\notificationEmail.scheduler.ts:113:26
    at async C:\Users\Hritik.s\Documents\GitHub\Bayanat-OCIBackend\src\database\TenantManager.ts:372:25
2026-08-18 13:30:00 [[31merror[39m]: [CUSTOMERBK_TENANT] Error in notification scheduler tenant loop: ORA-00942: table or view does not exist 
Error: ORA-00942: table or view does not exist
    at async Function.executeInTenant (C:\Users\Hritik.s\Documents\GitHub\Bayanat-OCIBackend\src\database\TenantManager.ts:295:22)
    at async C:\Users\Hritik.s\Documents\GitHub\Bayanat-OCIBackend\src\scheduler\notificationEmail.scheduler.ts:113:26
    at async C:\Users\Hritik.s\Documents\GitHub\Bayanat-OCIBackend\src\database\TenantManager.ts:372:25
2026-08-18 13:30:01 [[31merror[39m]: [BTIND_TENANT] Error in notification scheduler tenant loop: ORA-00942: table or view does not exist 
Error: ORA-00942: table or view does not exist
    at async Function.executeInTenant (C:\Users\Hritik.s\Documents\GitHub\Bayanat-OCIBackend\src\database\TenantManager.ts:295:22)
    at async C:\Users\Hritik.s\Documents\GitHub\Bayanat-OCIBackend\src\scheduler\notificationEmail.scheduler.ts:113:26
    at async C:\Users\Hritik.s\Documents\GitHub\Bayanat-OCIBackend\src\database\TenantManager.ts:372:25
2026-08-18 13:32:00 [[31merror[39m]: [CUSTOMERBK_TENANT] Error in notification scheduler tenant loop: ORA-00942: table or view does not exist 
Error: ORA-00942: table or view does not exist
    at async Function.executeInTenant (C:\Users\Hritik.s\Documents\GitHub\Bayanat-OCIBackend\src\database\TenantManager.ts:295:22)
    at async C:\Users\Hritik.s\Documents\GitHub\Bayanat-OCIBackend\src\scheduler\notificationEmail.scheduler.ts:113:26
    at async C:\Users\Hritik.s\Documents\GitHub\Bayanat-OCIBackend\src\database\TenantManager.ts:372:25
2026-08-18 13:32:01 [[31merror[39m]: [BTIND_TENANT] Error in notification scheduler tenant loop: ORA-00942: table or view does not exist 
Error: ORA-00942: table or view does not exist
    at async Function.executeInTenant (C:\Users\Hritik.s\Documents\GitHub\Bayanat-OCIBackend\src\database\TenantManager.ts:295:22)
    at async C:\Users\Hritik.s\Documents\GitHub\Bayanat-OCIBackend\src\scheduler\notificationEmail.scheduler.ts:113:26
    at async C:\Users\Hritik.s\Documents\GitHub\Bayanat-OCIBackend\src\database\TenantManager.ts:372:25
2026-08-18 13:32:38 [[31merror[39m]: uncaughtException: listen EADDRINUSE: address already in use :::3500
Error: listen EADDRINUSE: address already in use :::3500
    at Server.setupListenHandle [as _listen2] (node:net:1940:16)
    at listenInCluster (node:net:1997:12)
    at Server.listen (node:net:2102:7)
    at Function.listen (C:\Users\Hritik.s\Documents\GitHub\Bayanat-OCIBackend\node_modules\express\lib\application.js:635:24)
    at startServer (C:\Users\Hritik.s\Documents\GitHub\Bayanat-OCIBackend\index.ts:162:9) 
Error: listen EADDRINUSE: address already in use :::3500
    at Server.setupListenHandle [as _listen2] (node:net:1940:16)
    at listenInCluster (node:net:1997:12)
    at Server.listen (node:net:2102:7)
    at Function.listen (C:\Users\Hritik.s\Documents\GitHub\Bayanat-OCIBackend\node_modules\express\lib\application.js:635:24)
    at startServer (C:\Users\Hritik.s\Documents\GitHub\Bayanat-OCIBackend\index.ts:162:9)
2026-08-18 13:34:00 [[31merror[39m]: [CUSTOMERBK_TENANT] Error in notification scheduler tenant loop: ORA-00942: table or view does not exist 
Error: ORA-00942: table or view does not exist
    at async Function.executeInTenant (C:\Users\Hritik.s\Documents\GitHub\Bayanat-OCIBackend\src\database\TenantManager.ts:295:22)
    at async C:\Users\Hritik.s\Documents\GitHub\Bayanat-OCIBackend\src\scheduler\notificationEmail.scheduler.ts:113:26
    at async C:\Users\Hritik.s\Documents\GitHub\Bayanat-OCIBackend\src\database\TenantManager.ts:372:25
2026-08-18 13:34:01 [[31merror[39m]: [BTIND_TENANT] Error in notification scheduler tenant loop: ORA-00942: table or view does not exist 
Error: ORA-00942: table or view does not exist
    at async Function.executeInTenant (C:\Users\Hritik.s\Documents\GitHub\Bayanat-OCIBackend\src\database\TenantManager.ts:295:22)
    at async C:\Users\Hritik.s\Documents\GitHub\Bayanat-OCIBackend\src\scheduler\notificationEmail.scheduler.ts:113:26
    at async C:\Users\Hritik.s\Documents\GitHub\Bayanat-OCIBackend\src\database\TenantManager.ts:372:25
2026-08-19 11:32:08 [[31merror[39m]: [NOTIFY] ❌ Failed to send email for event: TRANSACTION_COMPLETED Invalid login: 535 5.7.139 Authentication unsuccessful, the user credentials were incorrect. [DO0P289CA0008.QATP289.PROD.OUTLOOK.COM 2026-08-19T06:02:07.988Z 08DEFD4F90742242] 
Error: Invalid login: 535 5.7.139 Authentication unsuccessful, the user credentials were incorrect. [DO0P289CA0008.QATP289.PROD.OUTLOOK.COM 2026-08-19T06:02:07.988Z 08DEFD4F90742242]
    at SMTPConnection._formatError (C:\Users\Administrator.ROHAN-LAPTOP\Documents\GitHub\Bayanat-OCIBackend\node_modules\nodemailer\lib\smtp-connection\index.js:807:19)
    at SMTPConnection._actionAUTHComplete (C:\Users\Administrator.ROHAN-LAPTOP\Documents\GitHub\Bayanat-OCIBackend\node_modules\nodemailer\lib\smtp-connection\index.js:1586:34)
    at SMTPConnection.<anonymous> (C:\Users\Administrator.ROHAN-LAPTOP\Documents\GitHub\Bayanat-OCIBackend\node_modules\nodemailer\lib\smtp-connection\index.js:1540:18)
    at SMTPConnection._processResponse (C:\Users\Administrator.ROHAN-LAPTOP\Documents\GitHub\Bayanat-OCIBackend\node_modules\nodemailer\lib\smtp-connection\index.js:991:20)
    at SMTPConnection._onData (C:\Users\Administrator.ROHAN-LAPTOP\Documents\GitHub\Bayanat-OCIBackend\node_modules\nodemailer\lib\smtp-connection\index.js:772:14)
    at TLSSocket.SMTPConnection._onSocketData (C:\Users\Administrator.ROHAN-LAPTOP\Documents\GitHub\Bayanat-OCIBackend\node_modules\nodemailer\lib\smtp-connection\index.js:195:44)
    at TLSSocket.emit (node:events:519:28)
    at TLSSocket.emit (node:domain:489:12)
    at addChunk (node:internal/streams/readable:561:12)
    at readableAddChunkPushByteMode (node:internal/streams/readable:512:3)
2026-08-19 18:22:53 [[31merror[39m]: uncaughtException: write EPIPE
Error: write EPIPE
    at afterWriteDispatched (node:internal/stream_base_commons:159:15)
    at writeGeneric (node:internal/stream_base_commons:150:3)
    at WriteStream.Socket._writeGeneric (node:net:966:11)
    at WriteStream.Socket._write (node:net:978:8)
    at writeOrBuffer (node:internal/streams/writable:572:12)
    at _write (node:internal/streams/writable:501:10)
    at WriteStream.Writable.write (node:internal/streams/writable:510:10)
    at console.value (node:internal/console/constructor:298:16)
    at console.log (node:internal/console/constructor:384:26)
    at Function.initialize (C:\Users\Administrator.ROHAN-LAPTOP\Documents\GitHub\Bayanat-OCIBackend\src\database\TenantManager.ts:62:15) 
Error: write EPIPE
    at afterWriteDispatched (node:internal/stream_base_commons:159:15)
    at writeGeneric (node:internal/stream_base_commons:150:3)
    at WriteStream.Socket._writeGeneric (node:net:966:11)
    at WriteStream.Socket._write (node:net:978:8)
    at writeOrBuffer (node:internal/streams/writable:572:12)
    at _write (node:internal/streams/writable:501:10)
    at WriteStream.Writable.write (node:internal/streams/writable:510:10)
    at console.value (node:internal/console/constructor:298:16)
    at console.log (node:internal/console/constructor:384:26)
    at Function.initialize (C:\Users\Administrator.ROHAN-LAPTOP\Documents\GitHub\Bayanat-OCIBackend\src\database\TenantManager.ts:62:15)
2026-08-23 11:20:08 [[31merror[39m]: [NOTIFY] ❌ Failed to send email for event: TRANSACTION_COMPLETED Invalid login: 535 5.7.139 Authentication unsuccessful, the user credentials were incorrect. [DO2P289CA0002.QATP289.PROD.OUTLOOK.COM 2026-08-23T05:50:08.167Z 08DF00C97C9E7BB9] 
Error: Invalid login: 535 5.7.139 Authentication unsuccessful, the user credentials were incorrect. [DO2P289CA0002.QATP289.PROD.OUTLOOK.COM 2026-08-23T05:50:08.167Z 08DF00C97C9E7BB9]
    at SMTPConnection._formatError (C:\Users\Administrator.ROHAN-LAPTOP\Documents\GitHub\Bayanat-OCIBackend\node_modules\nodemailer\lib\smtp-connection\index.js:807:19)
    at SMTPConnection._actionAUTHComplete (C:\Users\Administrator.ROHAN-LAPTOP\Documents\GitHub\Bayanat-OCIBackend\node_modules\nodemailer\lib\smtp-connection\index.js:1586:34)
    at SMTPConnection.<anonymous> (C:\Users\Administrator.ROHAN-LAPTOP\Documents\GitHub\Bayanat-OCIBackend\node_modules\nodemailer\lib\smtp-connection\index.js:1540:18)
    at SMTPConnection._processResponse (C:\Users\Administrator.ROHAN-LAPTOP\Documents\GitHub\Bayanat-OCIBackend\node_modules\nodemailer\lib\smtp-connection\index.js:991:20)
    at SMTPConnection._onData (C:\Users\Administrator.ROHAN-LAPTOP\Documents\GitHub\Bayanat-OCIBackend\node_modules\nodemailer\lib\smtp-connection\index.js:772:14)
    at TLSSocket.SMTPConnection._onSocketData (C:\Users\Administrator.ROHAN-LAPTOP\Documents\GitHub\Bayanat-OCIBackend\node_modules\nodemailer\lib\smtp-connection\index.js:195:44)
    at TLSSocket.emit (node:events:519:28)
    at TLSSocket.emit (node:domain:489:12)
    at addChunk (node:internal/streams/readable:561:12)
    at readableAddChunkPushByteMode (node:internal/streams/readable:512:3)
2026-08-23 11:20:15 [[31merror[39m]: [NOTIFY] ❌ Failed to send email for event: TRANSACTION_COMPLETED Invalid login: 535 5.7.139 Authentication unsuccessful, the user credentials were incorrect. [DO3P289CA0003.QATP289.PROD.OUTLOOK.COM 2026-08-23T05:50:15.499Z 08DF00B11040CFBA] 
Error: Invalid login: 535 5.7.139 Authentication unsuccessful, the user credentials were incorrect. [DO3P289CA0003.QATP289.PROD.OUTLOOK.COM 2026-08-23T05:50:15.499Z 08DF00B11040CFBA]
    at SMTPConnection._formatError (C:\Users\Administrator.ROHAN-LAPTOP\Documents\GitHub\Bayanat-OCIBackend\node_modules\nodemailer\lib\smtp-connection\index.js:807:19)
    at SMTPConnection._actionAUTHComplete (C:\Users\Administrator.ROHAN-LAPTOP\Documents\GitHub\Bayanat-OCIBackend\node_modules\nodemailer\lib\smtp-connection\index.js:1586:34)
    at SMTPConnection.<anonymous> (C:\Users\Administrator.ROHAN-LAPTOP\Documents\GitHub\Bayanat-OCIBackend\node_modules\nodemailer\lib\smtp-connection\index.js:1540:18)
    at SMTPConnection._processResponse (C:\Users\Administrator.ROHAN-LAPTOP\Documents\GitHub\Bayanat-OCIBackend\node_modules\nodemailer\lib\smtp-connection\index.js:991:20)
    at SMTPConnection._onData (C:\Users\Administrator.ROHAN-LAPTOP\Documents\GitHub\Bayanat-OCIBackend\node_modules\nodemailer\lib\smtp-connection\index.js:772:14)
    at TLSSocket.SMTPConnection._onSocketData (C:\Users\Administrator.ROHAN-LAPTOP\Documents\GitHub\Bayanat-OCIBackend\node_modules\nodemailer\lib\smtp-connection\index.js:195:44)
    at TLSSocket.emit (node:events:519:28)
    at TLSSocket.emit (node:domain:489:12)
    at addChunk (node:internal/streams/readable:561:12)
    at readableAddChunkPushByteMode (node:internal/streams/readable:512:3)
2026-08-23 11:24:07 [[31merror[39m]: [NOTIFY] ❌ Failed to send email for event: TRANSACTION_COMPLETED Invalid login: 535 5.7.139 Authentication unsuccessful, the user credentials were incorrect. [DO2P289CA0001.QATP289.PROD.OUTLOOK.COM 2026-08-23T05:54:07.802Z 08DF00C6EE013396] 
Error: Invalid login: 535 5.7.139 Authentication unsuccessful, the user credentials were incorrect. [DO2P289CA0001.QATP289.PROD.OUTLOOK.COM 2026-08-23T05:54:07.802Z 08DF00C6EE013396]
    at SMTPConnection._formatError (C:\Users\Administrator.ROHAN-LAPTOP\Documents\GitHub\Bayanat-OCIBackend\node_modules\nodemailer\lib\smtp-connection\index.js:807:19)
    at SMTPConnection._actionAUTHComplete (C:\Users\Administrator.ROHAN-LAPTOP\Documents\GitHub\Bayanat-OCIBackend\node_modules\nodemailer\lib\smtp-connection\index.js:1586:34)
    at SMTPConnection.<anonymous> (C:\Users\Administrator.ROHAN-LAPTOP\Documents\GitHub\Bayanat-OCIBackend\node_modules\nodemailer\lib\smtp-connection\index.js:1540:18)
    at SMTPConnection._processResponse (C:\Users\Administrator.ROHAN-LAPTOP\Documents\GitHub\Bayanat-OCIBackend\node_modules\nodemailer\lib\smtp-connection\index.js:991:20)
    at SMTPConnection._onData (C:\Users\Administrator.ROHAN-LAPTOP\Documents\GitHub\Bayanat-OCIBackend\node_modules\nodemailer\lib\smtp-connection\index.js:772:14)
    at TLSSocket.SMTPConnection._onSocketData (C:\Users\Administrator.ROHAN-LAPTOP\Documents\GitHub\Bayanat-OCIBackend\node_modules\nodemailer\lib\smtp-connection\index.js:195:44)
    at TLSSocket.emit (node:events:519:28)
    at TLSSocket.emit (node:domain:489:12)
    at addChunk (node:internal/streams/readable:561:12)
    at readableAddChunkPushByteMode (node:internal/streams/readable:512:3)
2026-08-23 11:24:14 [[31merror[39m]: [NOTIFY] ❌ Failed to send email for event: TRANSACTION_COMPLETED Invalid login: 535 5.7.139 Authentication unsuccessful, the user credentials were incorrect. [DO2P289CA0006.QATP289.PROD.OUTLOOK.COM 2026-08-23T05:54:14.589Z 08DF00BB37D30229] 
Error: Invalid login: 535 5.7.139 Authentication unsuccessful, the user credentials were incorrect. [DO2P289CA0006.QATP289.PROD.OUTLOOK.COM 2026-08-23T05:54:14.589Z 08DF00BB37D30229]
    at SMTPConnection._formatError (C:\Users\Administrator.ROHAN-LAPTOP\Documents\GitHub\Bayanat-OCIBackend\node_modules\nodemailer\lib\smtp-connection\index.js:807:19)
    at SMTPConnection._actionAUTHComplete (C:\Users\Administrator.ROHAN-LAPTOP\Documents\GitHub\Bayanat-OCIBackend\node_modules\nodemailer\lib\smtp-connection\index.js:1586:34)
    at SMTPConnection.<anonymous> (C:\Users\Administrator.ROHAN-LAPTOP\Documents\GitHub\Bayanat-OCIBackend\node_modules\nodemailer\lib\smtp-connection\index.js:1540:18)
    at SMTPConnection._processResponse (C:\Users\Administrator.ROHAN-LAPTOP\Documents\GitHub\Bayanat-OCIBackend\node_modules\nodemailer\lib\smtp-connection\index.js:991:20)
    at SMTPConnection._onData (C:\Users\Administrator.ROHAN-LAPTOP\Documents\GitHub\Bayanat-OCIBackend\node_modules\nodemailer\lib\smtp-connection\index.js:772:14)
    at TLSSocket.SMTPConnection._onSocketData (C:\Users\Administrator.ROHAN-LAPTOP\Documents\GitHub\Bayanat-OCIBackend\node_modules\nodemailer\lib\smtp-connection\index.js:195:44)
    at TLSSocket.emit (node:events:519:28)
    at TLSSocket.emit (node:domain:489:12)
    at addChunk (node:internal/streams/readable:561:12)
    at readableAddChunkPushByteMode (node:internal/streams/readable:512:3)
2026-08-23 15:18:07 [[31merror[39m]: [NOTIFY] ❌ Failed to send email for event: TRANSACTION_COMPLETED Invalid login: 535 5.7.139 Authentication unsuccessful, the user credentials were incorrect. [DO0P289CA0015.QATP289.PROD.OUTLOOK.COM 2026-08-23T09:48:07.901Z 08DF00DB19AA9DCF] 
Error: Invalid login: 535 5.7.139 Authentication unsuccessful, the user credentials were incorrect. [DO0P289CA0015.QATP289.PROD.OUTLOOK.COM 2026-08-23T09:48:07.901Z 08DF00DB19AA9DCF]
    at SMTPConnection._formatError (C:\Users\Administrator.ROHAN-LAPTOP\Documents\GitHub\Bayanat-OCIBackend\node_modules\nodemailer\lib\smtp-connection\index.js:807:19)
    at SMTPConnection._actionAUTHComplete (C:\Users\Administrator.ROHAN-LAPTOP\Documents\GitHub\Bayanat-OCIBackend\node_modules\nodemailer\lib\smtp-connection\index.js:1586:34)
    at SMTPConnection.<anonymous> (C:\Users\Administrator.ROHAN-LAPTOP\Documents\GitHub\Bayanat-OCIBackend\node_modules\nodemailer\lib\smtp-connection\index.js:1540:18)
    at SMTPConnection._processResponse (C:\Users\Administrator.ROHAN-LAPTOP\Documents\GitHub\Bayanat-OCIBackend\node_modules\nodemailer\lib\smtp-connection\index.js:991:20)
    at SMTPConnection._onData (C:\Users\Administrator.ROHAN-LAPTOP\Documents\GitHub\Bayanat-OCIBackend\node_modules\nodemailer\lib\smtp-connection\index.js:772:14)
    at TLSSocket.SMTPConnection._onSocketData (C:\Users\Administrator.ROHAN-LAPTOP\Documents\GitHub\Bayanat-OCIBackend\node_modules\nodemailer\lib\smtp-connection\index.js:195:44)
    at TLSSocket.emit (node:events:519:28)
    at TLSSocket.emit (node:domain:489:12)
    at addChunk (node:internal/streams/readable:561:12)
    at readableAddChunkPushByteMode (node:internal/streams/readable:512:3)
2026-08-23 17:30:01 [[31merror[39m]: [CUSTOMERBK_TENANT] Error in notification scheduler tenant loop: ORA-00942: table or view does not exist 
Error: ORA-00942: table or view does not exist
    at async Function.executeInTenant (C:\Users\Hritik.s\Documents\GitHub\Bayanat-OCIBackend\src\database\TenantManager.ts:295:22)
    at async C:\Users\Hritik.s\Documents\GitHub\Bayanat-OCIBackend\src\scheduler\notificationEmail.scheduler.ts:113:26
    at async C:\Users\Hritik.s\Documents\GitHub\Bayanat-OCIBackend\src\database\TenantManager.ts:372:25
2026-08-23 17:30:05 [[31merror[39m]: [BTIND_TENANT] Error in notification scheduler tenant loop: ORA-00942: table or view does not exist 
Error: ORA-00942: table or view does not exist
    at async Function.executeInTenant (C:\Users\Hritik.s\Documents\GitHub\Bayanat-OCIBackend\src\database\TenantManager.ts:295:22)
    at async C:\Users\Hritik.s\Documents\GitHub\Bayanat-OCIBackend\src\scheduler\notificationEmail.scheduler.ts:113:26
    at async C:\Users\Hritik.s\Documents\GitHub\Bayanat-OCIBackend\src\database\TenantManager.ts:372:25
2026-08-23 17:32:00 [[31merror[39m]: [CUSTOMERBK_TENANT] Error in notification scheduler tenant loop: ORA-00942: table or view does not exist 
Error: ORA-00942: table or view does not exist
    at async Function.executeInTenant (C:\Users\Hritik.s\Documents\GitHub\Bayanat-OCIBackend\src\database\TenantManager.ts:295:22)
    at async C:\Users\Hritik.s\Documents\GitHub\Bayanat-OCIBackend\src\scheduler\notificationEmail.scheduler.ts:113:26
    at async C:\Users\Hritik.s\Documents\GitHub\Bayanat-OCIBackend\src\database\TenantManager.ts:372:25
2026-08-23 17:32:01 [[31merror[39m]: [BTIND_TENANT] Error in notification scheduler tenant loop: ORA-00942: table or view does not exist 
Error: ORA-00942: table or view does not exist
    at async Function.executeInTenant (C:\Users\Hritik.s\Documents\GitHub\Bayanat-OCIBackend\src\database\TenantManager.ts:295:22)
    at async C:\Users\Hritik.s\Documents\GitHub\Bayanat-OCIBackend\src\scheduler\notificationEmail.scheduler.ts:113:26
    at async C:\Users\Hritik.s\Documents\GitHub\Bayanat-OCIBackend\src\database\TenantManager.ts:372:25
2026-08-23 17:34:00 [[31merror[39m]: [CUSTOMERBK_TENANT] Error in notification scheduler tenant loop: ORA-00942: table or view does not exist 
Error: ORA-00942: table or view does not exist
    at async Function.executeInTenant (C:\Users\Hritik.s\Documents\GitHub\Bayanat-OCIBackend\src\database\TenantManager.ts:295:22)
    at async C:\Users\Hritik.s\Documents\GitHub\Bayanat-OCIBackend\src\scheduler\notificationEmail.scheduler.ts:113:26
    at async C:\Users\Hritik.s\Documents\GitHub\Bayanat-OCIBackend\src\database\TenantManager.ts:372:25
2026-08-23 17:34:01 [[31merror[39m]: [BTIND_TENANT] Error in notification scheduler tenant loop: ORA-00942: table or view does not exist 
Error: ORA-00942: table or view does not exist
    at async Function.executeInTenant (C:\Users\Hritik.s\Documents\GitHub\Bayanat-OCIBackend\src\database\TenantManager.ts:295:22)
    at async C:\Users\Hritik.s\Documents\GitHub\Bayanat-OCIBackend\src\scheduler\notificationEmail.scheduler.ts:113:26
    at async C:\Users\Hritik.s\Documents\GitHub\Bayanat-OCIBackend\src\database\TenantManager.ts:372:25
2026-08-23 17:36:00 [[31merror[39m]: [CUSTOMERBK_TENANT] Error in notification scheduler tenant loop: ORA-00942: table or view does not exist 
Error: ORA-00942: table or view does not exist
    at async Function.executeInTenant (C:\Users\Hritik.s\Documents\GitHub\Bayanat-OCIBackend\src\database\TenantManager.ts:295:22)
    at async C:\Users\Hritik.s\Documents\GitHub\Bayanat-OCIBackend\src\scheduler\notificationEmail.scheduler.ts:113:26
    at async C:\Users\Hritik.s\Documents\GitHub\Bayanat-OCIBackend\src\database\TenantManager.ts:372:25
2026-08-23 17:36:01 [[31merror[39m]: [BTIND_TENANT] Error in notification scheduler tenant loop: ORA-00942: table or view does not exist 
Error: ORA-00942: table or view does not exist
    at async Function.executeInTenant (C:\Users\Hritik.s\Documents\GitHub\Bayanat-OCIBackend\src\database\TenantManager.ts:295:22)
    at async C:\Users\Hritik.s\Documents\GitHub\Bayanat-OCIBackend\src\scheduler\notificationEmail.scheduler.ts:113:26
    at async C:\Users\Hritik.s\Documents\GitHub\Bayanat-OCIBackend\src\database\TenantManager.ts:372:25
2026-08-23 17:38:00 [[31merror[39m]: [CUSTOMERBK_TENANT] Error in notification scheduler tenant loop: ORA-00942: table or view does not exist 
Error: ORA-00942: table or view does not exist
    at async Function.executeInTenant (C:\Users\Hritik.s\Documents\GitHub\Bayanat-OCIBackend\src\database\TenantManager.ts:295:22)
    at async C:\Users\Hritik.s\Documents\GitHub\Bayanat-OCIBackend\src\scheduler\notificationEmail.scheduler.ts:113:26
    at async C:\Users\Hritik.s\Documents\GitHub\Bayanat-OCIBackend\src\database\TenantManager.ts:372:25
2026-08-23 17:38:01 [[31merror[39m]: [BTIND_TENANT] Error in notification scheduler tenant loop: ORA-00942: table or view does not exist 
Error: ORA-00942: table or view does not exist
    at async Function.executeInTenant (C:\Users\Hritik.s\Documents\GitHub\Bayanat-OCIBackend\src\database\TenantManager.ts:295:22)
    at async C:\Users\Hritik.s\Documents\GitHub\Bayanat-OCIBackend\src\scheduler\notificationEmail.scheduler.ts:113:26
    at async C:\Users\Hritik.s\Documents\GitHub\Bayanat-OCIBackend\src\database\TenantManager.ts:372:25
2026-08-23 17:40:00 [[31merror[39m]: [CUSTOMERBK_TENANT] Error in notification scheduler tenant loop: ORA-00942: table or view does not exist 
Error: ORA-00942: table or view does not exist
    at async Function.executeInTenant (C:\Users\Hritik.s\Documents\GitHub\Bayanat-OCIBackend\src\database\TenantManager.ts:295:22)
    at async C:\Users\Hritik.s\Documents\GitHub\Bayanat-OCIBackend\src\scheduler\notificationEmail.scheduler.ts:113:26
    at async C:\Users\Hritik.s\Documents\GitHub\Bayanat-OCIBackend\src\database\TenantManager.ts:372:25
2026-08-23 17:40:01 [[31merror[39m]: [BTIND_TENANT] Error in notification scheduler tenant loop: ORA-00942: table or view does not exist 
Error: ORA-00942: table or view does not exist
    at async Function.executeInTenant (C:\Users\Hritik.s\Documents\GitHub\Bayanat-OCIBackend\src\database\TenantManager.ts:295:22)
    at async C:\Users\Hritik.s\Documents\GitHub\Bayanat-OCIBackend\src\scheduler\notificationEmail.scheduler.ts:113:26
    at async C:\Users\Hritik.s\Documents\GitHub\Bayanat-OCIBackend\src\database\TenantManager.ts:372:25
2026-08-23 17:42:00 [[31merror[39m]: [CUSTOMERBK_TENANT] Error in notification scheduler tenant loop: ORA-00942: table or view does not exist 
Error: ORA-00942: table or view does not exist
    at async Function.executeInTenant (C:\Users\Hritik.s\Documents\GitHub\Bayanat-OCIBackend\src\database\TenantManager.ts:295:22)
    at async C:\Users\Hritik.s\Documents\GitHub\Bayanat-OCIBackend\src\scheduler\notificationEmail.scheduler.ts:113:26
    at async C:\Users\Hritik.s\Documents\GitHub\Bayanat-OCIBackend\src\database\TenantManager.ts:372:25
2026-08-23 17:42:02 [[31merror[39m]: [BTIND_TENANT] Error in notification scheduler tenant loop: ORA-00942: table or view does not exist 
Error: ORA-00942: table or view does not exist
    at async Function.executeInTenant (C:\Users\Hritik.s\Documents\GitHub\Bayanat-OCIBackend\src\database\TenantManager.ts:295:22)
    at async C:\Users\Hritik.s\Documents\GitHub\Bayanat-OCIBackend\src\scheduler\notificationEmail.scheduler.ts:113:26
    at async C:\Users\Hritik.s\Documents\GitHub\Bayanat-OCIBackend\src\database\TenantManager.ts:372:25
2026-08-23 17:44:00 [[31merror[39m]: [CUSTOMERBK_TENANT] Error in notification scheduler tenant loop: ORA-00942: table or view does not exist 
Error: ORA-00942: table or view does not exist
    at async Function.executeInTenant (C:\Users\Hritik.s\Documents\GitHub\Bayanat-OCIBackend\src\database\TenantManager.ts:295:22)
    at async C:\Users\Hritik.s\Documents\GitHub\Bayanat-OCIBackend\src\scheduler\notificationEmail.scheduler.ts:113:26
    at async C:\Users\Hritik.s\Documents\GitHub\Bayanat-OCIBackend\src\database\TenantManager.ts:372:25
2026-08-23 17:44:01 [[31merror[39m]: [BTIND_TENANT] Error in notification scheduler tenant loop: ORA-00942: table or view does not exist 
Error: ORA-00942: table or view does not exist
    at async Function.executeInTenant (C:\Users\Hritik.s\Documents\GitHub\Bayanat-OCIBackend\src\database\TenantManager.ts:295:22)
    at async C:\Users\Hritik.s\Documents\GitHub\Bayanat-OCIBackend\src\scheduler\notificationEmail.scheduler.ts:113:26
    at async C:\Users\Hritik.s\Documents\GitHub\Bayanat-OCIBackend\src\database\TenantManager.ts:372:25
2026-08-23 17:46:00 [[31merror[39m]: [CUSTOMERBK_TENANT] Error in notification scheduler tenant loop: ORA-00942: table or view does not exist 
Error: ORA-00942: table or view does not exist
    at async Function.executeInTenant (C:\Users\Hritik.s\Documents\GitHub\Bayanat-OCIBackend\src\database\TenantManager.ts:295:22)
    at async C:\Users\Hritik.s\Documents\GitHub\Bayanat-OCIBackend\src\scheduler\notificationEmail.scheduler.ts:113:26
    at async C:\Users\Hritik.s\Documents\GitHub\Bayanat-OCIBackend\src\database\TenantManager.ts:372:25
2026-08-23 17:46:01 [[31merror[39m]: [BTIND_TENANT] Error in notification scheduler tenant loop: ORA-00942: table or view does not exist 
Error: ORA-00942: table or view does not exist
    at async Function.executeInTenant (C:\Users\Hritik.s\Documents\GitHub\Bayanat-OCIBackend\src\database\TenantManager.ts:295:22)
    at async C:\Users\Hritik.s\Documents\GitHub\Bayanat-OCIBackend\src\scheduler\notificationEmail.scheduler.ts:113:26
    at async C:\Users\Hritik.s\Documents\GitHub\Bayanat-OCIBackend\src\database\TenantManager.ts:372:25
2026-08-23 17:48:00 [[31merror[39m]: [CUSTOMERBK_TENANT] Error in notification scheduler tenant loop: ORA-00942: table or view does not exist 
Error: ORA-00942: table or view does not exist
    at async Function.executeInTenant (C:\Users\Hritik.s\Documents\GitHub\Bayanat-OCIBackend\src\database\TenantManager.ts:295:22)
    at async C:\Users\Hritik.s\Documents\GitHub\Bayanat-OCIBackend\src\scheduler\notificationEmail.scheduler.ts:113:26
    at async C:\Users\Hritik.s\Documents\GitHub\Bayanat-OCIBackend\src\database\TenantManager.ts:372:25
2026-08-23 17:48:01 [[31merror[39m]: [BTIND_TENANT] Error in notification scheduler tenant loop: ORA-00942: table or view does not exist 
Error: ORA-00942: table or view does not exist
    at async Function.executeInTenant (C:\Users\Hritik.s\Documents\GitHub\Bayanat-OCIBackend\src\database\TenantManager.ts:295:22)
    at async C:\Users\Hritik.s\Documents\GitHub\Bayanat-OCIBackend\src\scheduler\notificationEmail.scheduler.ts:113:26
    at async C:\Users\Hritik.s\Documents\GitHub\Bayanat-OCIBackend\src\database\TenantManager.ts:372:25
2026-08-23 17:50:00 [[31merror[39m]: [CUSTOMERBK_TENANT] Error in notification scheduler tenant loop: ORA-00942: table or view does not exist 
Error: ORA-00942: table or view does not exist
    at async Function.executeInTenant (C:\Users\Hritik.s\Documents\GitHub\Bayanat-OCIBackend\src\database\TenantManager.ts:295:22)
    at async C:\Users\Hritik.s\Documents\GitHub\Bayanat-OCIBackend\src\scheduler\notificationEmail.scheduler.ts:113:26
    at async C:\Users\Hritik.s\Documents\GitHub\Bayanat-OCIBackend\src\database\TenantManager.ts:372:25
2026-08-23 17:50:02 [[31merror[39m]: [BTIND_TENANT] Error in notification scheduler tenant loop: ORA-00942: table or view does not exist 
Error: ORA-00942: table or view does not exist
    at async Function.executeInTenant (C:\Users\Hritik.s\Documents\GitHub\Bayanat-OCIBackend\src\database\TenantManager.ts:295:22)
    at async C:\Users\Hritik.s\Documents\GitHub\Bayanat-OCIBackend\src\scheduler\notificationEmail.scheduler.ts:113:26
    at async C:\Users\Hritik.s\Documents\GitHub\Bayanat-OCIBackend\src\database\TenantManager.ts:372:25
2026-08-23 17:52:00 [[31merror[39m]: [CUSTOMERBK_TENANT] Error in notification scheduler tenant loop: ORA-00942: table or view does not exist 
Error: ORA-00942: table or view does not exist
    at async Function.executeInTenant (C:\Users\Hritik.s\Documents\GitHub\Bayanat-OCIBackend\src\database\TenantManager.ts:295:22)
    at async C:\Users\Hritik.s\Documents\GitHub\Bayanat-OCIBackend\src\scheduler\notificationEmail.scheduler.ts:113:26
    at async C:\Users\Hritik.s\Documents\GitHub\Bayanat-OCIBackend\src\database\TenantManager.ts:372:25
2026-08-23 17:52:01 [[31merror[39m]: [BTIND_TENANT] Error in notification scheduler tenant loop: ORA-00942: table or view does not exist 
Error: ORA-00942: table or view does not exist
    at async Function.executeInTenant (C:\Users\Hritik.s\Documents\GitHub\Bayanat-OCIBackend\src\database\TenantManager.ts:295:22)
    at async C:\Users\Hritik.s\Documents\GitHub\Bayanat-OCIBackend\src\scheduler\notificationEmail.scheduler.ts:113:26
    at async C:\Users\Hritik.s\Documents\GitHub\Bayanat-OCIBackend\src\database\TenantManager.ts:372:25
2026-08-23 17:54:00 [[31merror[39m]: [CUSTOMERBK_TENANT] Error in notification scheduler tenant loop: ORA-00942: table or view does not exist 
Error: ORA-00942: table or view does not exist
    at async Function.executeInTenant (C:\Users\Hritik.s\Documents\GitHub\Bayanat-OCIBackend\src\database\TenantManager.ts:295:22)
    at async C:\Users\Hritik.s\Documents\GitHub\Bayanat-OCIBackend\src\scheduler\notificationEmail.scheduler.ts:113:26
    at async C:\Users\Hritik.s\Documents\GitHub\Bayanat-OCIBackend\src\database\TenantManager.ts:372:25
2026-08-23 17:54:08 [[31merror[39m]: [NOTIFY] ❌ Failed to send email for event: TRANSACTION_COMPLETED Invalid login: 535 5.7.139 Authentication unsuccessful, the user credentials were incorrect. [DO3P289CA0018.QATP289.PROD.OUTLOOK.COM 2026-08-23T12:24:08.884Z 08DF00C142352410] 
Error: Invalid login: 535 5.7.139 Authentication unsuccessful, the user credentials were incorrect. [DO3P289CA0018.QATP289.PROD.OUTLOOK.COM 2026-08-23T12:24:08.884Z 08DF00C142352410]
    at SMTPConnection._formatError (C:\Users\Hritik.s\Documents\GitHub\Bayanat-OCIBackend\node_modules\nodemailer\lib\smtp-connection\index.js:807:19)
    at SMTPConnection._actionAUTHComplete (C:\Users\Hritik.s\Documents\GitHub\Bayanat-OCIBackend\node_modules\nodemailer\lib\smtp-connection\index.js:1586:34)
    at SMTPConnection.<anonymous> (C:\Users\Hritik.s\Documents\GitHub\Bayanat-OCIBackend\node_modules\nodemailer\lib\smtp-connection\index.js:1540:18)
    at SMTPConnection._processResponse (C:\Users\Hritik.s\Documents\GitHub\Bayanat-OCIBackend\node_modules\nodemailer\lib\smtp-connection\index.js:991:20)
    at SMTPConnection._onData (C:\Users\Hritik.s\Documents\GitHub\Bayanat-OCIBackend\node_modules\nodemailer\lib\smtp-connection\index.js:772:14)
    at TLSSocket.SMTPConnection._onSocketData (C:\Users\Hritik.s\Documents\GitHub\Bayanat-OCIBackend\node_modules\nodemailer\lib\smtp-connection\index.js:195:44)
    at TLSSocket.emit (node:events:518:28)
    at TLSSocket.emit (node:domain:489:12)
    at addChunk (node:internal/streams/readable:561:12)
    at readableAddChunkPushByteMode (node:internal/streams/readable:512:3)
2026-08-23 17:54:09 [[31merror[39m]: [BTIND_TENANT] Error in notification scheduler tenant loop: ORA-00942: table or view does not exist 
Error: ORA-00942: table or view does not exist
    at async Function.executeInTenant (C:\Users\Hritik.s\Documents\GitHub\Bayanat-OCIBackend\src\database\TenantManager.ts:295:22)
    at async C:\Users\Hritik.s\Documents\GitHub\Bayanat-OCIBackend\src\scheduler\notificationEmail.scheduler.ts:113:26
    at async C:\Users\Hritik.s\Documents\GitHub\Bayanat-OCIBackend\src\database\TenantManager.ts:372:25
2026-08-23 17:56:00 [[31merror[39m]: [CUSTOMERBK_TENANT] Error in notification scheduler tenant loop: ORA-00942: table or view does not exist 
Error: ORA-00942: table or view does not exist
    at async Function.executeInTenant (C:\Users\Hritik.s\Documents\GitHub\Bayanat-OCIBackend\src\database\TenantManager.ts:295:22)
    at async C:\Users\Hritik.s\Documents\GitHub\Bayanat-OCIBackend\src\scheduler\notificationEmail.scheduler.ts:113:26
    at async C:\Users\Hritik.s\Documents\GitHub\Bayanat-OCIBackend\src\database\TenantManager.ts:372:25
2026-08-23 17:56:01 [[31merror[39m]: [BTIND_TENANT] Error in notification scheduler tenant loop: ORA-00942: table or view does not exist 
Error: ORA-00942: table or view does not exist
    at async Function.executeInTenant (C:\Users\Hritik.s\Documents\GitHub\Bayanat-OCIBackend\src\database\TenantManager.ts:295:22)
    at async C:\Users\Hritik.s\Documents\GitHub\Bayanat-OCIBackend\src\scheduler\notificationEmail.scheduler.ts:113:26
    at async C:\Users\Hritik.s\Documents\GitHub\Bayanat-OCIBackend\src\database\TenantManager.ts:372:25
2026-08-23 17:58:00 [[31merror[39m]: [CUSTOMERBK_TENANT] Error in notification scheduler tenant loop: ORA-00942: table or view does not exist 
Error: ORA-00942: table or view does not exist
    at async Function.executeInTenant (C:\Users\Hritik.s\Documents\GitHub\Bayanat-OCIBackend\src\database\TenantManager.ts:295:22)
    at async C:\Users\Hritik.s\Documents\GitHub\Bayanat-OCIBackend\src\scheduler\notificationEmail.scheduler.ts:113:26
    at async C:\Users\Hritik.s\Documents\GitHub\Bayanat-OCIBackend\src\database\TenantManager.ts:372:25
2026-08-23 17:58:01 [[31merror[39m]: [BTIND_TENANT] Error in notification scheduler tenant loop: ORA-00942: table or view does not exist 
Error: ORA-00942: table or view does not exist
    at async Function.executeInTenant (C:\Users\Hritik.s\Documents\GitHub\Bayanat-OCIBackend\src\database\TenantManager.ts:295:22)
    at async C:\Users\Hritik.s\Documents\GitHub\Bayanat-OCIBackend\src\scheduler\notificationEmail.scheduler.ts:113:26
    at async C:\Users\Hritik.s\Documents\GitHub\Bayanat-OCIBackend\src\database\TenantManager.ts:372:25
2026-08-24 10:52:39 [[31merror[39m]: uncaughtException: ⨯ Unable to compile TypeScript:
[96msrc/routes/purchase_sales/purchase_sales.routes.ts[0m:[93m23[0m:[93m8[0m - [91merror[0m[90m TS2307: [0mCannot find module '../../controllers/purchase_sales/pendingPOReport' or its corresponding type declarations.

[7m23[0m } from "../../controllers/purchase_sales/pendingPOReport";
[7m  [0m [91m       ~~~~~~~~~~~~~~~~~~~~~~~~~~~~~~~~~~~~~~~~~~~~~~~~~~[0m

TSError: ⨯ Unable to compile TypeScript:
[96msrc/routes/purchase_sales/purchase_sales.routes.ts[0m:[93m23[0m:[93m8[0m - [91merror[0m[90m TS2307: [0mCannot find module '../../controllers/purchase_sales/pendingPOReport' or its corresponding type declarations.

[7m23[0m } from "../../controllers/purchase_sales/pendingPOReport";
[7m  [0m [91m       ~~~~~~~~~~~~~~~~~~~~~~~~~~~~~~~~~~~~~~~~~~~~~~~~~~[0m

    at createTSError (C:\Users\Gurshish\Desktop\Bayanat\Bayanat-OCIBackend\node_modules\ts-node\src\index.ts:859:12)
    at reportTSError (C:\Users\Gurshish\Desktop\Bayanat\Bayanat-OCIBackend\node_modules\ts-node\src\index.ts:863:19)
    at getOutput (C:\Users\Gurshish\Desktop\Bayanat\Bayanat-OCIBackend\node_modules\ts-node\src\index.ts:1077:36)
    at Object.compile (C:\Users\Gurshish\Desktop\Bayanat\Bayanat-OCIBackend\node_modules\ts-node\src\index.ts:1433:41)
    at Module.m._compile (C:\Users\Gurshish\Desktop\Bayanat\Bayanat-OCIBackend\node_modules\ts-node\src\index.ts:1617:30)
    at node:internal/modules/cjs/loader:2002:10
    at Object.require.extensions.<computed> [as .ts] (C:\Users\Gurshish\Desktop\Bayanat\Bayanat-OCIBackend\node_modules\ts-node\src\index.ts:1621:12)
    at Module.load (node:internal/modules/cjs/loader:1594:32)
    at Module._load (node:internal/modules/cjs/loader:1396:12)
    at wrapModuleLoad (node:internal/modules/cjs/loader:255:19) 
TSError: ⨯ Unable to compile TypeScript:
[96msrc/routes/purchase_sales/purchase_sales.routes.ts[0m:[93m23[0m:[93m8[0m - [91merror[0m[90m TS2307: [0mCannot find module '../../controllers/purchase_sales/pendingPOReport' or its corresponding type declarations.

[7m23[0m } from "../../controllers/purchase_sales/pendingPOReport";
[7m  [0m [91m       ~~~~~~~~~~~~~~~~~~~~~~~~~~~~~~~~~~~~~~~~~~~~~~~~~~[0m

    at createTSError (C:\Users\Gurshish\Desktop\Bayanat\Bayanat-OCIBackend\node_modules\ts-node\src\index.ts:859:12)
    at reportTSError (C:\Users\Gurshish\Desktop\Bayanat\Bayanat-OCIBackend\node_modules\ts-node\src\index.ts:863:19)
    at getOutput (C:\Users\Gurshish\Desktop\Bayanat\Bayanat-OCIBackend\node_modules\ts-node\src\index.ts:1077:36)
    at Object.compile (C:\Users\Gurshish\Desktop\Bayanat\Bayanat-OCIBackend\node_modules\ts-node\src\index.ts:1433:41)
    at Module.m._compile (C:\Users\Gurshish\Desktop\Bayanat\Bayanat-OCIBackend\node_modules\ts-node\src\index.ts:1617:30)
    at node:internal/modules/cjs/loader:2002:10
    at Object.require.extensions.<computed> [as .ts] (C:\Users\Gurshish\Desktop\Bayanat\Bayanat-OCIBackend\node_modules\ts-node\src\index.ts:1621:12)
    at Module.load (node:internal/modules/cjs/loader:1594:32)
    at Module._load (node:internal/modules/cjs/loader:1396:12)
    at wrapModuleLoad (node:internal/modules/cjs/loader:255:19)
2026-08-25 15:54:11 [[31merror[39m]: uncaughtException: listen EADDRINUSE: address already in use :::3500
Error: listen EADDRINUSE: address already in use :::3500
    at Server.setupListenHandle [as _listen2] (node:net:1940:16)
    at listenInCluster (node:net:1997:12)
    at Server.listen (node:net:2102:7)
    at Function.listen (D:\Bayanat-OCIBackend\node_modules\express\lib\application.js:635:24)
    at startServer (D:\Bayanat-OCIBackend\index.ts:160:9) 
Error: listen EADDRINUSE: address already in use :::3500
    at Server.setupListenHandle [as _listen2] (node:net:1940:16)
    at listenInCluster (node:net:1997:12)
    at Server.listen (node:net:2102:7)
    at Function.listen (D:\Bayanat-OCIBackend\node_modules\express\lib\application.js:635:24)
    at startServer (D:\Bayanat-OCIBackend\index.ts:160:9)
2026-09-08 10:51:39 [[31merror[39m]: uncaughtException: ⨯ Unable to compile TypeScript:
[96msrc/controllers/wms/reports/invoice_reports/qrToken.ts[0m:[93m3[0m:[93m20[0m - [91merror[0m[90m TS2307: [0mCannot find module 'qrcode' or its corresponding type declarations.

[7m3[0m import QRCode from "qrcode";
[7m [0m [91m                   ~~~~~~~~[0m

TSError: ⨯ Unable to compile TypeScript:
[96msrc/controllers/wms/reports/invoice_reports/qrToken.ts[0m:[93m3[0m:[93m20[0m - [91merror[0m[90m TS2307: [0mCannot find module 'qrcode' or its corresponding type declarations.

[7m3[0m import QRCode from "qrcode";
[7m [0m [91m                   ~~~~~~~~[0m

    at createTSError (C:\projects\Bayanat-OCIBackend\node_modules\ts-node\src\index.ts:859:12)
    at reportTSError (C:\projects\Bayanat-OCIBackend\node_modules\ts-node\src\index.ts:863:19)
    at getOutput (C:\projects\Bayanat-OCIBackend\node_modules\ts-node\src\index.ts:1077:36)
    at Object.compile (C:\projects\Bayanat-OCIBackend\node_modules\ts-node\src\index.ts:1433:41)
    at Module.m._compile (C:\projects\Bayanat-OCIBackend\node_modules\ts-node\src\index.ts:1617:30)
    at node:internal/modules/cjs/loader:1943:10
    at Object.require.extensions.<computed> [as .ts] (C:\projects\Bayanat-OCIBackend\node_modules\ts-node\src\index.ts:1621:12)
    at Module.load (node:internal/modules/cjs/loader:1533:32)
    at Module._load (node:internal/modules/cjs/loader:1335:12)
    at wrapModuleLoad (node:internal/modules/cjs/loader:255:19) 
TSError: ⨯ Unable to compile TypeScript:
[96msrc/controllers/wms/reports/invoice_reports/qrToken.ts[0m:[93m3[0m:[93m20[0m - [91merror[0m[90m TS2307: [0mCannot find module 'qrcode' or its corresponding type declarations.

[7m3[0m import QRCode from "qrcode";
[7m [0m [91m                   ~~~~~~~~[0m

    at createTSError (C:\projects\Bayanat-OCIBackend\node_modules\ts-node\src\index.ts:859:12)
    at reportTSError (C:\projects\Bayanat-OCIBackend\node_modules\ts-node\src\index.ts:863:19)
    at getOutput (C:\projects\Bayanat-OCIBackend\node_modules\ts-node\src\index.ts:1077:36)
    at Object.compile (C:\projects\Bayanat-OCIBackend\node_modules\ts-node\src\index.ts:1433:41)
    at Module.m._compile (C:\projects\Bayanat-OCIBackend\node_modules\ts-node\src\index.ts:1617:30)
    at node:internal/modules/cjs/loader:1943:10
    at Object.require.extensions.<computed> [as .ts] (C:\projects\Bayanat-OCIBackend\node_modules\ts-node\src\index.ts:1621:12)
    at Module.load (node:internal/modules/cjs/loader:1533:32)
    at Module._load (node:internal/modules/cjs/loader:1335:12)
    at wrapModuleLoad (node:internal/modules/cjs/loader:255:19)
2026-09-08 11:16:00 [[31merror[39m]: NotificationEmailScheduler failed: ORA-00942: table or view does not exist
Help: https://docs.oracle.com/error-help/db/ora-00942/ 
Error: ORA-00942: table or view does not exist
Help: https://docs.oracle.com/error-help/db/ora-00942/
    at async TenantManager.listActiveTenants (C:\projects\Bayanat-OCIBackend\src\database\TenantManager.ts:335:22)
    at async C:\projects\Bayanat-OCIBackend\src\scheduler\notificationEmail.scheduler.ts:99:11
    at async Timeout._onTimeout (C:\projects\Bayanat-OCIBackend\node_modules\node-cron\src\scheduler\runner.ts:100:30)
2026-09-08 11:18:00 [[31merror[39m]: NotificationEmailScheduler failed: ORA-00942: table or view does not exist
Help: https://docs.oracle.com/error-help/db/ora-00942/ 
Error: ORA-00942: table or view does not exist
Help: https://docs.oracle.com/error-help/db/ora-00942/
    at async TenantManager.listActiveTenants (C:\projects\Bayanat-OCIBackend\src\database\TenantManager.ts:335:22)
    at async C:\projects\Bayanat-OCIBackend\src\scheduler\notificationEmail.scheduler.ts:99:11
    at async Timeout._onTimeout (C:\projects\Bayanat-OCIBackend\node_modules\node-cron\src\scheduler\runner.ts:100:30)
2026-09-08 11:20:01 [[31merror[39m]: NotificationEmailScheduler failed: ORA-00942: table or view does not exist
Help: https://docs.oracle.com/error-help/db/ora-00942/ 
Error: ORA-00942: table or view does not exist
Help: https://docs.oracle.com/error-help/db/ora-00942/
    at async TenantManager.listActiveTenants (C:\projects\Bayanat-OCIBackend\src\database\TenantManager.ts:335:22)
    at async C:\projects\Bayanat-OCIBackend\src\scheduler\notificationEmail.scheduler.ts:99:11
    at async Timeout._onTimeout (C:\projects\Bayanat-OCIBackend\node_modules\node-cron\src\scheduler\runner.ts:100:30)
2026-09-08 11:22:00 [[31merror[39m]: NotificationEmailScheduler failed: ORA-00942: table or view does not exist
Help: https://docs.oracle.com/error-help/db/ora-00942/ 
Error: ORA-00942: table or view does not exist
Help: https://docs.oracle.com/error-help/db/ora-00942/
    at async TenantManager.listActiveTenants (C:\projects\Bayanat-OCIBackend\src\database\TenantManager.ts:335:22)
    at async C:\projects\Bayanat-OCIBackend\src\scheduler\notificationEmail.scheduler.ts:99:11
    at async Timeout._onTimeout (C:\projects\Bayanat-OCIBackend\node_modules\node-cron\src\scheduler\runner.ts:100:30)
2026-09-08 11:24:00 [[31merror[39m]: NotificationEmailScheduler failed: ORA-00942: table or view does not exist
Help: https://docs.oracle.com/error-help/db/ora-00942/ 
Error: ORA-00942: table or view does not exist
Help: https://docs.oracle.com/error-help/db/ora-00942/
    at async TenantManager.listActiveTenants (C:\projects\Bayanat-OCIBackend\src\database\TenantManager.ts:335:22)
    at async C:\projects\Bayanat-OCIBackend\src\scheduler\notificationEmail.scheduler.ts:99:11
    at async Timeout._onTimeout (C:\projects\Bayanat-OCIBackend\node_modules\node-cron\src\scheduler\runner.ts:100:30)
2026-09-08 11:26:00 [[31merror[39m]: NotificationEmailScheduler failed: ORA-00942: table or view does not exist
Help: https://docs.oracle.com/error-help/db/ora-00942/ 
Error: ORA-00942: table or view does not exist
Help: https://docs.oracle.com/error-help/db/ora-00942/
    at async TenantManager.listActiveTenants (C:\projects\Bayanat-OCIBackend\src\database\TenantManager.ts:335:22)
    at async C:\projects\Bayanat-OCIBackend\src\scheduler\notificationEmail.scheduler.ts:99:11
    at async Timeout._onTimeout (C:\projects\Bayanat-OCIBackend\node_modules\node-cron\src\scheduler\runner.ts:100:30)
2026-09-08 11:28:00 [[31merror[39m]: NotificationEmailScheduler failed: ORA-00942: table or view does not exist
Help: https://docs.oracle.com/error-help/db/ora-00942/ 
Error: ORA-00942: table or view does not exist
Help: https://docs.oracle.com/error-help/db/ora-00942/
    at async TenantManager.listActiveTenants (C:\projects\Bayanat-OCIBackend\src\database\TenantManager.ts:335:22)
    at async C:\projects\Bayanat-OCIBackend\src\scheduler\notificationEmail.scheduler.ts:99:11
    at async Timeout._onTimeout (C:\projects\Bayanat-OCIBackend\node_modules\node-cron\src\scheduler\runner.ts:100:30)
2026-09-08 11:30:00 [[31merror[39m]: NotificationEmailScheduler failed: ORA-00942: table or view does not exist
Help: https://docs.oracle.com/error-help/db/ora-00942/ 
Error: ORA-00942: table or view does not exist
Help: https://docs.oracle.com/error-help/db/ora-00942/
    at async TenantManager.listActiveTenants (C:\projects\Bayanat-OCIBackend\src\database\TenantManager.ts:335:22)
    at async C:\projects\Bayanat-OCIBackend\src\scheduler\notificationEmail.scheduler.ts:99:11
    at async Timeout._onTimeout (C:\projects\Bayanat-OCIBackend\node_modules\node-cron\src\scheduler\runner.ts:100:30)
2026-09-08 11:42:20 [[31merror[39m]: NotificationEmailScheduler failed: ORA-12170: Cannot connect. TCP connect timeout of 20s for host 10.10.0.16 port 1521. (CONNECTION_ID=xLua7A5pS2SgrYcrWWQ0ig==)
Help: https://docs.oracle.com/error-help/db/ora-12170/ 
Error: ORA-12170: Cannot connect. TCP connect timeout of 20s for host 10.10.0.16 port 1521. (CONNECTION_ID=xLua7A5pS2SgrYcrWWQ0ig==)
Help: https://docs.oracle.com/error-help/db/ora-12170/
    at async TenantManager.getCentralConnection (C:\projects\Bayanat-OCIBackend\src\database\TenantManager.ts:86:20)
    at async TenantManager.listActiveTenants (C:\projects\Bayanat-OCIBackend\src\database\TenantManager.ts:333:18)
    at async C:\projects\Bayanat-OCIBackend\src\scheduler\notificationEmail.scheduler.ts:99:11
    at async Timeout._onTimeout (C:\projects\Bayanat-OCIBackend\node_modules\node-cron\src\scheduler\runner.ts:100:30)
2026-09-08 11:44:12 [[31merror[39m]: NotificationEmailScheduler failed: ORA-00942: table or view does not exist
Help: https://docs.oracle.com/error-help/db/ora-00942/ 
Error: ORA-00942: table or view does not exist
Help: https://docs.oracle.com/error-help/db/ora-00942/
    at async TenantManager.listActiveTenants (C:\projects\Bayanat-OCIBackend\src\database\TenantManager.ts:335:22)
    at async C:\projects\Bayanat-OCIBackend\src\scheduler\notificationEmail.scheduler.ts:99:11
    at async Timeout._onTimeout (C:\projects\Bayanat-OCIBackend\node_modules\node-cron\src\scheduler\runner.ts:100:30)
2026-09-08 11:56:07 [[31merror[39m]: [CUSTOMERBK_TENANT] Error in notification scheduler tenant loop: ORA-00942: table or view does not exist
Help: https://docs.oracle.com/error-help/db/ora-00942/ 
Error: ORA-00942: table or view does not exist
Help: https://docs.oracle.com/error-help/db/ora-00942/
    at async TenantManager.executeInTenant (C:\projects\Bayanat-OCIBackend\src\database\TenantManager.ts:295:22)
    at async C:\projects\Bayanat-OCIBackend\src\scheduler\notificationEmail.scheduler.ts:113:26
    at async C:\projects\Bayanat-OCIBackend\src\database\TenantManager.ts:372:25
2026-09-08 11:56:23 [[31merror[39m]: [NOTIFY] ❌ Failed to send email for event: TRANSACTION_COMPLETED Invalid login: 535 5.7.139 Authentication unsuccessful, the user credentials were incorrect. [PNYPR01CA0040.INDPRD01.PROD.OUTLOOK.COM 2026-09-08T06:26:24.187Z 08DF0B63BF63F228] 
Error: Invalid login: 535 5.7.139 Authentication unsuccessful, the user credentials were incorrect. [PNYPR01CA0040.INDPRD01.PROD.OUTLOOK.COM 2026-09-08T06:26:24.187Z 08DF0B63BF63F228]
    at SMTPConnection._formatError (C:\projects\Bayanat-OCIBackend\node_modules\nodemailer\lib\smtp-connection\index.js:807:19)
    at SMTPConnection._actionAUTHComplete (C:\projects\Bayanat-OCIBackend\node_modules\nodemailer\lib\smtp-connection\index.js:1586:34)
    at SMTPConnection.<anonymous> (C:\projects\Bayanat-OCIBackend\node_modules\nodemailer\lib\smtp-connection\index.js:1540:18)
    at SMTPConnection._processResponse (C:\projects\Bayanat-OCIBackend\node_modules\nodemailer\lib\smtp-connection\index.js:991:20)
    at SMTPConnection._onData (C:\projects\Bayanat-OCIBackend\node_modules\nodemailer\lib\smtp-connection\index.js:772:14)
    at TLSSocket.SMTPConnection._onSocketData (C:\projects\Bayanat-OCIBackend\node_modules\nodemailer\lib\smtp-connection\index.js:195:44)
    at TLSSocket.emit (node:events:508:28)
    at TLSSocket.emit (node:domain:489:12)
    at addChunk (node:internal/streams/readable:563:12)
    at readableAddChunkPushByteMode (node:internal/streams/readable:514:3)
2026-09-08 11:56:32 [[31merror[39m]: [NOTIFY] ❌ Failed to send email for event: TRANSACTION_COMPLETED Invalid login: 535 5.7.139 Authentication unsuccessful, the user credentials were incorrect. [PNYPR01CA0038.INDPRD01.PROD.OUTLOOK.COM 2026-09-08T06:26:33.002Z 08DF0B40727D0A33] 
Error: Invalid login: 535 5.7.139 Authentication unsuccessful, the user credentials were incorrect. [PNYPR01CA0038.INDPRD01.PROD.OUTLOOK.COM 2026-09-08T06:26:33.002Z 08DF0B40727D0A33]
    at SMTPConnection._formatError (C:\projects\Bayanat-OCIBackend\node_modules\nodemailer\lib\smtp-connection\index.js:807:19)
    at SMTPConnection._actionAUTHComplete (C:\projects\Bayanat-OCIBackend\node_modules\nodemailer\lib\smtp-connection\index.js:1586:34)
    at SMTPConnection.<anonymous> (C:\projects\Bayanat-OCIBackend\node_modules\nodemailer\lib\smtp-connection\index.js:1540:18)
    at SMTPConnection._processResponse (C:\projects\Bayanat-OCIBackend\node_modules\nodemailer\lib\smtp-connection\index.js:991:20)
    at SMTPConnection._onData (C:\projects\Bayanat-OCIBackend\node_modules\nodemailer\lib\smtp-connection\index.js:772:14)
    at TLSSocket.SMTPConnection._onSocketData (C:\projects\Bayanat-OCIBackend\node_modules\nodemailer\lib\smtp-connection\index.js:195:44)
    at TLSSocket.emit (node:events:508:28)
    at TLSSocket.emit (node:domain:489:12)
    at addChunk (node:internal/streams/readable:563:12)
    at readableAddChunkPushByteMode (node:internal/streams/readable:514:3)
2026-09-08 11:56:41 [[31merror[39m]: [NOTIFY] ❌ Failed to send email for event: TRANSACTION_COMPLETED Invalid login: 535 5.7.139 Authentication unsuccessful, the user credentials were incorrect. [PNYPR01CA0031.INDPRD01.PROD.OUTLOOK.COM 2026-09-08T06:26:41.665Z 08DF0D5A0B8E159B] 
Error: Invalid login: 535 5.7.139 Authentication unsuccessful, the user credentials were incorrect. [PNYPR01CA0031.INDPRD01.PROD.OUTLOOK.COM 2026-09-08T06:26:41.665Z 08DF0D5A0B8E159B]
    at SMTPConnection._formatError (C:\projects\Bayanat-OCIBackend\node_modules\nodemailer\lib\smtp-connection\index.js:807:19)
    at SMTPConnection._actionAUTHComplete (C:\projects\Bayanat-OCIBackend\node_modules\nodemailer\lib\smtp-connection\index.js:1586:34)
    at SMTPConnection.<anonymous> (C:\projects\Bayanat-OCIBackend\node_modules\nodemailer\lib\smtp-connection\index.js:1540:18)
    at SMTPConnection._processResponse (C:\projects\Bayanat-OCIBackend\node_modules\nodemailer\lib\smtp-connection\index.js:991:20)
    at SMTPConnection._onData (C:\projects\Bayanat-OCIBackend\node_modules\nodemailer\lib\smtp-connection\index.js:772:14)
    at TLSSocket.SMTPConnection._onSocketData (C:\projects\Bayanat-OCIBackend\node_modules\nodemailer\lib\smtp-connection\index.js:195:44)
    at TLSSocket.emit (node:events:508:28)
    at TLSSocket.emit (node:domain:489:12)
    at addChunk (node:internal/streams/readable:563:12)
    at readableAddChunkPushByteMode (node:internal/streams/readable:514:3)
2026-09-08 11:56:49 [[31merror[39m]: [NOTIFY] ❌ Failed to send email for event: TRANSACTION_COMPLETED Invalid login: 535 5.7.139 Authentication unsuccessful, the user credentials were incorrect. [PNYPR01CA0035.INDPRD01.PROD.OUTLOOK.COM 2026-09-08T06:26:50.475Z 08DF0D6D26321798] 
Error: Invalid login: 535 5.7.139 Authentication unsuccessful, the user credentials were incorrect. [PNYPR01CA0035.INDPRD01.PROD.OUTLOOK.COM 2026-09-08T06:26:50.475Z 08DF0D6D26321798]
    at SMTPConnection._formatError (C:\projects\Bayanat-OCIBackend\node_modules\nodemailer\lib\smtp-connection\index.js:807:19)
    at SMTPConnection._actionAUTHComplete (C:\projects\Bayanat-OCIBackend\node_modules\nodemailer\lib\smtp-connection\index.js:1586:34)
    at SMTPConnection.<anonymous> (C:\projects\Bayanat-OCIBackend\node_modules\nodemailer\lib\smtp-connection\index.js:1540:18)
    at SMTPConnection._processResponse (C:\projects\Bayanat-OCIBackend\node_modules\nodemailer\lib\smtp-connection\index.js:991:20)
    at SMTPConnection._onData (C:\projects\Bayanat-OCIBackend\node_modules\nodemailer\lib\smtp-connection\index.js:772:14)
    at TLSSocket.SMTPConnection._onSocketData (C:\projects\Bayanat-OCIBackend\node_modules\nodemailer\lib\smtp-connection\index.js:195:44)
    at TLSSocket.emit (node:events:508:28)
    at TLSSocket.emit (node:domain:489:12)
    at addChunk (node:internal/streams/readable:563:12)
    at readableAddChunkPushByteMode (node:internal/streams/readable:514:3)
2026-09-08 11:57:06 [[31merror[39m]: [BTIND_TENANT] Error in notification scheduler tenant loop: ORA-00942: table or view does not exist
Help: https://docs.oracle.com/error-help/db/ora-00942/ 
Error: ORA-00942: table or view does not exist
Help: https://docs.oracle.com/error-help/db/ora-00942/
    at async TenantManager.executeInTenant (C:\projects\Bayanat-OCIBackend\src\database\TenantManager.ts:295:22)
    at async C:\projects\Bayanat-OCIBackend\src\scheduler\notificationEmail.scheduler.ts:113:26
    at async C:\projects\Bayanat-OCIBackend\src\database\TenantManager.ts:372:25
2026-09-08 11:58:03 [[31merror[39m]: [CUSTOMERBK_TENANT] Error in notification scheduler tenant loop: ORA-00942: table or view does not exist
Help: https://docs.oracle.com/error-help/db/ora-00942/ 
Error: ORA-00942: table or view does not exist
Help: https://docs.oracle.com/error-help/db/ora-00942/
    at async TenantManager.executeInTenant (C:\projects\Bayanat-OCIBackend\src\database\TenantManager.ts:295:22)
    at async C:\projects\Bayanat-OCIBackend\src\scheduler\notificationEmail.scheduler.ts:113:26
    at async C:\projects\Bayanat-OCIBackend\src\database\TenantManager.ts:372:25
2026-09-08 11:58:11 [[31merror[39m]: [BTIND_TENANT] Error in notification scheduler tenant loop: ORA-00942: table or view does not exist
Help: https://docs.oracle.com/error-help/db/ora-00942/ 
Error: ORA-00942: table or view does not exist
Help: https://docs.oracle.com/error-help/db/ora-00942/
    at async TenantManager.executeInTenant (C:\projects\Bayanat-OCIBackend\src\database\TenantManager.ts:295:22)
    at async C:\projects\Bayanat-OCIBackend\src\scheduler\notificationEmail.scheduler.ts:113:26
    at async C:\projects\Bayanat-OCIBackend\src\database\TenantManager.ts:372:25
2026-09-08 12:00:03 [[31merror[39m]: [CUSTOMERBK_TENANT] Error in notification scheduler tenant loop: ORA-00942: table or view does not exist
Help: https://docs.oracle.com/error-help/db/ora-00942/ 
Error: ORA-00942: table or view does not exist
Help: https://docs.oracle.com/error-help/db/ora-00942/
    at async TenantManager.executeInTenant (C:\projects\Bayanat-OCIBackend\src\database\TenantManager.ts:295:22)
    at async C:\projects\Bayanat-OCIBackend\src\scheduler\notificationEmail.scheduler.ts:113:26
    at async C:\projects\Bayanat-OCIBackend\src\database\TenantManager.ts:372:25
2026-09-08 12:00:10 [[31merror[39m]: [BTIND_TENANT] Error in notification scheduler tenant loop: ORA-00942: table or view does not exist
Help: https://docs.oracle.com/error-help/db/ora-00942/ 
Error: ORA-00942: table or view does not exist
Help: https://docs.oracle.com/error-help/db/ora-00942/
    at async TenantManager.executeInTenant (C:\projects\Bayanat-OCIBackend\src\database\TenantManager.ts:295:22)
    at async C:\projects\Bayanat-OCIBackend\src\scheduler\notificationEmail.scheduler.ts:113:26
    at async C:\projects\Bayanat-OCIBackend\src\database\TenantManager.ts:372:25
2026-09-08 12:02:06 [[31merror[39m]: [CUSTOMERBK_TENANT] Error in notification scheduler tenant loop: ORA-00942: table or view does not exist
Help: https://docs.oracle.com/error-help/db/ora-00942/ 
Error: ORA-00942: table or view does not exist
Help: https://docs.oracle.com/error-help/db/ora-00942/
    at async TenantManager.executeInTenant (C:\projects\Bayanat-OCIBackend\src\database\TenantManager.ts:295:22)
    at async C:\projects\Bayanat-OCIBackend\src\scheduler\notificationEmail.scheduler.ts:113:26
    at async C:\projects\Bayanat-OCIBackend\src\database\TenantManager.ts:372:25
2026-09-08 12:02:26 [[31merror[39m]: [BTIND_TENANT] Error in notification scheduler tenant loop: ORA-00942: table or view does not exist
Help: https://docs.oracle.com/error-help/db/ora-00942/ 
Error: ORA-00942: table or view does not exist
Help: https://docs.oracle.com/error-help/db/ora-00942/
    at async TenantManager.executeInTenant (C:\projects\Bayanat-OCIBackend\src\database\TenantManager.ts:295:22)
    at async C:\projects\Bayanat-OCIBackend\src\scheduler\notificationEmail.scheduler.ts:113:26
    at async C:\projects\Bayanat-OCIBackend\src\database\TenantManager.ts:372:25
2026-09-08 12:04:03 [[31merror[39m]: [CUSTOMERBK_TENANT] Error in notification scheduler tenant loop: ORA-00942: table or view does not exist
Help: https://docs.oracle.com/error-help/db/ora-00942/ 
Error: ORA-00942: table or view does not exist
Help: https://docs.oracle.com/error-help/db/ora-00942/
    at async TenantManager.executeInTenant (C:\projects\Bayanat-OCIBackend\src\database\TenantManager.ts:295:22)
    at async C:\projects\Bayanat-OCIBackend\src\scheduler\notificationEmail.scheduler.ts:113:26
    at async C:\projects\Bayanat-OCIBackend\src\database\TenantManager.ts:372:25
2026-09-08 12:04:11 [[31merror[39m]: [BTIND_TENANT] Error in notification scheduler tenant loop: ORA-00942: table or view does not exist
Help: https://docs.oracle.com/error-help/db/ora-00942/ 
Error: ORA-00942: table or view does not exist
Help: https://docs.oracle.com/error-help/db/ora-00942/
    at async TenantManager.executeInTenant (C:\projects\Bayanat-OCIBackend\src\database\TenantManager.ts:295:22)
    at async C:\projects\Bayanat-OCIBackend\src\scheduler\notificationEmail.scheduler.ts:113:26
    at async C:\projects\Bayanat-OCIBackend\src\database\TenantManager.ts:372:25
2026-09-08 12:06:04 [[31merror[39m]: [CUSTOMERBK_TENANT] Error in notification scheduler tenant loop: ORA-00942: table or view does not exist
Help: https://docs.oracle.com/error-help/db/ora-00942/ 
Error: ORA-00942: table or view does not exist
Help: https://docs.oracle.com/error-help/db/ora-00942/
    at async TenantManager.executeInTenant (C:\projects\Bayanat-OCIBackend\src\database\TenantManager.ts:295:22)
    at async C:\projects\Bayanat-OCIBackend\src\scheduler\notificationEmail.scheduler.ts:113:26
    at async C:\projects\Bayanat-OCIBackend\src\database\TenantManager.ts:372:25
2026-09-08 12:06:13 [[31merror[39m]: [BTIND_TENANT] Error in notification scheduler tenant loop: ORA-00942: table or view does not exist
Help: https://docs.oracle.com/error-help/db/ora-00942/ 
Error: ORA-00942: table or view does not exist
Help: https://docs.oracle.com/error-help/db/ora-00942/
    at async TenantManager.executeInTenant (C:\projects\Bayanat-OCIBackend\src\database\TenantManager.ts:295:22)
    at async C:\projects\Bayanat-OCIBackend\src\scheduler\notificationEmail.scheduler.ts:113:26
    at async C:\projects\Bayanat-OCIBackend\src\database\TenantManager.ts:372:25
2026-09-08 12:08:03 [[31merror[39m]: [CUSTOMERBK_TENANT] Error in notification scheduler tenant loop: ORA-00942: table or view does not exist
Help: https://docs.oracle.com/error-help/db/ora-00942/ 
Error: ORA-00942: table or view does not exist
Help: https://docs.oracle.com/error-help/db/ora-00942/
    at async TenantManager.executeInTenant (C:\projects\Bayanat-OCIBackend\src\database\TenantManager.ts:295:22)
    at async C:\projects\Bayanat-OCIBackend\src\scheduler\notificationEmail.scheduler.ts:113:26
    at async C:\projects\Bayanat-OCIBackend\src\database\TenantManager.ts:372:25
2026-09-08 12:08:10 [[31merror[39m]: [BTIND_TENANT] Error in notification scheduler tenant loop: ORA-00942: table or view does not exist
Help: https://docs.oracle.com/error-help/db/ora-00942/ 
Error: ORA-00942: table or view does not exist
Help: https://docs.oracle.com/error-help/db/ora-00942/
    at async TenantManager.executeInTenant (C:\projects\Bayanat-OCIBackend\src\database\TenantManager.ts:295:22)
    at async C:\projects\Bayanat-OCIBackend\src\scheduler\notificationEmail.scheduler.ts:113:26
    at async C:\projects\Bayanat-OCIBackend\src\database\TenantManager.ts:372:25
2026-09-08 12:10:03 [[31merror[39m]: [CUSTOMERBK_TENANT] Error in notification scheduler tenant loop: ORA-00942: table or view does not exist
Help: https://docs.oracle.com/error-help/db/ora-00942/ 
Error: ORA-00942: table or view does not exist
Help: https://docs.oracle.com/error-help/db/ora-00942/
    at async TenantManager.executeInTenant (C:\projects\Bayanat-OCIBackend\src\database\TenantManager.ts:295:22)
    at async C:\projects\Bayanat-OCIBackend\src\scheduler\notificationEmail.scheduler.ts:113:26
    at async C:\projects\Bayanat-OCIBackend\src\database\TenantManager.ts:372:25
2026-09-08 12:10:10 [[31merror[39m]: [BTIND_TENANT] Error in notification scheduler tenant loop: ORA-00942: table or view does not exist
Help: https://docs.oracle.com/error-help/db/ora-00942/ 
Error: ORA-00942: table or view does not exist
Help: https://docs.oracle.com/error-help/db/ora-00942/
    at async TenantManager.executeInTenant (C:\projects\Bayanat-OCIBackend\src\database\TenantManager.ts:295:22)
    at async C:\projects\Bayanat-OCIBackend\src\scheduler\notificationEmail.scheduler.ts:113:26
    at async C:\projects\Bayanat-OCIBackend\src\database\TenantManager.ts:372:25
2026-09-08 12:12:03 [[31merror[39m]: [CUSTOMERBK_TENANT] Error in notification scheduler tenant loop: ORA-00942: table or view does not exist
Help: https://docs.oracle.com/error-help/db/ora-00942/ 
Error: ORA-00942: table or view does not exist
Help: https://docs.oracle.com/error-help/db/ora-00942/
    at async TenantManager.executeInTenant (C:\projects\Bayanat-OCIBackend\src\database\TenantManager.ts:295:22)
    at async C:\projects\Bayanat-OCIBackend\src\scheduler\notificationEmail.scheduler.ts:113:26
    at async C:\projects\Bayanat-OCIBackend\src\database\TenantManager.ts:372:25
2026-09-08 12:12:11 [[31merror[39m]: [BTIND_TENANT] Error in notification scheduler tenant loop: ORA-00942: table or view does not exist
Help: https://docs.oracle.com/error-help/db/ora-00942/ 
Error: ORA-00942: table or view does not exist
Help: https://docs.oracle.com/error-help/db/ora-00942/
    at async TenantManager.executeInTenant (C:\projects\Bayanat-OCIBackend\src\database\TenantManager.ts:295:22)
    at async C:\projects\Bayanat-OCIBackend\src\scheduler\notificationEmail.scheduler.ts:113:26
    at async C:\projects\Bayanat-OCIBackend\src\database\TenantManager.ts:372:25
2026-09-08 12:14:03 [[31merror[39m]: [CUSTOMERBK_TENANT] Error in notification scheduler tenant loop: ORA-00942: table or view does not exist
Help: https://docs.oracle.com/error-help/db/ora-00942/ 
Error: ORA-00942: table or view does not exist
Help: https://docs.oracle.com/error-help/db/ora-00942/
    at async TenantManager.executeInTenant (C:\projects\Bayanat-OCIBackend\src\database\TenantManager.ts:295:22)
    at async C:\projects\Bayanat-OCIBackend\src\scheduler\notificationEmail.scheduler.ts:113:26
    at async C:\projects\Bayanat-OCIBackend\src\database\TenantManager.ts:372:25
2026-09-08 12:14:10 [[31merror[39m]: [BTIND_TENANT] Error in notification scheduler tenant loop: ORA-00942: table or view does not exist
Help: https://docs.oracle.com/error-help/db/ora-00942/ 
Error: ORA-00942: table or view does not exist
Help: https://docs.oracle.com/error-help/db/ora-00942/
    at async TenantManager.executeInTenant (C:\projects\Bayanat-OCIBackend\src\database\TenantManager.ts:295:22)
    at async C:\projects\Bayanat-OCIBackend\src\scheduler\notificationEmail.scheduler.ts:113:26
    at async C:\projects\Bayanat-OCIBackend\src\database\TenantManager.ts:372:25
2026-09-08 12:18:07 [[31merror[39m]: [CUSTOMERBK_TENANT] Error in notification scheduler tenant loop: ORA-00942: table or view does not exist
Help: https://docs.oracle.com/error-help/db/ora-00942/ 
Error: ORA-00942: table or view does not exist
Help: https://docs.oracle.com/error-help/db/ora-00942/
    at async TenantManager.executeInTenant (C:\projects\Bayanat-OCIBackend\src\database\TenantManager.ts:295:22)
    at async C:\projects\Bayanat-OCIBackend\src\scheduler\notificationEmail.scheduler.ts:113:26
    at async C:\projects\Bayanat-OCIBackend\src\database\TenantManager.ts:372:25
2026-09-08 12:18:30 [[31merror[39m]: [BTIND_TENANT] Error in notification scheduler tenant loop: ORA-00942: table or view does not exist
Help: https://docs.oracle.com/error-help/db/ora-00942/ 
Error: ORA-00942: table or view does not exist
Help: https://docs.oracle.com/error-help/db/ora-00942/
    at async TenantManager.executeInTenant (C:\projects\Bayanat-OCIBackend\src\database\TenantManager.ts:295:22)
    at async C:\projects\Bayanat-OCIBackend\src\scheduler\notificationEmail.scheduler.ts:113:26
    at async C:\projects\Bayanat-OCIBackend\src\database\TenantManager.ts:372:25
2026-09-08 12:20:03 [[31merror[39m]: [CUSTOMERBK_TENANT] Error in notification scheduler tenant loop: ORA-00942: table or view does not exist
Help: https://docs.oracle.com/error-help/db/ora-00942/ 
Error: ORA-00942: table or view does not exist
Help: https://docs.oracle.com/error-help/db/ora-00942/
    at async TenantManager.executeInTenant (C:\projects\Bayanat-OCIBackend\src\database\TenantManager.ts:295:22)
    at async C:\projects\Bayanat-OCIBackend\src\scheduler\notificationEmail.scheduler.ts:113:26
    at async C:\projects\Bayanat-OCIBackend\src\database\TenantManager.ts:372:25
2026-09-08 12:20:10 [[31merror[39m]: [BTIND_TENANT] Error in notification scheduler tenant loop: ORA-00942: table or view does not exist
Help: https://docs.oracle.com/error-help/db/ora-00942/ 
Error: ORA-00942: table or view does not exist
Help: https://docs.oracle.com/error-help/db/ora-00942/
    at async TenantManager.executeInTenant (C:\projects\Bayanat-OCIBackend\src\database\TenantManager.ts:295:22)
    at async C:\projects\Bayanat-OCIBackend\src\scheduler\notificationEmail.scheduler.ts:113:26
    at async C:\projects\Bayanat-OCIBackend\src\database\TenantManager.ts:372:25
2026-09-08 12:22:03 [[31merror[39m]: [CUSTOMERBK_TENANT] Error in notification scheduler tenant loop: ORA-00942: table or view does not exist
Help: https://docs.oracle.com/error-help/db/ora-00942/ 
Error: ORA-00942: table or view does not exist
Help: https://docs.oracle.com/error-help/db/ora-00942/
    at async TenantManager.executeInTenant (C:\projects\Bayanat-OCIBackend\src\database\TenantManager.ts:295:22)
    at async C:\projects\Bayanat-OCIBackend\src\scheduler\notificationEmail.scheduler.ts:113:26
    at async C:\projects\Bayanat-OCIBackend\src\database\TenantManager.ts:372:25
2026-09-08 12:22:11 [[31merror[39m]: [BTIND_TENANT] Error in notification scheduler tenant loop: ORA-00942: table or view does not exist
Help: https://docs.oracle.com/error-help/db/ora-00942/ 
Error: ORA-00942: table or view does not exist
Help: https://docs.oracle.com/error-help/db/ora-00942/
    at async TenantManager.executeInTenant (C:\projects\Bayanat-OCIBackend\src\database\TenantManager.ts:295:22)
    at async C:\projects\Bayanat-OCIBackend\src\scheduler\notificationEmail.scheduler.ts:113:26
    at async C:\projects\Bayanat-OCIBackend\src\database\TenantManager.ts:372:25
2026-09-08 12:24:03 [[31merror[39m]: [CUSTOMERBK_TENANT] Error in notification scheduler tenant loop: ORA-00942: table or view does not exist
Help: https://docs.oracle.com/error-help/db/ora-00942/ 
Error: ORA-00942: table or view does not exist
Help: https://docs.oracle.com/error-help/db/ora-00942/
    at async TenantManager.executeInTenant (C:\projects\Bayanat-OCIBackend\src\database\TenantManager.ts:295:22)
    at async C:\projects\Bayanat-OCIBackend\src\scheduler\notificationEmail.scheduler.ts:113:26
    at async C:\projects\Bayanat-OCIBackend\src\database\TenantManager.ts:372:25
2026-09-08 12:24:11 [[31merror[39m]: [BTIND_TENANT] Error in notification scheduler tenant loop: ORA-00942: table or view does not exist
Help: https://docs.oracle.com/error-help/db/ora-00942/ 
Error: ORA-00942: table or view does not exist
Help: https://docs.oracle.com/error-help/db/ora-00942/
    at async TenantManager.executeInTenant (C:\projects\Bayanat-OCIBackend\src\database\TenantManager.ts:295:22)
    at async C:\projects\Bayanat-OCIBackend\src\scheduler\notificationEmail.scheduler.ts:113:26
    at async C:\projects\Bayanat-OCIBackend\src\database\TenantManager.ts:372:25
2026-09-08 12:26:05 [[31merror[39m]: [CUSTOMERBK_TENANT] Error in notification scheduler tenant loop: ORA-00942: table or view does not exist
Help: https://docs.oracle.com/error-help/db/ora-00942/ 
Error: ORA-00942: table or view does not exist
Help: https://docs.oracle.com/error-help/db/ora-00942/
    at async TenantManager.executeInTenant (C:\projects\Bayanat-OCIBackend\src\database\TenantManager.ts:295:22)
    at async C:\projects\Bayanat-OCIBackend\src\scheduler\notificationEmail.scheduler.ts:113:26
    at async C:\projects\Bayanat-OCIBackend\src\database\TenantManager.ts:372:25
2026-09-08 12:26:12 [[31merror[39m]: [BTIND_TENANT] Error in notification scheduler tenant loop: ORA-00942: table or view does not exist
Help: https://docs.oracle.com/error-help/db/ora-00942/ 
Error: ORA-00942: table or view does not exist
Help: https://docs.oracle.com/error-help/db/ora-00942/
    at async TenantManager.executeInTenant (C:\projects\Bayanat-OCIBackend\src\database\TenantManager.ts:295:22)
    at async C:\projects\Bayanat-OCIBackend\src\scheduler\notificationEmail.scheduler.ts:113:26
    at async C:\projects\Bayanat-OCIBackend\src\database\TenantManager.ts:372:25
2026-09-08 12:28:10 [[31merror[39m]: [CUSTOMERBK_TENANT] Error in notification scheduler tenant loop: ORA-00942: table or view does not exist
Help: https://docs.oracle.com/error-help/db/ora-00942/ 
Error: ORA-00942: table or view does not exist
Help: https://docs.oracle.com/error-help/db/ora-00942/
    at async TenantManager.executeInTenant (C:\projects\Bayanat-OCIBackend\src\database\TenantManager.ts:295:22)
    at async C:\projects\Bayanat-OCIBackend\src\scheduler\notificationEmail.scheduler.ts:113:26
    at async C:\projects\Bayanat-OCIBackend\src\database\TenantManager.ts:372:25
2026-09-08 12:28:29 [[31merror[39m]: [BTIND_TENANT] Error in notification scheduler tenant loop: ORA-00942: table or view does not exist
Help: https://docs.oracle.com/error-help/db/ora-00942/ 
Error: ORA-00942: table or view does not exist
Help: https://docs.oracle.com/error-help/db/ora-00942/
    at async TenantManager.executeInTenant (C:\projects\Bayanat-OCIBackend\src\database\TenantManager.ts:295:22)
    at async C:\projects\Bayanat-OCIBackend\src\scheduler\notificationEmail.scheduler.ts:113:26
    at async C:\projects\Bayanat-OCIBackend\src\database\TenantManager.ts:372:25
2026-09-08 12:30:03 [[31merror[39m]: [CUSTOMERBK_TENANT] Error in notification scheduler tenant loop: ORA-00942: table or view does not exist
Help: https://docs.oracle.com/error-help/db/ora-00942/ 
Error: ORA-00942: table or view does not exist
Help: https://docs.oracle.com/error-help/db/ora-00942/
    at async TenantManager.executeInTenant (C:\projects\Bayanat-OCIBackend\src\database\TenantManager.ts:295:22)
    at async C:\projects\Bayanat-OCIBackend\src\scheduler\notificationEmail.scheduler.ts:113:26
    at async C:\projects\Bayanat-OCIBackend\src\database\TenantManager.ts:372:25
2026-09-08 12:30:13 [[31merror[39m]: [BTIND_TENANT] Error in notification scheduler tenant loop: ORA-00942: table or view does not exist
Help: https://docs.oracle.com/error-help/db/ora-00942/ 
Error: ORA-00942: table or view does not exist
Help: https://docs.oracle.com/error-help/db/ora-00942/
    at async TenantManager.executeInTenant (C:\projects\Bayanat-OCIBackend\src\database\TenantManager.ts:295:22)
    at async C:\projects\Bayanat-OCIBackend\src\scheduler\notificationEmail.scheduler.ts:113:26
    at async C:\projects\Bayanat-OCIBackend\src\database\TenantManager.ts:372:25
2026-09-08 12:32:11 [[31merror[39m]: [CUSTOMERBK_TENANT] Error in notification scheduler tenant loop: ORA-00942: table or view does not exist
Help: https://docs.oracle.com/error-help/db/ora-00942/ 
Error: ORA-00942: table or view does not exist
Help: https://docs.oracle.com/error-help/db/ora-00942/
    at async TenantManager.executeInTenant (C:\projects\Bayanat-OCIBackend\src\database\TenantManager.ts:295:22)
    at async C:\projects\Bayanat-OCIBackend\src\scheduler\notificationEmail.scheduler.ts:113:26
    at async C:\projects\Bayanat-OCIBackend\src\database\TenantManager.ts:372:25
2026-09-08 12:32:21 [[31merror[39m]: [BTIND_TENANT] Error in notification scheduler tenant loop: ORA-00942: table or view does not exist
Help: https://docs.oracle.com/error-help/db/ora-00942/ 
Error: ORA-00942: table or view does not exist
Help: https://docs.oracle.com/error-help/db/ora-00942/
    at async TenantManager.executeInTenant (C:\projects\Bayanat-OCIBackend\src\database\TenantManager.ts:295:22)
    at async C:\projects\Bayanat-OCIBackend\src\scheduler\notificationEmail.scheduler.ts:113:26
    at async C:\projects\Bayanat-OCIBackend\src\database\TenantManager.ts:372:25
2026-09-08 12:34:06 [[31merror[39m]: [CUSTOMERBK_TENANT] Error in notification scheduler tenant loop: ORA-00942: table or view does not exist
Help: https://docs.oracle.com/error-help/db/ora-00942/ 
Error: ORA-00942: table or view does not exist
Help: https://docs.oracle.com/error-help/db/ora-00942/
    at async TenantManager.executeInTenant (C:\projects\Bayanat-OCIBackend\src\database\TenantManager.ts:295:22)
    at async C:\projects\Bayanat-OCIBackend\src\scheduler\notificationEmail.scheduler.ts:113:26
    at async C:\projects\Bayanat-OCIBackend\src\database\TenantManager.ts:372:25
2026-09-08 12:34:21 [[31merror[39m]: [BTIND_TENANT] Error in notification scheduler tenant loop: ORA-00942: table or view does not exist
Help: https://docs.oracle.com/error-help/db/ora-00942/ 
Error: ORA-00942: table or view does not exist
Help: https://docs.oracle.com/error-help/db/ora-00942/
    at async TenantManager.executeInTenant (C:\projects\Bayanat-OCIBackend\src\database\TenantManager.ts:295:22)
    at async C:\projects\Bayanat-OCIBackend\src\scheduler\notificationEmail.scheduler.ts:113:26
    at async C:\projects\Bayanat-OCIBackend\src\database\TenantManager.ts:372:25
2026-09-08 12:36:03 [[31merror[39m]: [CUSTOMERBK_TENANT] Error in notification scheduler tenant loop: ORA-00942: table or view does not exist
Help: https://docs.oracle.com/error-help/db/ora-00942/ 
Error: ORA-00942: table or view does not exist
Help: https://docs.oracle.com/error-help/db/ora-00942/
    at async TenantManager.executeInTenant (C:\projects\Bayanat-OCIBackend\src\database\TenantManager.ts:295:22)
    at async C:\projects\Bayanat-OCIBackend\src\scheduler\notificationEmail.scheduler.ts:113:26
    at async C:\projects\Bayanat-OCIBackend\src\database\TenantManager.ts:372:25
2026-09-08 12:36:13 [[31merror[39m]: [BTIND_TENANT] Error in notification scheduler tenant loop: ORA-00942: table or view does not exist
Help: https://docs.oracle.com/error-help/db/ora-00942/ 
Error: ORA-00942: table or view does not exist
Help: https://docs.oracle.com/error-help/db/ora-00942/
    at async TenantManager.executeInTenant (C:\projects\Bayanat-OCIBackend\src\database\TenantManager.ts:295:22)
    at async C:\projects\Bayanat-OCIBackend\src\scheduler\notificationEmail.scheduler.ts:113:26
    at async C:\projects\Bayanat-OCIBackend\src\database\TenantManager.ts:372:25
2026-09-08 12:38:03 [[31merror[39m]: [CUSTOMERBK_TENANT] Error in notification scheduler tenant loop: ORA-00942: table or view does not exist
Help: https://docs.oracle.com/error-help/db/ora-00942/ 
Error: ORA-00942: table or view does not exist
Help: https://docs.oracle.com/error-help/db/ora-00942/
    at async TenantManager.executeInTenant (C:\projects\Bayanat-OCIBackend\src\database\TenantManager.ts:295:22)
    at async C:\projects\Bayanat-OCIBackend\src\scheduler\notificationEmail.scheduler.ts:113:26
    at async C:\projects\Bayanat-OCIBackend\src\database\TenantManager.ts:372:25
2026-09-08 12:38:10 [[31merror[39m]: [BTIND_TENANT] Error in notification scheduler tenant loop: ORA-00942: table or view does not exist
Help: https://docs.oracle.com/error-help/db/ora-00942/ 
Error: ORA-00942: table or view does not exist
Help: https://docs.oracle.com/error-help/db/ora-00942/
    at async TenantManager.executeInTenant (C:\projects\Bayanat-OCIBackend\src\database\TenantManager.ts:295:22)
    at async C:\projects\Bayanat-OCIBackend\src\scheduler\notificationEmail.scheduler.ts:113:26
    at async C:\projects\Bayanat-OCIBackend\src\database\TenantManager.ts:372:25
2026-09-08 12:40:03 [[31merror[39m]: [CUSTOMERBK_TENANT] Error in notification scheduler tenant loop: ORA-00942: table or view does not exist
Help: https://docs.oracle.com/error-help/db/ora-00942/ 
Error: ORA-00942: table or view does not exist
Help: https://docs.oracle.com/error-help/db/ora-00942/
    at async TenantManager.executeInTenant (C:\projects\Bayanat-OCIBackend\src\database\TenantManager.ts:295:22)
    at async C:\projects\Bayanat-OCIBackend\src\scheduler\notificationEmail.scheduler.ts:113:26
    at async C:\projects\Bayanat-OCIBackend\src\database\TenantManager.ts:372:25
2026-09-08 12:40:11 [[31merror[39m]: [BTIND_TENANT] Error in notification scheduler tenant loop: ORA-00942: table or view does not exist
Help: https://docs.oracle.com/error-help/db/ora-00942/ 
Error: ORA-00942: table or view does not exist
Help: https://docs.oracle.com/error-help/db/ora-00942/
    at async TenantManager.executeInTenant (C:\projects\Bayanat-OCIBackend\src\database\TenantManager.ts:295:22)
    at async C:\projects\Bayanat-OCIBackend\src\scheduler\notificationEmail.scheduler.ts:113:26
    at async C:\projects\Bayanat-OCIBackend\src\database\TenantManager.ts:372:25
2026-09-08 12:46:03 [[31merror[39m]: [CUSTOMERBK_TENANT] Error in notification scheduler tenant loop: ORA-00942: table or view does not exist
Help: https://docs.oracle.com/error-help/db/ora-00942/ 
Error: ORA-00942: table or view does not exist
Help: https://docs.oracle.com/error-help/db/ora-00942/
    at async TenantManager.executeInTenant (C:\projects\Bayanat-OCIBackend\src\database\TenantManager.ts:295:22)
    at async C:\projects\Bayanat-OCIBackend\src\scheduler\notificationEmail.scheduler.ts:113:26
    at async C:\projects\Bayanat-OCIBackend\src\database\TenantManager.ts:372:25
2026-09-08 12:46:10 [[31merror[39m]: [BTIND_TENANT] Error in notification scheduler tenant loop: ORA-00942: table or view does not exist
Help: https://docs.oracle.com/error-help/db/ora-00942/ 
Error: ORA-00942: table or view does not exist
Help: https://docs.oracle.com/error-help/db/ora-00942/
    at async TenantManager.executeInTenant (C:\projects\Bayanat-OCIBackend\src\database\TenantManager.ts:295:22)
    at async C:\projects\Bayanat-OCIBackend\src\scheduler\notificationEmail.scheduler.ts:113:26
    at async C:\projects\Bayanat-OCIBackend\src\database\TenantManager.ts:372:25
2026-09-08 12:48:04 [[31merror[39m]: [CUSTOMERBK_TENANT] Error in notification scheduler tenant loop: ORA-00942: table or view does not exist
Help: https://docs.oracle.com/error-help/db/ora-00942/ 
Error: ORA-00942: table or view does not exist
Help: https://docs.oracle.com/error-help/db/ora-00942/
    at async TenantManager.executeInTenant (C:\projects\Bayanat-OCIBackend\src\database\TenantManager.ts:295:22)
    at async C:\projects\Bayanat-OCIBackend\src\scheduler\notificationEmail.scheduler.ts:113:26
    at async C:\projects\Bayanat-OCIBackend\src\database\TenantManager.ts:372:25
2026-09-08 12:48:13 [[31merror[39m]: [BTIND_TENANT] Error in notification scheduler tenant loop: ORA-00942: table or view does not exist
Help: https://docs.oracle.com/error-help/db/ora-00942/ 
Error: ORA-00942: table or view does not exist
Help: https://docs.oracle.com/error-help/db/ora-00942/
    at async TenantManager.executeInTenant (C:\projects\Bayanat-OCIBackend\src\database\TenantManager.ts:295:22)
    at async C:\projects\Bayanat-OCIBackend\src\scheduler\notificationEmail.scheduler.ts:113:26
    at async C:\projects\Bayanat-OCIBackend\src\database\TenantManager.ts:372:25
2026-09-08 12:50:04 [[31merror[39m]: [CUSTOMERBK_TENANT] Error in notification scheduler tenant loop: ORA-00942: table or view does not exist
Help: https://docs.oracle.com/error-help/db/ora-00942/ 
Error: ORA-00942: table or view does not exist
Help: https://docs.oracle.com/error-help/db/ora-00942/
    at async TenantManager.executeInTenant (C:\projects\Bayanat-OCIBackend\src\database\TenantManager.ts:295:22)
    at async C:\projects\Bayanat-OCIBackend\src\scheduler\notificationEmail.scheduler.ts:113:26
    at async C:\projects\Bayanat-OCIBackend\src\database\TenantManager.ts:372:25
2026-09-08 12:50:13 [[31merror[39m]: [BTIND_TENANT] Error in notification scheduler tenant loop: ORA-00942: table or view does not exist
Help: https://docs.oracle.com/error-help/db/ora-00942/ 
Error: ORA-00942: table or view does not exist
Help: https://docs.oracle.com/error-help/db/ora-00942/
    at async TenantManager.executeInTenant (C:\projects\Bayanat-OCIBackend\src\database\TenantManager.ts:295:22)
    at async C:\projects\Bayanat-OCIBackend\src\scheduler\notificationEmail.scheduler.ts:113:26
    at async C:\projects\Bayanat-OCIBackend\src\database\TenantManager.ts:372:25
2026-09-08 12:52:03 [[31merror[39m]: [CUSTOMERBK_TENANT] Error in notification scheduler tenant loop: ORA-00942: table or view does not exist
Help: https://docs.oracle.com/error-help/db/ora-00942/ 
Error: ORA-00942: table or view does not exist
Help: https://docs.oracle.com/error-help/db/ora-00942/
    at async TenantManager.executeInTenant (C:\projects\Bayanat-OCIBackend\src\database\TenantManager.ts:295:22)
    at async C:\projects\Bayanat-OCIBackend\src\scheduler\notificationEmail.scheduler.ts:113:26
    at async C:\projects\Bayanat-OCIBackend\src\database\TenantManager.ts:372:25
2026-09-08 12:52:10 [[31merror[39m]: [BTIND_TENANT] Error in notification scheduler tenant loop: ORA-00942: table or view does not exist
Help: https://docs.oracle.com/error-help/db/ora-00942/ 
Error: ORA-00942: table or view does not exist
Help: https://docs.oracle.com/error-help/db/ora-00942/
    at async TenantManager.executeInTenant (C:\projects\Bayanat-OCIBackend\src\database\TenantManager.ts:295:22)
    at async C:\projects\Bayanat-OCIBackend\src\scheduler\notificationEmail.scheduler.ts:113:26
    at async C:\projects\Bayanat-OCIBackend\src\database\TenantManager.ts:372:25
2026-09-08 13:28:20 [[31merror[39m]: NotificationEmailScheduler failed: ORA-12170: Cannot connect. TCP connect timeout of 20s for host 10.10.0.16 port 1521. (CONNECTION_ID=bMXPpXdjTtOi3IVvUMjxOA==)
Help: https://docs.oracle.com/error-help/db/ora-12170/ 
Error: ORA-12170: Cannot connect. TCP connect timeout of 20s for host 10.10.0.16 port 1521. (CONNECTION_ID=bMXPpXdjTtOi3IVvUMjxOA==)
Help: https://docs.oracle.com/error-help/db/ora-12170/
    at async TenantManager.getCentralConnection (C:\projects\Bayanat-OCIBackend\src\database\TenantManager.ts:86:20)
    at async TenantManager.listActiveTenants (C:\projects\Bayanat-OCIBackend\src\database\TenantManager.ts:333:18)
    at async C:\projects\Bayanat-OCIBackend\src\scheduler\notificationEmail.scheduler.ts:99:11
    at async Timeout._onTimeout (C:\projects\Bayanat-OCIBackend\node_modules\node-cron\src\scheduler\runner.ts:100:30)
2026-09-08 13:30:20 [[31merror[39m]: NotificationEmailScheduler failed: ORA-12170: Cannot connect. TCP connect timeout of 20s for host 10.10.0.16 port 1521. (CONNECTION_ID=iDarIbTUQ0+5/zpBoRF1yg==)
Help: https://docs.oracle.com/error-help/db/ora-12170/ 
Error: ORA-12170: Cannot connect. TCP connect timeout of 20s for host 10.10.0.16 port 1521. (CONNECTION_ID=iDarIbTUQ0+5/zpBoRF1yg==)
Help: https://docs.oracle.com/error-help/db/ora-12170/
    at async TenantManager.getCentralConnection (C:\projects\Bayanat-OCIBackend\src\database\TenantManager.ts:86:20)
    at async TenantManager.listActiveTenants (C:\projects\Bayanat-OCIBackend\src\database\TenantManager.ts:333:18)
    at async C:\projects\Bayanat-OCIBackend\src\scheduler\notificationEmail.scheduler.ts:99:11
    at async Timeout._onTimeout (C:\projects\Bayanat-OCIBackend\node_modules\node-cron\src\scheduler\runner.ts:100:30)
2026-09-08 13:32:20 [[31merror[39m]: NotificationEmailScheduler failed: ORA-12170: Cannot connect. TCP connect timeout of 20s for host 10.10.0.16 port 1521. (CONNECTION_ID=TVVlHiPWTZewUzxxKPBS3w==)
Help: https://docs.oracle.com/error-help/db/ora-12170/ 
Error: ORA-12170: Cannot connect. TCP connect timeout of 20s for host 10.10.0.16 port 1521. (CONNECTION_ID=TVVlHiPWTZewUzxxKPBS3w==)
Help: https://docs.oracle.com/error-help/db/ora-12170/
    at async TenantManager.getCentralConnection (C:\projects\Bayanat-OCIBackend\src\database\TenantManager.ts:86:20)
    at async TenantManager.listActiveTenants (C:\projects\Bayanat-OCIBackend\src\database\TenantManager.ts:333:18)
    at async C:\projects\Bayanat-OCIBackend\src\scheduler\notificationEmail.scheduler.ts:99:11
    at async Timeout._onTimeout (C:\projects\Bayanat-OCIBackend\node_modules\node-cron\src\scheduler\runner.ts:100:30)
2026-09-08 13:34:20 [[31merror[39m]: NotificationEmailScheduler failed: ORA-12170: Cannot connect. TCP connect timeout of 20s for host 10.10.0.16 port 1521. (CONNECTION_ID=WgYyk+ivR/GSPbVluo+tuA==)
Help: https://docs.oracle.com/error-help/db/ora-12170/ 
Error: ORA-12170: Cannot connect. TCP connect timeout of 20s for host 10.10.0.16 port 1521. (CONNECTION_ID=WgYyk+ivR/GSPbVluo+tuA==)
Help: https://docs.oracle.com/error-help/db/ora-12170/
    at async TenantManager.getCentralConnection (C:\projects\Bayanat-OCIBackend\src\database\TenantManager.ts:86:20)
    at async TenantManager.listActiveTenants (C:\projects\Bayanat-OCIBackend\src\database\TenantManager.ts:333:18)
    at async C:\projects\Bayanat-OCIBackend\src\scheduler\notificationEmail.scheduler.ts:99:11
    at async Timeout._onTimeout (C:\projects\Bayanat-OCIBackend\node_modules\node-cron\src\scheduler\runner.ts:100:30)
2026-09-08 13:36:20 [[31merror[39m]: NotificationEmailScheduler failed: ORA-12170: Cannot connect. TCP connect timeout of 20s for host 10.10.0.16 port 1521. (CONNECTION_ID=Oceb4gV7QG2fF8WwCG4rjQ==)
Help: https://docs.oracle.com/error-help/db/ora-12170/ 
Error: ORA-12170: Cannot connect. TCP connect timeout of 20s for host 10.10.0.16 port 1521. (CONNECTION_ID=Oceb4gV7QG2fF8WwCG4rjQ==)
Help: https://docs.oracle.com/error-help/db/ora-12170/
    at async TenantManager.getCentralConnection (C:\projects\Bayanat-OCIBackend\src\database\TenantManager.ts:86:20)
    at async TenantManager.listActiveTenants (C:\projects\Bayanat-OCIBackend\src\database\TenantManager.ts:333:18)
    at async C:\projects\Bayanat-OCIBackend\src\scheduler\notificationEmail.scheduler.ts:99:11
    at async Timeout._onTimeout (C:\projects\Bayanat-OCIBackend\node_modules\node-cron\src\scheduler\runner.ts:100:30)
2026-09-08 13:38:20 [[31merror[39m]: NotificationEmailScheduler failed: ORA-12170: Cannot connect. TCP connect timeout of 20s for host 10.10.0.16 port 1521. (CONNECTION_ID=s3ukB3smRrW8aSE+WlUSLw==)
Help: https://docs.oracle.com/error-help/db/ora-12170/ 
Error: ORA-12170: Cannot connect. TCP connect timeout of 20s for host 10.10.0.16 port 1521. (CONNECTION_ID=s3ukB3smRrW8aSE+WlUSLw==)
Help: https://docs.oracle.com/error-help/db/ora-12170/
    at async TenantManager.getCentralConnection (C:\projects\Bayanat-OCIBackend\src\database\TenantManager.ts:86:20)
    at async TenantManager.listActiveTenants (C:\projects\Bayanat-OCIBackend\src\database\TenantManager.ts:333:18)
    at async C:\projects\Bayanat-OCIBackend\src\scheduler\notificationEmail.scheduler.ts:99:11
    at async Timeout._onTimeout (C:\projects\Bayanat-OCIBackend\node_modules\node-cron\src\scheduler\runner.ts:100:30)
2026-09-08 13:40:20 [[31merror[39m]: NotificationEmailScheduler failed: ORA-12170: Cannot connect. TCP connect timeout of 20s for host 10.10.0.16 port 1521. (CONNECTION_ID=TNnRYjf3R7usVVB8sMMsXA==)
Help: https://docs.oracle.com/error-help/db/ora-12170/ 
Error: ORA-12170: Cannot connect. TCP connect timeout of 20s for host 10.10.0.16 port 1521. (CONNECTION_ID=TNnRYjf3R7usVVB8sMMsXA==)
Help: https://docs.oracle.com/error-help/db/ora-12170/
    at async TenantManager.getCentralConnection (C:\projects\Bayanat-OCIBackend\src\database\TenantManager.ts:86:20)
    at async TenantManager.listActiveTenants (C:\projects\Bayanat-OCIBackend\src\database\TenantManager.ts:333:18)
    at async C:\projects\Bayanat-OCIBackend\src\scheduler\notificationEmail.scheduler.ts:99:11
    at async Timeout._onTimeout (C:\projects\Bayanat-OCIBackend\node_modules\node-cron\src\scheduler\runner.ts:100:30)
2026-09-08 13:42:20 [[31merror[39m]: NotificationEmailScheduler failed: ORA-12170: Cannot connect. TCP connect timeout of 20s for host 10.10.0.16 port 1521. (CONNECTION_ID=Mfa9ZHmUS5uka/ZNjGKLZg==)
Help: https://docs.oracle.com/error-help/db/ora-12170/ 
Error: ORA-12170: Cannot connect. TCP connect timeout of 20s for host 10.10.0.16 port 1521. (CONNECTION_ID=Mfa9ZHmUS5uka/ZNjGKLZg==)
Help: https://docs.oracle.com/error-help/db/ora-12170/
    at async TenantManager.getCentralConnection (C:\projects\Bayanat-OCIBackend\src\database\TenantManager.ts:86:20)
    at async TenantManager.listActiveTenants (C:\projects\Bayanat-OCIBackend\src\database\TenantManager.ts:333:18)
    at async C:\projects\Bayanat-OCIBackend\src\scheduler\notificationEmail.scheduler.ts:99:11
    at async Timeout._onTimeout (C:\projects\Bayanat-OCIBackend\node_modules\node-cron\src\scheduler\runner.ts:100:30)
2026-09-08 13:44:20 [[31merror[39m]: NotificationEmailScheduler failed: ORA-12170: Cannot connect. TCP connect timeout of 20s for host 10.10.0.16 port 1521. (CONNECTION_ID=FkSzx7eMQ1uu3fjYlHZ3hw==)
Help: https://docs.oracle.com/error-help/db/ora-12170/ 
Error: ORA-12170: Cannot connect. TCP connect timeout of 20s for host 10.10.0.16 port 1521. (CONNECTION_ID=FkSzx7eMQ1uu3fjYlHZ3hw==)
Help: https://docs.oracle.com/error-help/db/ora-12170/
    at async TenantManager.getCentralConnection (C:\projects\Bayanat-OCIBackend\src\database\TenantManager.ts:86:20)
    at async TenantManager.listActiveTenants (C:\projects\Bayanat-OCIBackend\src\database\TenantManager.ts:333:18)
    at async C:\projects\Bayanat-OCIBackend\src\scheduler\notificationEmail.scheduler.ts:99:11
    at async Timeout._onTimeout (C:\projects\Bayanat-OCIBackend\node_modules\node-cron\src\scheduler\runner.ts:100:30)
2026-09-08 13:46:20 [[31merror[39m]: NotificationEmailScheduler failed: ORA-12170: Cannot connect. TCP connect timeout of 20s for host 10.10.0.16 port 1521. (CONNECTION_ID=bbmMADCFSXi34eMaW0zUIg==)
Help: https://docs.oracle.com/error-help/db/ora-12170/ 
Error: ORA-12170: Cannot connect. TCP connect timeout of 20s for host 10.10.0.16 port 1521. (CONNECTION_ID=bbmMADCFSXi34eMaW0zUIg==)
Help: https://docs.oracle.com/error-help/db/ora-12170/
    at async TenantManager.getCentralConnection (C:\projects\Bayanat-OCIBackend\src\database\TenantManager.ts:86:20)
    at async TenantManager.listActiveTenants (C:\projects\Bayanat-OCIBackend\src\database\TenantManager.ts:333:18)
    at async C:\projects\Bayanat-OCIBackend\src\scheduler\notificationEmail.scheduler.ts:99:11
    at async Timeout._onTimeout (C:\projects\Bayanat-OCIBackend\node_modules\node-cron\src\scheduler\runner.ts:100:30)
2026-09-08 13:48:20 [[31merror[39m]: NotificationEmailScheduler failed: ORA-12170: Cannot connect. TCP connect timeout of 20s for host 10.10.0.16 port 1521. (CONNECTION_ID=tNXoyNMCQoSkHekEMH3GhA==)
Help: https://docs.oracle.com/error-help/db/ora-12170/ 
Error: ORA-12170: Cannot connect. TCP connect timeout of 20s for host 10.10.0.16 port 1521. (CONNECTION_ID=tNXoyNMCQoSkHekEMH3GhA==)
Help: https://docs.oracle.com/error-help/db/ora-12170/
    at async TenantManager.getCentralConnection (C:\projects\Bayanat-OCIBackend\src\database\TenantManager.ts:86:20)
    at async TenantManager.listActiveTenants (C:\projects\Bayanat-OCIBackend\src\database\TenantManager.ts:333:18)
    at async C:\projects\Bayanat-OCIBackend\src\scheduler\notificationEmail.scheduler.ts:99:11
    at async Timeout._onTimeout (C:\projects\Bayanat-OCIBackend\node_modules\node-cron\src\scheduler\runner.ts:100:30)
2026-09-08 13:50:20 [[31merror[39m]: NotificationEmailScheduler failed: ORA-12170: Cannot connect. TCP connect timeout of 20s for host 10.10.0.16 port 1521. (CONNECTION_ID=9YY3xW7ZS0mla2WaPLrZ0w==)
Help: https://docs.oracle.com/error-help/db/ora-12170/ 
Error: ORA-12170: Cannot connect. TCP connect timeout of 20s for host 10.10.0.16 port 1521. (CONNECTION_ID=9YY3xW7ZS0mla2WaPLrZ0w==)
Help: https://docs.oracle.com/error-help/db/ora-12170/
    at async TenantManager.getCentralConnection (C:\projects\Bayanat-OCIBackend\src\database\TenantManager.ts:86:20)
    at async TenantManager.listActiveTenants (C:\projects\Bayanat-OCIBackend\src\database\TenantManager.ts:333:18)
    at async C:\projects\Bayanat-OCIBackend\src\scheduler\notificationEmail.scheduler.ts:99:11
    at async Timeout._onTimeout (C:\projects\Bayanat-OCIBackend\node_modules\node-cron\src\scheduler\runner.ts:100:30)
2026-09-08 13:52:20 [[31merror[39m]: NotificationEmailScheduler failed: ORA-12170: Cannot connect. TCP connect timeout of 20s for host 10.10.0.16 port 1521. (CONNECTION_ID=aKuKiE2CT36ctEq7uy6WnQ==)
Help: https://docs.oracle.com/error-help/db/ora-12170/ 
Error: ORA-12170: Cannot connect. TCP connect timeout of 20s for host 10.10.0.16 port 1521. (CONNECTION_ID=aKuKiE2CT36ctEq7uy6WnQ==)
Help: https://docs.oracle.com/error-help/db/ora-12170/
    at async TenantManager.getCentralConnection (C:\projects\Bayanat-OCIBackend\src\database\TenantManager.ts:86:20)
    at async TenantManager.listActiveTenants (C:\projects\Bayanat-OCIBackend\src\database\TenantManager.ts:333:18)
    at async C:\projects\Bayanat-OCIBackend\src\scheduler\notificationEmail.scheduler.ts:99:11
    at async Timeout._onTimeout (C:\projects\Bayanat-OCIBackend\node_modules\node-cron\src\scheduler\runner.ts:100:30)
2026-09-08 13:55:26 [[31merror[39m]: [CUSTOMERBK_TENANT] Error in notification scheduler tenant loop: ORA-00942: table or view does not exist
Help: https://docs.oracle.com/error-help/db/ora-00942/ 
Error: ORA-00942: table or view does not exist
Help: https://docs.oracle.com/error-help/db/ora-00942/
    at async TenantManager.executeInTenant (C:\projects\Bayanat-OCIBackend\src\database\TenantManager.ts:295:22)
    at async C:\projects\Bayanat-OCIBackend\src\scheduler\notificationEmail.scheduler.ts:113:26
    at async C:\projects\Bayanat-OCIBackend\src\database\TenantManager.ts:372:25
2026-09-08 13:56:01 [[31merror[39m]: [BTIND_TENANT] Error in notification scheduler tenant loop: ORA-00942: table or view does not exist
Help: https://docs.oracle.com/error-help/db/ora-00942/ 
Error: ORA-00942: table or view does not exist
Help: https://docs.oracle.com/error-help/db/ora-00942/
    at async TenantManager.executeInTenant (C:\projects\Bayanat-OCIBackend\src\database\TenantManager.ts:295:22)
    at async C:\projects\Bayanat-OCIBackend\src\scheduler\notificationEmail.scheduler.ts:113:26
    at async C:\projects\Bayanat-OCIBackend\src\database\TenantManager.ts:372:25
2026-09-08 13:56:03 [[31merror[39m]: [CUSTOMERBK_TENANT] Error in notification scheduler tenant loop: ORA-00942: table or view does not exist
Help: https://docs.oracle.com/error-help/db/ora-00942/ 
Error: ORA-00942: table or view does not exist
Help: https://docs.oracle.com/error-help/db/ora-00942/
    at async TenantManager.executeInTenant (C:\projects\Bayanat-OCIBackend\src\database\TenantManager.ts:295:22)
    at async C:\projects\Bayanat-OCIBackend\src\scheduler\notificationEmail.scheduler.ts:113:26
    at async C:\projects\Bayanat-OCIBackend\src\database\TenantManager.ts:372:25
2026-09-08 13:56:22 [[31merror[39m]: [BTIND_TENANT] Error in notification scheduler tenant loop: ORA-00942: table or view does not exist
Help: https://docs.oracle.com/error-help/db/ora-00942/ 
Error: ORA-00942: table or view does not exist
Help: https://docs.oracle.com/error-help/db/ora-00942/
    at async TenantManager.executeInTenant (C:\projects\Bayanat-OCIBackend\src\database\TenantManager.ts:295:22)
    at async C:\projects\Bayanat-OCIBackend\src\scheduler\notificationEmail.scheduler.ts:113:26
    at async C:\projects\Bayanat-OCIBackend\src\database\TenantManager.ts:372:25
2026-09-08 13:58:06 [[31merror[39m]: [CUSTOMERBK_TENANT] Error in notification scheduler tenant loop: ORA-00942: table or view does not exist
Help: https://docs.oracle.com/error-help/db/ora-00942/ 
Error: ORA-00942: table or view does not exist
Help: https://docs.oracle.com/error-help/db/ora-00942/
    at async TenantManager.executeInTenant (C:\projects\Bayanat-OCIBackend\src\database\TenantManager.ts:295:22)
    at async C:\projects\Bayanat-OCIBackend\src\scheduler\notificationEmail.scheduler.ts:113:26
    at async C:\projects\Bayanat-OCIBackend\src\database\TenantManager.ts:372:25
2026-09-08 13:58:12 [[31merror[39m]: [BTIND_TENANT] Error in notification scheduler tenant loop: ORA-00942: table or view does not exist
Help: https://docs.oracle.com/error-help/db/ora-00942/ 
Error: ORA-00942: table or view does not exist
Help: https://docs.oracle.com/error-help/db/ora-00942/
    at async TenantManager.executeInTenant (C:\projects\Bayanat-OCIBackend\src\database\TenantManager.ts:295:22)
    at async C:\projects\Bayanat-OCIBackend\src\scheduler\notificationEmail.scheduler.ts:113:26
    at async C:\projects\Bayanat-OCIBackend\src\database\TenantManager.ts:372:25
2026-09-08 14:00:03 [[31merror[39m]: [CUSTOMERBK_TENANT] Error in notification scheduler tenant loop: ORA-00942: table or view does not exist
Help: https://docs.oracle.com/error-help/db/ora-00942/ 
Error: ORA-00942: table or view does not exist
Help: https://docs.oracle.com/error-help/db/ora-00942/
    at async TenantManager.executeInTenant (C:\projects\Bayanat-OCIBackend\src\database\TenantManager.ts:295:22)
    at async C:\projects\Bayanat-OCIBackend\src\scheduler\notificationEmail.scheduler.ts:113:26
    at async C:\projects\Bayanat-OCIBackend\src\database\TenantManager.ts:372:25
2026-09-08 14:00:09 [[31merror[39m]: [BTIND_TENANT] Error in notification scheduler tenant loop: ORA-00942: table or view does not exist
Help: https://docs.oracle.com/error-help/db/ora-00942/ 
Error: ORA-00942: table or view does not exist
Help: https://docs.oracle.com/error-help/db/ora-00942/
    at async TenantManager.executeInTenant (C:\projects\Bayanat-OCIBackend\src\database\TenantManager.ts:295:22)
    at async C:\projects\Bayanat-OCIBackend\src\scheduler\notificationEmail.scheduler.ts:113:26
    at async C:\projects\Bayanat-OCIBackend\src\database\TenantManager.ts:372:25
2026-09-08 14:02:33 [[31merror[39m]: [CUSTOMERBK_TENANT] Error in notification scheduler tenant loop: ORA-00942: table or view does not exist
Help: https://docs.oracle.com/error-help/db/ora-00942/ 
Error: ORA-00942: table or view does not exist
Help: https://docs.oracle.com/error-help/db/ora-00942/
    at async TenantManager.executeInTenant (C:\projects\Bayanat-OCIBackend\src\database\TenantManager.ts:295:22)
    at async C:\projects\Bayanat-OCIBackend\src\scheduler\notificationEmail.scheduler.ts:113:26
    at async C:\projects\Bayanat-OCIBackend\src\database\TenantManager.ts:372:25
2026-09-08 14:02:40 [[31merror[39m]: [BTIND_TENANT] Error in notification scheduler tenant loop: ORA-00942: table or view does not exist
Help: https://docs.oracle.com/error-help/db/ora-00942/ 
Error: ORA-00942: table or view does not exist
Help: https://docs.oracle.com/error-help/db/ora-00942/
    at async TenantManager.executeInTenant (C:\projects\Bayanat-OCIBackend\src\database\TenantManager.ts:295:22)
    at async C:\projects\Bayanat-OCIBackend\src\scheduler\notificationEmail.scheduler.ts:113:26
    at async C:\projects\Bayanat-OCIBackend\src\database\TenantManager.ts:372:25
2026-09-08 14:04:17 [[31merror[39m]: NotificationEmailScheduler failed: ORA-12541: Cannot connect. No listener at host 10.10.0.16 port 1521.
Help: https://docs.oracle.com/error-help/db/ora-12541/ 
Error: ORA-12541: Cannot connect. No listener at host 10.10.0.16 port 1521.
Help: https://docs.oracle.com/error-help/db/ora-12541/
    at async TenantManager.getCentralConnection (C:\projects\Bayanat-OCIBackend\src\database\TenantManager.ts:86:20)
    at async TenantManager.listActiveTenants (C:\projects\Bayanat-OCIBackend\src\database\TenantManager.ts:333:18)
    at async C:\projects\Bayanat-OCIBackend\src\scheduler\notificationEmail.scheduler.ts:99:11
    at async Timeout._onTimeout (C:\projects\Bayanat-OCIBackend\node_modules\node-cron\src\scheduler\runner.ts:100:30)
2026-09-08 14:06:17 [[31merror[39m]: NotificationEmailScheduler failed: ORA-12541: Cannot connect. No listener at host 10.10.0.16 port 1521.
Help: https://docs.oracle.com/error-help/db/ora-12541/ 
Error: ORA-12541: Cannot connect. No listener at host 10.10.0.16 port 1521.
Help: https://docs.oracle.com/error-help/db/ora-12541/
    at async TenantManager.getCentralConnection (C:\projects\Bayanat-OCIBackend\src\database\TenantManager.ts:86:20)
    at async TenantManager.listActiveTenants (C:\projects\Bayanat-OCIBackend\src\database\TenantManager.ts:333:18)
    at async C:\projects\Bayanat-OCIBackend\src\scheduler\notificationEmail.scheduler.ts:99:11
    at async Timeout._onTimeout (C:\projects\Bayanat-OCIBackend\node_modules\node-cron\src\scheduler\runner.ts:100:30)
2026-09-08 14:08:17 [[31merror[39m]: NotificationEmailScheduler failed: ORA-12541: Cannot connect. No listener at host 10.10.0.16 port 1521.
Help: https://docs.oracle.com/error-help/db/ora-12541/ 
Error: ORA-12541: Cannot connect. No listener at host 10.10.0.16 port 1521.
Help: https://docs.oracle.com/error-help/db/ora-12541/
    at async TenantManager.getCentralConnection (C:\projects\Bayanat-OCIBackend\src\database\TenantManager.ts:86:20)
    at async TenantManager.listActiveTenants (C:\projects\Bayanat-OCIBackend\src\database\TenantManager.ts:333:18)
    at async C:\projects\Bayanat-OCIBackend\src\scheduler\notificationEmail.scheduler.ts:99:11
    at async Timeout._onTimeout (C:\projects\Bayanat-OCIBackend\node_modules\node-cron\src\scheduler\runner.ts:100:30)
2026-09-08 14:10:17 [[31merror[39m]: NotificationEmailScheduler failed: ORA-12541: Cannot connect. No listener at host 10.10.0.16 port 1521.
Help: https://docs.oracle.com/error-help/db/ora-12541/ 
Error: ORA-12541: Cannot connect. No listener at host 10.10.0.16 port 1521.
Help: https://docs.oracle.com/error-help/db/ora-12541/
    at async TenantManager.getCentralConnection (C:\projects\Bayanat-OCIBackend\src\database\TenantManager.ts:86:20)
    at async TenantManager.listActiveTenants (C:\projects\Bayanat-OCIBackend\src\database\TenantManager.ts:333:18)
    at async C:\projects\Bayanat-OCIBackend\src\scheduler\notificationEmail.scheduler.ts:99:11
    at async Timeout._onTimeout (C:\projects\Bayanat-OCIBackend\node_modules\node-cron\src\scheduler\runner.ts:100:30)
2026-09-08 14:12:17 [[31merror[39m]: NotificationEmailScheduler failed: ORA-12541: Cannot connect. No listener at host 10.10.0.16 port 1521.
Help: https://docs.oracle.com/error-help/db/ora-12541/ 
Error: ORA-12541: Cannot connect. No listener at host 10.10.0.16 port 1521.
Help: https://docs.oracle.com/error-help/db/ora-12541/
    at async TenantManager.getCentralConnection (C:\projects\Bayanat-OCIBackend\src\database\TenantManager.ts:86:20)
    at async TenantManager.listActiveTenants (C:\projects\Bayanat-OCIBackend\src\database\TenantManager.ts:333:18)
    at async C:\projects\Bayanat-OCIBackend\src\scheduler\notificationEmail.scheduler.ts:99:11
    at async Timeout._onTimeout (C:\projects\Bayanat-OCIBackend\node_modules\node-cron\src\scheduler\runner.ts:100:30)
2026-09-08 14:16:07 [[31merror[39m]: [CUSTOMERBK_TENANT] Error in notification scheduler tenant loop: ORA-00942: table or view does not exist
Help: https://docs.oracle.com/error-help/db/ora-00942/ 
Error: ORA-00942: table or view does not exist
Help: https://docs.oracle.com/error-help/db/ora-00942/
    at async TenantManager.executeInTenant (C:\projects\Bayanat-OCIBackend\src\database\TenantManager.ts:295:22)
    at async C:\projects\Bayanat-OCIBackend\src\scheduler\notificationEmail.scheduler.ts:113:26
    at async C:\projects\Bayanat-OCIBackend\src\database\TenantManager.ts:372:25
2026-09-08 14:16:25 [[31merror[39m]: [BTIND_TENANT] Error in notification scheduler tenant loop: ORA-00942: table or view does not exist
Help: https://docs.oracle.com/error-help/db/ora-00942/ 
Error: ORA-00942: table or view does not exist
Help: https://docs.oracle.com/error-help/db/ora-00942/
    at async TenantManager.executeInTenant (C:\projects\Bayanat-OCIBackend\src\database\TenantManager.ts:295:22)
    at async C:\projects\Bayanat-OCIBackend\src\scheduler\notificationEmail.scheduler.ts:113:26
    at async C:\projects\Bayanat-OCIBackend\src\database\TenantManager.ts:372:25
2026-09-08 14:18:03 [[31merror[39m]: [CUSTOMERBK_TENANT] Error in notification scheduler tenant loop: ORA-00942: table or view does not exist
Help: https://docs.oracle.com/error-help/db/ora-00942/ 
Error: ORA-00942: table or view does not exist
Help: https://docs.oracle.com/error-help/db/ora-00942/
    at async TenantManager.executeInTenant (C:\projects\Bayanat-OCIBackend\src\database\TenantManager.ts:295:22)
    at async C:\projects\Bayanat-OCIBackend\src\scheduler\notificationEmail.scheduler.ts:113:26
    at async C:\projects\Bayanat-OCIBackend\src\database\TenantManager.ts:372:25
2026-09-08 14:18:09 [[31merror[39m]: [BTIND_TENANT] Error in notification scheduler tenant loop: ORA-00942: table or view does not exist
Help: https://docs.oracle.com/error-help/db/ora-00942/ 
Error: ORA-00942: table or view does not exist
Help: https://docs.oracle.com/error-help/db/ora-00942/
    at async TenantManager.executeInTenant (C:\projects\Bayanat-OCIBackend\src\database\TenantManager.ts:295:22)
    at async C:\projects\Bayanat-OCIBackend\src\scheduler\notificationEmail.scheduler.ts:113:26
    at async C:\projects\Bayanat-OCIBackend\src\database\TenantManager.ts:372:25
2026-09-08 14:20:03 [[31merror[39m]: [CUSTOMERBK_TENANT] Error in notification scheduler tenant loop: ORA-00942: table or view does not exist
Help: https://docs.oracle.com/error-help/db/ora-00942/ 
Error: ORA-00942: table or view does not exist
Help: https://docs.oracle.com/error-help/db/ora-00942/
    at async TenantManager.executeInTenant (C:\projects\Bayanat-OCIBackend\src\database\TenantManager.ts:295:22)
    at async C:\projects\Bayanat-OCIBackend\src\scheduler\notificationEmail.scheduler.ts:113:26
    at async C:\projects\Bayanat-OCIBackend\src\database\TenantManager.ts:372:25
2026-09-08 14:20:09 [[31merror[39m]: [BTIND_TENANT] Error in notification scheduler tenant loop: ORA-00942: table or view does not exist
Help: https://docs.oracle.com/error-help/db/ora-00942/ 
Error: ORA-00942: table or view does not exist
Help: https://docs.oracle.com/error-help/db/ora-00942/
    at async TenantManager.executeInTenant (C:\projects\Bayanat-OCIBackend\src\database\TenantManager.ts:295:22)
    at async C:\projects\Bayanat-OCIBackend\src\scheduler\notificationEmail.scheduler.ts:113:26
    at async C:\projects\Bayanat-OCIBackend\src\database\TenantManager.ts:372:25
2026-09-08 14:22:03 [[31merror[39m]: [CUSTOMERBK_TENANT] Error in notification scheduler tenant loop: ORA-00942: table or view does not exist
Help: https://docs.oracle.com/error-help/db/ora-00942/ 
Error: ORA-00942: table or view does not exist
Help: https://docs.oracle.com/error-help/db/ora-00942/
    at async TenantManager.executeInTenant (C:\projects\Bayanat-OCIBackend\src\database\TenantManager.ts:295:22)
    at async C:\projects\Bayanat-OCIBackend\src\scheduler\notificationEmail.scheduler.ts:113:26
    at async C:\projects\Bayanat-OCIBackend\src\database\TenantManager.ts:372:25
2026-09-08 14:22:10 [[31merror[39m]: [BTIND_TENANT] Error in notification scheduler tenant loop: ORA-00942: table or view does not exist
Help: https://docs.oracle.com/error-help/db/ora-00942/ 
Error: ORA-00942: table or view does not exist
Help: https://docs.oracle.com/error-help/db/ora-00942/
    at async TenantManager.executeInTenant (C:\projects\Bayanat-OCIBackend\src\database\TenantManager.ts:295:22)
    at async C:\projects\Bayanat-OCIBackend\src\scheduler\notificationEmail.scheduler.ts:113:26
    at async C:\projects\Bayanat-OCIBackend\src\database\TenantManager.ts:372:25
2026-09-08 14:24:02 [[31merror[39m]: [CUSTOMERBK_TENANT] Error in notification scheduler tenant loop: ORA-00942: table or view does not exist
Help: https://docs.oracle.com/error-help/db/ora-00942/ 
Error: ORA-00942: table or view does not exist
Help: https://docs.oracle.com/error-help/db/ora-00942/
    at async TenantManager.executeInTenant (C:\projects\Bayanat-OCIBackend\src\database\TenantManager.ts:295:22)
    at async C:\projects\Bayanat-OCIBackend\src\scheduler\notificationEmail.scheduler.ts:113:26
    at async C:\projects\Bayanat-OCIBackend\src\database\TenantManager.ts:372:25
2026-09-08 14:24:07 [[31merror[39m]: [BTIND_TENANT] Error in notification scheduler tenant loop: ORA-00942: table or view does not exist
Help: https://docs.oracle.com/error-help/db/ora-00942/ 
Error: ORA-00942: table or view does not exist
Help: https://docs.oracle.com/error-help/db/ora-00942/
    at async TenantManager.executeInTenant (C:\projects\Bayanat-OCIBackend\src\database\TenantManager.ts:295:22)
    at async C:\projects\Bayanat-OCIBackend\src\scheduler\notificationEmail.scheduler.ts:113:26
    at async C:\projects\Bayanat-OCIBackend\src\database\TenantManager.ts:372:25
2026-09-08 14:26:03 [[31merror[39m]: [CUSTOMERBK_TENANT] Error in notification scheduler tenant loop: ORA-00942: table or view does not exist
Help: https://docs.oracle.com/error-help/db/ora-00942/ 
Error: ORA-00942: table or view does not exist
Help: https://docs.oracle.com/error-help/db/ora-00942/
    at async TenantManager.executeInTenant (C:\projects\Bayanat-OCIBackend\src\database\TenantManager.ts:295:22)
    at async C:\projects\Bayanat-OCIBackend\src\scheduler\notificationEmail.scheduler.ts:113:26
    at async C:\projects\Bayanat-OCIBackend\src\database\TenantManager.ts:372:25
2026-09-08 14:26:08 [[31merror[39m]: [BTIND_TENANT] Error in notification scheduler tenant loop: ORA-00942: table or view does not exist
Help: https://docs.oracle.com/error-help/db/ora-00942/ 
Error: ORA-00942: table or view does not exist
Help: https://docs.oracle.com/error-help/db/ora-00942/
    at async TenantManager.executeInTenant (C:\projects\Bayanat-OCIBackend\src\database\TenantManager.ts:295:22)
    at async C:\projects\Bayanat-OCIBackend\src\scheduler\notificationEmail.scheduler.ts:113:26
    at async C:\projects\Bayanat-OCIBackend\src\database\TenantManager.ts:372:25
2026-09-08 14:28:02 [[31merror[39m]: [CUSTOMERBK_TENANT] Error in notification scheduler tenant loop: ORA-00942: table or view does not exist
Help: https://docs.oracle.com/error-help/db/ora-00942/ 
Error: ORA-00942: table or view does not exist
Help: https://docs.oracle.com/error-help/db/ora-00942/
    at async TenantManager.executeInTenant (C:\projects\Bayanat-OCIBackend\src\database\TenantManager.ts:295:22)
    at async C:\projects\Bayanat-OCIBackend\src\scheduler\notificationEmail.scheduler.ts:113:26
    at async C:\projects\Bayanat-OCIBackend\src\database\TenantManager.ts:372:25
2026-09-08 14:28:07 [[31merror[39m]: [BTIND_TENANT] Error in notification scheduler tenant loop: ORA-00942: table or view does not exist
Help: https://docs.oracle.com/error-help/db/ora-00942/ 
Error: ORA-00942: table or view does not exist
Help: https://docs.oracle.com/error-help/db/ora-00942/
    at async TenantManager.executeInTenant (C:\projects\Bayanat-OCIBackend\src\database\TenantManager.ts:295:22)
    at async C:\projects\Bayanat-OCIBackend\src\scheduler\notificationEmail.scheduler.ts:113:26
    at async C:\projects\Bayanat-OCIBackend\src\database\TenantManager.ts:372:25
2026-09-08 14:30:02 [[31merror[39m]: [CUSTOMERBK_TENANT] Error in notification scheduler tenant loop: ORA-00942: table or view does not exist
Help: https://docs.oracle.com/error-help/db/ora-00942/ 
Error: ORA-00942: table or view does not exist
Help: https://docs.oracle.com/error-help/db/ora-00942/
    at async TenantManager.executeInTenant (C:\projects\Bayanat-OCIBackend\src\database\TenantManager.ts:295:22)
    at async C:\projects\Bayanat-OCIBackend\src\scheduler\notificationEmail.scheduler.ts:113:26
    at async C:\projects\Bayanat-OCIBackend\src\database\TenantManager.ts:372:25
2026-09-08 14:30:09 [[31merror[39m]: [BTIND_TENANT] Error in notification scheduler tenant loop: ORA-00942: table or view does not exist
Help: https://docs.oracle.com/error-help/db/ora-00942/ 
Error: ORA-00942: table or view does not exist
Help: https://docs.oracle.com/error-help/db/ora-00942/
    at async TenantManager.executeInTenant (C:\projects\Bayanat-OCIBackend\src\database\TenantManager.ts:295:22)
    at async C:\projects\Bayanat-OCIBackend\src\scheduler\notificationEmail.scheduler.ts:113:26
    at async C:\projects\Bayanat-OCIBackend\src\database\TenantManager.ts:372:25
2026-09-08 14:32:03 [[31merror[39m]: [CUSTOMERBK_TENANT] Error in notification scheduler tenant loop: ORA-00942: table or view does not exist
Help: https://docs.oracle.com/error-help/db/ora-00942/ 
Error: ORA-00942: table or view does not exist
Help: https://docs.oracle.com/error-help/db/ora-00942/
    at async TenantManager.executeInTenant (C:\projects\Bayanat-OCIBackend\src\database\TenantManager.ts:295:22)
    at async C:\projects\Bayanat-OCIBackend\src\scheduler\notificationEmail.scheduler.ts:113:26
    at async C:\projects\Bayanat-OCIBackend\src\database\TenantManager.ts:372:25
2026-09-08 14:32:10 [[31merror[39m]: [BTIND_TENANT] Error in notification scheduler tenant loop: ORA-00942: table or view does not exist
Help: https://docs.oracle.com/error-help/db/ora-00942/ 
Error: ORA-00942: table or view does not exist
Help: https://docs.oracle.com/error-help/db/ora-00942/
    at async TenantManager.executeInTenant (C:\projects\Bayanat-OCIBackend\src\database\TenantManager.ts:295:22)
    at async C:\projects\Bayanat-OCIBackend\src\scheduler\notificationEmail.scheduler.ts:113:26
    at async C:\projects\Bayanat-OCIBackend\src\database\TenantManager.ts:372:25
2026-09-08 14:34:03 [[31merror[39m]: [CUSTOMERBK_TENANT] Error in notification scheduler tenant loop: ORA-00942: table or view does not exist
Help: https://docs.oracle.com/error-help/db/ora-00942/ 
Error: ORA-00942: table or view does not exist
Help: https://docs.oracle.com/error-help/db/ora-00942/
    at async TenantManager.executeInTenant (C:\projects\Bayanat-OCIBackend\src\database\TenantManager.ts:295:22)
    at async C:\projects\Bayanat-OCIBackend\src\scheduler\notificationEmail.scheduler.ts:113:26
    at async C:\projects\Bayanat-OCIBackend\src\database\TenantManager.ts:372:25
2026-09-08 14:34:14 [[31merror[39m]: [BTIND_TENANT] Error in notification scheduler tenant loop: ORA-00942: table or view does not exist
Help: https://docs.oracle.com/error-help/db/ora-00942/ 
Error: ORA-00942: table or view does not exist
Help: https://docs.oracle.com/error-help/db/ora-00942/
    at async TenantManager.executeInTenant (C:\projects\Bayanat-OCIBackend\src\database\TenantManager.ts:295:22)
    at async C:\projects\Bayanat-OCIBackend\src\scheduler\notificationEmail.scheduler.ts:113:26
    at async C:\projects\Bayanat-OCIBackend\src\database\TenantManager.ts:372:25
2026-09-08 14:35:24 [[31merror[39m]: uncaughtException: ⨯ Unable to compile TypeScript:
[96msrc/controllers/billing/updatebilling.ts[0m:[93m190[0m:[93m7[0m - [91merror[0m[90m TS18004: [0mNo value exists in scope for the shorthand property 'EXCHANGE_RATE'. Either declare one or provide an initializer.

[7m190[0m       EXCHANGE_RATE
[7m   [0m [91m      ~~~~~~~~~~~~~[0m

TSError: ⨯ Unable to compile TypeScript:
[96msrc/controllers/billing/updatebilling.ts[0m:[93m190[0m:[93m7[0m - [91merror[0m[90m TS18004: [0mNo value exists in scope for the shorthand property 'EXCHANGE_RATE'. Either declare one or provide an initializer.

[7m190[0m       EXCHANGE_RATE
[7m   [0m [91m      ~~~~~~~~~~~~~[0m

    at createTSError (C:\projects\Bayanat-OCIBackend\node_modules\ts-node\src\index.ts:859:12)
    at reportTSError (C:\projects\Bayanat-OCIBackend\node_modules\ts-node\src\index.ts:863:19)
    at getOutput (C:\projects\Bayanat-OCIBackend\node_modules\ts-node\src\index.ts:1077:36)
    at Object.compile (C:\projects\Bayanat-OCIBackend\node_modules\ts-node\src\index.ts:1433:41)
    at Module.m._compile (C:\projects\Bayanat-OCIBackend\node_modules\ts-node\src\index.ts:1617:30)
    at node:internal/modules/cjs/loader:1943:10
    at Object.require.extensions.<computed> [as .ts] (C:\projects\Bayanat-OCIBackend\node_modules\ts-node\src\index.ts:1621:12)
    at Module.load (node:internal/modules/cjs/loader:1533:32)
    at Module._load (node:internal/modules/cjs/loader:1335:12)
    at wrapModuleLoad (node:internal/modules/cjs/loader:255:19) 
TSError: ⨯ Unable to compile TypeScript:
[96msrc/controllers/billing/updatebilling.ts[0m:[93m190[0m:[93m7[0m - [91merror[0m[90m TS18004: [0mNo value exists in scope for the shorthand property 'EXCHANGE_RATE'. Either declare one or provide an initializer.

[7m190[0m       EXCHANGE_RATE
[7m   [0m [91m      ~~~~~~~~~~~~~[0m

    at createTSError (C:\projects\Bayanat-OCIBackend\node_modules\ts-node\src\index.ts:859:12)
    at reportTSError (C:\projects\Bayanat-OCIBackend\node_modules\ts-node\src\index.ts:863:19)
    at getOutput (C:\projects\Bayanat-OCIBackend\node_modules\ts-node\src\index.ts:1077:36)
    at Object.compile (C:\projects\Bayanat-OCIBackend\node_modules\ts-node\src\index.ts:1433:41)
    at Module.m._compile (C:\projects\Bayanat-OCIBackend\node_modules\ts-node\src\index.ts:1617:30)
    at node:internal/modules/cjs/loader:1943:10
    at Object.require.extensions.<computed> [as .ts] (C:\projects\Bayanat-OCIBackend\node_modules\ts-node\src\index.ts:1621:12)
    at Module.load (node:internal/modules/cjs/loader:1533:32)
    at Module._load (node:internal/modules/cjs/loader:1335:12)
    at wrapModuleLoad (node:internal/modules/cjs/loader:255:19)
2026-09-08 15:02:06 [[31merror[39m]: [CUSTOMERBK_TENANT] Error in notification scheduler tenant loop: ORA-00942: table or view does not exist
Help: https://docs.oracle.com/error-help/db/ora-00942/ 
Error: ORA-00942: table or view does not exist
Help: https://docs.oracle.com/error-help/db/ora-00942/
    at async TenantManager.executeInTenant (C:\projects\Bayanat-OCIBackend\src\database\TenantManager.ts:295:22)
    at async C:\projects\Bayanat-OCIBackend\src\scheduler\notificationEmail.scheduler.ts:113:26
    at async C:\projects\Bayanat-OCIBackend\src\database\TenantManager.ts:372:25
2026-09-08 15:02:23 [[31merror[39m]: [BTIND_TENANT] Error in notification scheduler tenant loop: ORA-00942: table or view does not exist
Help: https://docs.oracle.com/error-help/db/ora-00942/ 
Error: ORA-00942: table or view does not exist
Help: https://docs.oracle.com/error-help/db/ora-00942/
    at async TenantManager.executeInTenant (C:\projects\Bayanat-OCIBackend\src\database\TenantManager.ts:295:22)
    at async C:\projects\Bayanat-OCIBackend\src\scheduler\notificationEmail.scheduler.ts:113:26
    at async C:\projects\Bayanat-OCIBackend\src\database\TenantManager.ts:372:25
2026-09-08 15:05:00 [[31merror[39m]: NotificationEmailScheduler failed: NJS-040: connection request timeout. Request exceeded "queueTimeout" of 60000 
Error: NJS-040: connection request timeout. Request exceeded "queueTimeout" of 60000
    at Timeout.<anonymous> (C:\projects\Bayanat-OCIBackend\node_modules\oracledb\lib\pool.js:448:25)
    at listOnTimeout (node:internal/timers:605:17)
    at processTimers (node:internal/timers:541:7)
2026-09-08 15:07:00 [[31merror[39m]: NotificationEmailScheduler failed: NJS-040: connection request timeout. Request exceeded "queueTimeout" of 60000 
Error: NJS-040: connection request timeout. Request exceeded "queueTimeout" of 60000
    at Timeout.<anonymous> (C:\projects\Bayanat-OCIBackend\node_modules\oracledb\lib\pool.js:448:25)
    at listOnTimeout (node:internal/timers:605:17)
    at processTimers (node:internal/timers:541:7)
2026-09-08 15:22:05 [[31merror[39m]: [CUSTOMERBK_TENANT] Error in notification scheduler tenant loop: ORA-00942: table or view does not exist
Help: https://docs.oracle.com/error-help/db/ora-00942/ 
Error: ORA-00942: table or view does not exist
Help: https://docs.oracle.com/error-help/db/ora-00942/
    at async TenantManager.executeInTenant (C:\projects\Bayanat-OCIBackend\src\database\TenantManager.ts:295:22)
    at async C:\projects\Bayanat-OCIBackend\src\scheduler\notificationEmail.scheduler.ts:113:26
    at async C:\projects\Bayanat-OCIBackend\src\database\TenantManager.ts:372:25
2026-09-08 15:22:28 [[31merror[39m]: [BTIND_TENANT] Error in notification scheduler tenant loop: ORA-00942: table or view does not exist
Help: https://docs.oracle.com/error-help/db/ora-00942/ 
Error: ORA-00942: table or view does not exist
Help: https://docs.oracle.com/error-help/db/ora-00942/
    at async TenantManager.executeInTenant (C:\projects\Bayanat-OCIBackend\src\database\TenantManager.ts:295:22)
    at async C:\projects\Bayanat-OCIBackend\src\scheduler\notificationEmail.scheduler.ts:113:26
    at async C:\projects\Bayanat-OCIBackend\src\database\TenantManager.ts:372:25
2026-09-08 15:26:09 [[31merror[39m]: [CUSTOMERBK_TENANT] Error in notification scheduler tenant loop: ORA-00942: table or view does not exist
Help: https://docs.oracle.com/error-help/db/ora-00942/ 
Error: ORA-00942: table or view does not exist
Help: https://docs.oracle.com/error-help/db/ora-00942/
    at async TenantManager.executeInTenant (C:\projects\Bayanat-OCIBackend\src\database\TenantManager.ts:295:22)
    at async C:\projects\Bayanat-OCIBackend\src\scheduler\notificationEmail.scheduler.ts:113:26
    at async C:\projects\Bayanat-OCIBackend\src\database\TenantManager.ts:372:25
2026-09-08 15:26:16 [[31merror[39m]: [BTIND_TENANT] Error in notification scheduler tenant loop: ORA-00942: table or view does not exist
Help: https://docs.oracle.com/error-help/db/ora-00942/ 
Error: ORA-00942: table or view does not exist
Help: https://docs.oracle.com/error-help/db/ora-00942/
    at async TenantManager.executeInTenant (C:\projects\Bayanat-OCIBackend\src\database\TenantManager.ts:295:22)
    at async C:\projects\Bayanat-OCIBackend\src\scheduler\notificationEmail.scheduler.ts:113:26
    at async C:\projects\Bayanat-OCIBackend\src\database\TenantManager.ts:372:25
2026-09-08 15:28:02 [[31merror[39m]: [CUSTOMERBK_TENANT] Error in notification scheduler tenant loop: ORA-00942: table or view does not exist
Help: https://docs.oracle.com/error-help/db/ora-00942/ 
Error: ORA-00942: table or view does not exist
Help: https://docs.oracle.com/error-help/db/ora-00942/
    at async TenantManager.executeInTenant (C:\projects\Bayanat-OCIBackend\src\database\TenantManager.ts:295:22)
    at async C:\projects\Bayanat-OCIBackend\src\scheduler\notificationEmail.scheduler.ts:113:26
    at async C:\projects\Bayanat-OCIBackend\src\database\TenantManager.ts:372:25
2026-09-08 15:28:10 [[31merror[39m]: [BTIND_TENANT] Error in notification scheduler tenant loop: ORA-00942: table or view does not exist
Help: https://docs.oracle.com/error-help/db/ora-00942/ 
Error: ORA-00942: table or view does not exist
Help: https://docs.oracle.com/error-help/db/ora-00942/
    at async TenantManager.executeInTenant (C:\projects\Bayanat-OCIBackend\src\database\TenantManager.ts:295:22)
    at async C:\projects\Bayanat-OCIBackend\src\scheduler\notificationEmail.scheduler.ts:113:26
    at async C:\projects\Bayanat-OCIBackend\src\database\TenantManager.ts:372:25
2026-09-08 15:30:02 [[31merror[39m]: [CUSTOMERBK_TENANT] Error in notification scheduler tenant loop: ORA-00942: table or view does not exist
Help: https://docs.oracle.com/error-help/db/ora-00942/ 
Error: ORA-00942: table or view does not exist
Help: https://docs.oracle.com/error-help/db/ora-00942/
    at async TenantManager.executeInTenant (C:\projects\Bayanat-OCIBackend\src\database\TenantManager.ts:295:22)
    at async C:\projects\Bayanat-OCIBackend\src\scheduler\notificationEmail.scheduler.ts:113:26
    at async C:\projects\Bayanat-OCIBackend\src\database\TenantManager.ts:372:25
2026-09-08 15:30:08 [[31merror[39m]: [BTIND_TENANT] Error in notification scheduler tenant loop: ORA-00942: table or view does not exist
Help: https://docs.oracle.com/error-help/db/ora-00942/ 
Error: ORA-00942: table or view does not exist
Help: https://docs.oracle.com/error-help/db/ora-00942/
    at async TenantManager.executeInTenant (C:\projects\Bayanat-OCIBackend\src\database\TenantManager.ts:295:22)
    at async C:\projects\Bayanat-OCIBackend\src\scheduler\notificationEmail.scheduler.ts:113:26
    at async C:\projects\Bayanat-OCIBackend\src\database\TenantManager.ts:372:25
2026-09-08 15:32:02 [[31merror[39m]: [CUSTOMERBK_TENANT] Error in notification scheduler tenant loop: ORA-00942: table or view does not exist
Help: https://docs.oracle.com/error-help/db/ora-00942/ 
Error: ORA-00942: table or view does not exist
Help: https://docs.oracle.com/error-help/db/ora-00942/
    at async TenantManager.executeInTenant (C:\projects\Bayanat-OCIBackend\src\database\TenantManager.ts:295:22)
    at async C:\projects\Bayanat-OCIBackend\src\scheduler\notificationEmail.scheduler.ts:113:26
    at async C:\projects\Bayanat-OCIBackend\src\database\TenantManager.ts:372:25
2026-09-08 15:32:09 [[31merror[39m]: [BTIND_TENANT] Error in notification scheduler tenant loop: ORA-00942: table or view does not exist
Help: https://docs.oracle.com/error-help/db/ora-00942/ 
Error: ORA-00942: table or view does not exist
Help: https://docs.oracle.com/error-help/db/ora-00942/
    at async TenantManager.executeInTenant (C:\projects\Bayanat-OCIBackend\src\database\TenantManager.ts:295:22)
    at async C:\projects\Bayanat-OCIBackend\src\scheduler\notificationEmail.scheduler.ts:113:26
    at async C:\projects\Bayanat-OCIBackend\src\database\TenantManager.ts:372:25
2026-09-08 15:34:07 [[31merror[39m]: [CUSTOMERBK_TENANT] Error in notification scheduler tenant loop: ORA-00942: table or view does not exist
Help: https://docs.oracle.com/error-help/db/ora-00942/ 
Error: ORA-00942: table or view does not exist
Help: https://docs.oracle.com/error-help/db/ora-00942/
    at async TenantManager.executeInTenant (C:\projects\Bayanat-OCIBackend\src\database\TenantManager.ts:295:22)
    at async C:\projects\Bayanat-OCIBackend\src\scheduler\notificationEmail.scheduler.ts:113:26
    at async C:\projects\Bayanat-OCIBackend\src\database\TenantManager.ts:372:25
2026-09-08 15:34:13 [[31merror[39m]: [BTIND_TENANT] Error in notification scheduler tenant loop: ORA-00942: table or view does not exist
Help: https://docs.oracle.com/error-help/db/ora-00942/ 
Error: ORA-00942: table or view does not exist
Help: https://docs.oracle.com/error-help/db/ora-00942/
    at async TenantManager.executeInTenant (C:\projects\Bayanat-OCIBackend\src\database\TenantManager.ts:295:22)
    at async C:\projects\Bayanat-OCIBackend\src\scheduler\notificationEmail.scheduler.ts:113:26
    at async C:\projects\Bayanat-OCIBackend\src\database\TenantManager.ts:372:25
2026-09-08 15:36:03 [[31merror[39m]: [CUSTOMERBK_TENANT] Error in notification scheduler tenant loop: ORA-00942: table or view does not exist
Help: https://docs.oracle.com/error-help/db/ora-00942/ 
Error: ORA-00942: table or view does not exist
Help: https://docs.oracle.com/error-help/db/ora-00942/
    at async TenantManager.executeInTenant (C:\projects\Bayanat-OCIBackend\src\database\TenantManager.ts:295:22)
    at async C:\projects\Bayanat-OCIBackend\src\scheduler\notificationEmail.scheduler.ts:113:26
    at async C:\projects\Bayanat-OCIBackend\src\database\TenantManager.ts:372:25
2026-09-08 15:36:30 [[31merror[39m]: [WMSDEV_TENANT] Error in notification scheduler tenant loop: ORA-12170: Cannot connect. TCP connect timeout of 20s for host 10.10.0.16 port 1521. (CONNECTION_ID=JiQkMEX9SvSqOU26YkVnEw==)
Help: https://docs.oracle.com/error-help/db/ora-12170/ 
Error: ORA-12170: Cannot connect. TCP connect timeout of 20s for host 10.10.0.16 port 1521. (CONNECTION_ID=JiQkMEX9SvSqOU26YkVnEw==)
Help: https://docs.oracle.com/error-help/db/ora-12170/
    at async TenantManager.getConnection (C:\projects\Bayanat-OCIBackend\src\database\TenantManager.ts:210:18)
    at async TenantManager.executeInTenant (C:\projects\Bayanat-OCIBackend\src\database\TenantManager.ts:287:18)
    at async C:\projects\Bayanat-OCIBackend\src\scheduler\notificationEmail.scheduler.ts:113:26
    at async C:\projects\Bayanat-OCIBackend\src\database\TenantManager.ts:372:25
2026-09-08 15:37:15 [[31merror[39m]: [WMSTST_TENANT] Error in notification scheduler tenant loop: ORA-12170: Cannot connect. TCP connect timeout of 20s for host 10.10.0.16 port 1521. (CONNECTION_ID=VYPl6BlfTSeviAhoBwKKag==)
Help: https://docs.oracle.com/error-help/db/ora-12170/ 
Error: ORA-12170: Cannot connect. TCP connect timeout of 20s for host 10.10.0.16 port 1521. (CONNECTION_ID=VYPl6BlfTSeviAhoBwKKag==)
Help: https://docs.oracle.com/error-help/db/ora-12170/
    at async TenantManager.getCentralConnection (C:\projects\Bayanat-OCIBackend\src\database\TenantManager.ts:86:20)
    at async TenantManager.getTenantConfig (C:\projects\Bayanat-OCIBackend\src\database\TenantManager.ts:136:18)
    at async TenantManager.getConnection (C:\projects\Bayanat-OCIBackend\src\database\TenantManager.ts:204:20)
    at async TenantManager.executeInTenant (C:\projects\Bayanat-OCIBackend\src\database\TenantManager.ts:287:18)
    at async C:\projects\Bayanat-OCIBackend\src\scheduler\notificationEmail.scheduler.ts:113:26
    at async C:\projects\Bayanat-OCIBackend\src\database\TenantManager.ts:372:25
2026-09-08 15:37:55 [[31merror[39m]: [BTIND_TENANT] Error in notification scheduler tenant loop: ORA-12170: Cannot connect. TCP connect timeout of 20s for host 10.10.0.16 port 1521. (CONNECTION_ID=0XvzoVLjQlmecDAtMvzJ6w==)
Help: https://docs.oracle.com/error-help/db/ora-12170/ 
Error: ORA-12170: Cannot connect. TCP connect timeout of 20s for host 10.10.0.16 port 1521. (CONNECTION_ID=0XvzoVLjQlmecDAtMvzJ6w==)
Help: https://docs.oracle.com/error-help/db/ora-12170/
    at async TenantManager.getCentralConnection (C:\projects\Bayanat-OCIBackend\src\database\TenantManager.ts:86:20)
    at async TenantManager.getTenantConfig (C:\projects\Bayanat-OCIBackend\src\database\TenantManager.ts:136:18)
    at async TenantManager.getConnection (C:\projects\Bayanat-OCIBackend\src\database\TenantManager.ts:204:20)
    at async TenantManager.executeInTenant (C:\projects\Bayanat-OCIBackend\src\database\TenantManager.ts:287:18)
    at async C:\projects\Bayanat-OCIBackend\src\scheduler\notificationEmail.scheduler.ts:113:26
    at async C:\projects\Bayanat-OCIBackend\src\database\TenantManager.ts:372:25
2026-09-08 15:38:36 [[31merror[39m]: NotificationEmailScheduler failed: ORA-12170: Cannot connect. TCP connect timeout of 20s for host 10.10.0.16 port 1521. (CONNECTION_ID=1hxNQH4XRv2m+NxobnlCVw==)
Help: https://docs.oracle.com/error-help/db/ora-12170/ 
Error: ORA-12170: Cannot connect. TCP connect timeout of 20s for host 10.10.0.16 port 1521. (CONNECTION_ID=1hxNQH4XRv2m+NxobnlCVw==)
Help: https://docs.oracle.com/error-help/db/ora-12170/
    at async TenantManager.getCentralConnection (C:\projects\Bayanat-OCIBackend\src\database\TenantManager.ts:86:20)
    at async TenantManager.listActiveTenants (C:\projects\Bayanat-OCIBackend\src\database\TenantManager.ts:333:18)
    at async C:\projects\Bayanat-OCIBackend\src\scheduler\notificationEmail.scheduler.ts:99:11
    at async Timeout._onTimeout (C:\projects\Bayanat-OCIBackend\node_modules\node-cron\src\scheduler\runner.ts:100:30)
2026-09-08 15:38:56 [[31merror[39m]: [BTSCMPRD_TENANT] Error in notification scheduler tenant loop: ORA-12170: Cannot connect. TCP connect timeout of 20s for host 10.10.0.16 port 1521. (CONNECTION_ID=Asu5z5W/TTiJkeO5PJpsWw==)
Help: https://docs.oracle.com/error-help/db/ora-12170/ 
Error: ORA-12170: Cannot connect. TCP connect timeout of 20s for host 10.10.0.16 port 1521. (CONNECTION_ID=Asu5z5W/TTiJkeO5PJpsWw==)
Help: https://docs.oracle.com/error-help/db/ora-12170/
    at async TenantManager.getCentralConnection (C:\projects\Bayanat-OCIBackend\src\database\TenantManager.ts:86:20)
    at async TenantManager.getTenantConfig (C:\projects\Bayanat-OCIBackend\src\database\TenantManager.ts:136:18)
    at async TenantManager.getConnection (C:\projects\Bayanat-OCIBackend\src\database\TenantManager.ts:204:20)
    at async TenantManager.executeInTenant (C:\projects\Bayanat-OCIBackend\src\database\TenantManager.ts:287:18)
    at async C:\projects\Bayanat-OCIBackend\src\scheduler\notificationEmail.scheduler.ts:113:26
    at async C:\projects\Bayanat-OCIBackend\src\database\TenantManager.ts:372:25
2026-09-08 15:39:36 [[31merror[39m]: [MHDL_TENANT] Error in notification scheduler tenant loop: ORA-12170: Cannot connect. TCP connect timeout of 20s for host 10.10.0.16 port 1521. (CONNECTION_ID=+GTx/yLHTZO9H4C+AH1MxA==)
Help: https://docs.oracle.com/error-help/db/ora-12170/ 
Error: ORA-12170: Cannot connect. TCP connect timeout of 20s for host 10.10.0.16 port 1521. (CONNECTION_ID=+GTx/yLHTZO9H4C+AH1MxA==)
Help: https://docs.oracle.com/error-help/db/ora-12170/
    at async TenantManager.getCentralConnection (C:\projects\Bayanat-OCIBackend\src\database\TenantManager.ts:86:20)
    at async TenantManager.getTenantConfig (C:\projects\Bayanat-OCIBackend\src\database\TenantManager.ts:136:18)
    at async TenantManager.getConnection (C:\projects\Bayanat-OCIBackend\src\database\TenantManager.ts:204:20)
    at async TenantManager.executeInTenant (C:\projects\Bayanat-OCIBackend\src\database\TenantManager.ts:287:18)
    at async C:\projects\Bayanat-OCIBackend\src\scheduler\notificationEmail.scheduler.ts:113:26
    at async C:\projects\Bayanat-OCIBackend\src\database\TenantManager.ts:372:25
2026-09-08 15:40:20 [[31merror[39m]: NotificationEmailScheduler failed: ORA-12170: Cannot connect. TCP connect timeout of 20s for host 10.10.0.16 port 1521. (CONNECTION_ID=sBhbNqrATvKhaGeYsJEz/g==)
Help: https://docs.oracle.com/error-help/db/ora-12170/ 
Error: ORA-12170: Cannot connect. TCP connect timeout of 20s for host 10.10.0.16 port 1521. (CONNECTION_ID=sBhbNqrATvKhaGeYsJEz/g==)
Help: https://docs.oracle.com/error-help/db/ora-12170/
    at async TenantManager.getCentralConnection (C:\projects\Bayanat-OCIBackend\src\database\TenantManager.ts:86:20)
    at async TenantManager.listActiveTenants (C:\projects\Bayanat-OCIBackend\src\database\TenantManager.ts:333:18)
    at async C:\projects\Bayanat-OCIBackend\src\scheduler\notificationEmail.scheduler.ts:99:11
    at async Timeout._onTimeout (C:\projects\Bayanat-OCIBackend\node_modules\node-cron\src\scheduler\runner.ts:100:30)
2026-09-08 15:42:20 [[31merror[39m]: NotificationEmailScheduler failed: ORA-12170: Cannot connect. TCP connect timeout of 20s for host 10.10.0.16 port 1521. (CONNECTION_ID=yjg61JajSxCm+G7AK5NVsw==)
Help: https://docs.oracle.com/error-help/db/ora-12170/ 
Error: ORA-12170: Cannot connect. TCP connect timeout of 20s for host 10.10.0.16 port 1521. (CONNECTION_ID=yjg61JajSxCm+G7AK5NVsw==)
Help: https://docs.oracle.com/error-help/db/ora-12170/
    at async TenantManager.getCentralConnection (C:\projects\Bayanat-OCIBackend\src\database\TenantManager.ts:86:20)
    at async TenantManager.listActiveTenants (C:\projects\Bayanat-OCIBackend\src\database\TenantManager.ts:333:18)
    at async C:\projects\Bayanat-OCIBackend\src\scheduler\notificationEmail.scheduler.ts:99:11
    at async Timeout._onTimeout (C:\projects\Bayanat-OCIBackend\node_modules\node-cron\src\scheduler\runner.ts:100:30)
2026-09-08 15:46:08 [[31merror[39m]: [CUSTOMERBK_TENANT] Error in notification scheduler tenant loop: ORA-00942: table or view does not exist
Help: https://docs.oracle.com/error-help/db/ora-00942/ 
Error: ORA-00942: table or view does not exist
Help: https://docs.oracle.com/error-help/db/ora-00942/
    at async TenantManager.executeInTenant (C:\projects\Bayanat-OCIBackend\src\database\TenantManager.ts:295:22)
    at async C:\projects\Bayanat-OCIBackend\src\scheduler\notificationEmail.scheduler.ts:113:26
    at async C:\projects\Bayanat-OCIBackend\src\database\TenantManager.ts:372:25
2026-09-08 15:46:33 [[31merror[39m]: [BTIND_TENANT] Error in notification scheduler tenant loop: ORA-00942: table or view does not exist
Help: https://docs.oracle.com/error-help/db/ora-00942/ 
Error: ORA-00942: table or view does not exist
Help: https://docs.oracle.com/error-help/db/ora-00942/
    at async TenantManager.executeInTenant (C:\projects\Bayanat-OCIBackend\src\database\TenantManager.ts:295:22)
    at async C:\projects\Bayanat-OCIBackend\src\scheduler\notificationEmail.scheduler.ts:113:26
    at async C:\projects\Bayanat-OCIBackend\src\database\TenantManager.ts:372:25
2026-09-08 15:48:20 [[31merror[39m]: [CUSTOMERBK_TENANT] Error in notification scheduler tenant loop: ORA-00942: table or view does not exist
Help: https://docs.oracle.com/error-help/db/ora-00942/ 
Error: ORA-00942: table or view does not exist
Help: https://docs.oracle.com/error-help/db/ora-00942/
    at async TenantManager.executeInTenant (C:\projects\Bayanat-OCIBackend\src\database\TenantManager.ts:295:22)
    at async C:\projects\Bayanat-OCIBackend\src\scheduler\notificationEmail.scheduler.ts:113:26
    at async C:\projects\Bayanat-OCIBackend\src\database\TenantManager.ts:372:25
2026-09-08 15:48:41 [[31merror[39m]: [BTIND_TENANT] Error in notification scheduler tenant loop: ORA-00942: table or view does not exist
Help: https://docs.oracle.com/error-help/db/ora-00942/ 
Error: ORA-00942: table or view does not exist
Help: https://docs.oracle.com/error-help/db/ora-00942/
    at async TenantManager.executeInTenant (C:\projects\Bayanat-OCIBackend\src\database\TenantManager.ts:295:22)
    at async C:\projects\Bayanat-OCIBackend\src\scheduler\notificationEmail.scheduler.ts:113:26
    at async C:\projects\Bayanat-OCIBackend\src\database\TenantManager.ts:372:25
2026-09-08 15:52:51 [[31merror[39m]: NotificationEmailScheduler failed: NJS-500: connection to Oracle Database was closed or broken
DPI-1080: connection was closed by ORA-03113
ORA-03113: end-of-file on communication channel
Process ID: 65792
Session ID: 385 Serial number: 34558
Help: https://docs.oracle.com/error-help/db/ora-03113/ 
Error: NJS-500: connection to Oracle Database was closed or broken
DPI-1080: connection was closed by ORA-03113
ORA-03113: end-of-file on communication channel
Process ID: 65792
Session ID: 385 Serial number: 34558
Help: https://docs.oracle.com/error-help/db/ora-03113/
    at async TenantManager.listActiveTenants (C:\projects\Bayanat-OCIBackend\src\database\TenantManager.ts:335:22)
    at async C:\projects\Bayanat-OCIBackend\src\scheduler\notificationEmail.scheduler.ts:99:11
    at async Timeout._onTimeout (C:\projects\Bayanat-OCIBackend\node_modules\node-cron\src\scheduler\runner.ts:100:30)
2026-09-08 15:56:25 [[31merror[39m]: [CUSTOMERBK_TENANT] Error in notification scheduler tenant loop: ORA-00942: table or view does not exist
Help: https://docs.oracle.com/error-help/db/ora-00942/ 
Error: ORA-00942: table or view does not exist
Help: https://docs.oracle.com/error-help/db/ora-00942/
    at async TenantManager.executeInTenant (C:\projects\Bayanat-OCIBackend\src\database\TenantManager.ts:295:22)
    at async C:\projects\Bayanat-OCIBackend\src\scheduler\notificationEmail.scheduler.ts:113:26
    at async C:\projects\Bayanat-OCIBackend\src\database\TenantManager.ts:372:25
2026-09-08 15:57:02 [[31merror[39m]: [BTIND_TENANT] Error in notification scheduler tenant loop: ORA-00942: table or view does not exist
Help: https://docs.oracle.com/error-help/db/ora-00942/ 
Error: ORA-00942: table or view does not exist
Help: https://docs.oracle.com/error-help/db/ora-00942/
    at async TenantManager.executeInTenant (C:\projects\Bayanat-OCIBackend\src\database\TenantManager.ts:295:22)
    at async C:\projects\Bayanat-OCIBackend\src\scheduler\notificationEmail.scheduler.ts:113:26
    at async C:\projects\Bayanat-OCIBackend\src\database\TenantManager.ts:372:25
2026-09-08 15:58:22 [[31merror[39m]: [CUSTOMERBK_TENANT] Error in notification scheduler tenant loop: ORA-00942: table or view does not exist
Help: https://docs.oracle.com/error-help/db/ora-00942/ 
Error: ORA-00942: table or view does not exist
Help: https://docs.oracle.com/error-help/db/ora-00942/
    at async TenantManager.executeInTenant (C:\projects\Bayanat-OCIBackend\src\database\TenantManager.ts:295:22)
    at async C:\projects\Bayanat-OCIBackend\src\scheduler\notificationEmail.scheduler.ts:113:26
    at async C:\projects\Bayanat-OCIBackend\src\database\TenantManager.ts:372:25
2026-09-08 15:58:56 [[31merror[39m]: [BTIND_TENANT] Error in notification scheduler tenant loop: ORA-00942: table or view does not exist
Help: https://docs.oracle.com/error-help/db/ora-00942/ 
Error: ORA-00942: table or view does not exist
Help: https://docs.oracle.com/error-help/db/ora-00942/
    at async TenantManager.executeInTenant (C:\projects\Bayanat-OCIBackend\src\database\TenantManager.ts:295:22)
    at async C:\projects\Bayanat-OCIBackend\src\scheduler\notificationEmail.scheduler.ts:113:26
    at async C:\projects\Bayanat-OCIBackend\src\database\TenantManager.ts:372:25
2026-09-08 16:02:05 [[31merror[39m]: [CUSTOMERBK_TENANT] Error in notification scheduler tenant loop: ORA-00942: table or view does not exist
Help: https://docs.oracle.com/error-help/db/ora-00942/ 
Error: ORA-00942: table or view does not exist
Help: https://docs.oracle.com/error-help/db/ora-00942/
    at async TenantManager.executeInTenant (C:\projects\Bayanat-OCIBackend\src\database\TenantManager.ts:295:22)
    at async C:\projects\Bayanat-OCIBackend\src\scheduler\notificationEmail.scheduler.ts:113:26
    at async C:\projects\Bayanat-OCIBackend\src\database\TenantManager.ts:372:25
2026-09-08 16:02:13 [[31merror[39m]: [BTIND_TENANT] Error in notification scheduler tenant loop: ORA-00942: table or view does not exist
Help: https://docs.oracle.com/error-help/db/ora-00942/ 
Error: ORA-00942: table or view does not exist
Help: https://docs.oracle.com/error-help/db/ora-00942/
    at async TenantManager.executeInTenant (C:\projects\Bayanat-OCIBackend\src\database\TenantManager.ts:295:22)
    at async C:\projects\Bayanat-OCIBackend\src\scheduler\notificationEmail.scheduler.ts:113:26
    at async C:\projects\Bayanat-OCIBackend\src\database\TenantManager.ts:372:25
2026-09-08 16:04:01 [[31merror[39m]: [CUSTOMERBK_TENANT] Error in notification scheduler tenant loop: ORA-00942: table or view does not exist
Help: https://docs.oracle.com/error-help/db/ora-00942/ 
Error: ORA-00942: table or view does not exist
Help: https://docs.oracle.com/error-help/db/ora-00942/
    at async TenantManager.executeInTenant (C:\projects\Bayanat-OCIBackend\src\database\TenantManager.ts:295:22)
    at async C:\projects\Bayanat-OCIBackend\src\scheduler\notificationEmail.scheduler.ts:113:26
    at async C:\projects\Bayanat-OCIBackend\src\database\TenantManager.ts:372:25
2026-09-08 16:04:06 [[31merror[39m]: [BTIND_TENANT] Error in notification scheduler tenant loop: ORA-00942: table or view does not exist
Help: https://docs.oracle.com/error-help/db/ora-00942/ 
Error: ORA-00942: table or view does not exist
Help: https://docs.oracle.com/error-help/db/ora-00942/
    at async TenantManager.executeInTenant (C:\projects\Bayanat-OCIBackend\src\database\TenantManager.ts:295:22)
    at async C:\projects\Bayanat-OCIBackend\src\scheduler\notificationEmail.scheduler.ts:113:26
    at async C:\projects\Bayanat-OCIBackend\src\database\TenantManager.ts:372:25
2026-09-08 16:06:01 [[31merror[39m]: [CUSTOMERBK_TENANT] Error in notification scheduler tenant loop: ORA-00942: table or view does not exist
Help: https://docs.oracle.com/error-help/db/ora-00942/ 
Error: ORA-00942: table or view does not exist
Help: https://docs.oracle.com/error-help/db/ora-00942/
    at async TenantManager.executeInTenant (C:\projects\Bayanat-OCIBackend\src\database\TenantManager.ts:295:22)
    at async C:\projects\Bayanat-OCIBackend\src\scheduler\notificationEmail.scheduler.ts:113:26
    at async C:\projects\Bayanat-OCIBackend\src\database\TenantManager.ts:372:25
2026-09-08 16:06:06 [[31merror[39m]: [BTIND_TENANT] Error in notification scheduler tenant loop: ORA-00942: table or view does not exist
Help: https://docs.oracle.com/error-help/db/ora-00942/ 
Error: ORA-00942: table or view does not exist
Help: https://docs.oracle.com/error-help/db/ora-00942/
    at async TenantManager.executeInTenant (C:\projects\Bayanat-OCIBackend\src\database\TenantManager.ts:295:22)
    at async C:\projects\Bayanat-OCIBackend\src\scheduler\notificationEmail.scheduler.ts:113:26
    at async C:\projects\Bayanat-OCIBackend\src\database\TenantManager.ts:372:25
2026-09-08 16:08:05 [[31merror[39m]: [CUSTOMERBK_TENANT] Error in notification scheduler tenant loop: ORA-00942: table or view does not exist
Help: https://docs.oracle.com/error-help/db/ora-00942/ 
Error: ORA-00942: table or view does not exist
Help: https://docs.oracle.com/error-help/db/ora-00942/
    at async TenantManager.executeInTenant (C:\projects\Bayanat-OCIBackend\src\database\TenantManager.ts:295:22)
    at async C:\projects\Bayanat-OCIBackend\src\scheduler\notificationEmail.scheduler.ts:113:26
    at async C:\projects\Bayanat-OCIBackend\src\database\TenantManager.ts:372:25
2026-09-08 16:08:26 [[31merror[39m]: [BTIND_TENANT] Error in notification scheduler tenant loop: ORA-00942: table or view does not exist
Help: https://docs.oracle.com/error-help/db/ora-00942/ 
Error: ORA-00942: table or view does not exist
Help: https://docs.oracle.com/error-help/db/ora-00942/
    at async TenantManager.executeInTenant (C:\projects\Bayanat-OCIBackend\src\database\TenantManager.ts:295:22)
    at async C:\projects\Bayanat-OCIBackend\src\scheduler\notificationEmail.scheduler.ts:113:26
    at async C:\projects\Bayanat-OCIBackend\src\database\TenantManager.ts:372:25
2026-09-08 16:10:02 [[31merror[39m]: [CUSTOMERBK_TENANT] Error in notification scheduler tenant loop: ORA-00942: table or view does not exist
Help: https://docs.oracle.com/error-help/db/ora-00942/ 
Error: ORA-00942: table or view does not exist
Help: https://docs.oracle.com/error-help/db/ora-00942/
    at async TenantManager.executeInTenant (C:\projects\Bayanat-OCIBackend\src\database\TenantManager.ts:295:22)
    at async C:\projects\Bayanat-OCIBackend\src\scheduler\notificationEmail.scheduler.ts:113:26
    at async C:\projects\Bayanat-OCIBackend\src\database\TenantManager.ts:372:25
2026-09-08 16:10:07 [[31merror[39m]: [BTIND_TENANT] Error in notification scheduler tenant loop: ORA-00942: table or view does not exist
Help: https://docs.oracle.com/error-help/db/ora-00942/ 
Error: ORA-00942: table or view does not exist
Help: https://docs.oracle.com/error-help/db/ora-00942/
    at async TenantManager.executeInTenant (C:\projects\Bayanat-OCIBackend\src\database\TenantManager.ts:295:22)
    at async C:\projects\Bayanat-OCIBackend\src\scheduler\notificationEmail.scheduler.ts:113:26
    at async C:\projects\Bayanat-OCIBackend\src\database\TenantManager.ts:372:25
2026-09-08 16:12:07 [[31merror[39m]: [CUSTOMERBK_TENANT] Error in notification scheduler tenant loop: ORA-00942: table or view does not exist
Help: https://docs.oracle.com/error-help/db/ora-00942/ 
Error: ORA-00942: table or view does not exist
Help: https://docs.oracle.com/error-help/db/ora-00942/
    at async TenantManager.executeInTenant (C:\projects\Bayanat-OCIBackend\src\database\TenantManager.ts:295:22)
    at async C:\projects\Bayanat-OCIBackend\src\scheduler\notificationEmail.scheduler.ts:113:26
    at async C:\projects\Bayanat-OCIBackend\src\database\TenantManager.ts:372:25
2026-09-08 16:12:13 [[31merror[39m]: [BTIND_TENANT] Error in notification scheduler tenant loop: ORA-00942: table or view does not exist
Help: https://docs.oracle.com/error-help/db/ora-00942/ 
Error: ORA-00942: table or view does not exist
Help: https://docs.oracle.com/error-help/db/ora-00942/
    at async TenantManager.executeInTenant (C:\projects\Bayanat-OCIBackend\src\database\TenantManager.ts:295:22)
    at async C:\projects\Bayanat-OCIBackend\src\scheduler\notificationEmail.scheduler.ts:113:26
    at async C:\projects\Bayanat-OCIBackend\src\database\TenantManager.ts:372:25
2026-09-08 16:14:03 [[31merror[39m]: [CUSTOMERBK_TENANT] Error in notification scheduler tenant loop: ORA-00942: table or view does not exist
Help: https://docs.oracle.com/error-help/db/ora-00942/ 
Error: ORA-00942: table or view does not exist
Help: https://docs.oracle.com/error-help/db/ora-00942/
    at async TenantManager.executeInTenant (C:\projects\Bayanat-OCIBackend\src\database\TenantManager.ts:295:22)
    at async C:\projects\Bayanat-OCIBackend\src\scheduler\notificationEmail.scheduler.ts:113:26
    at async C:\projects\Bayanat-OCIBackend\src\database\TenantManager.ts:372:25
2026-09-08 16:14:13 [[31merror[39m]: [BTIND_TENANT] Error in notification scheduler tenant loop: ORA-00942: table or view does not exist
Help: https://docs.oracle.com/error-help/db/ora-00942/ 
Error: ORA-00942: table or view does not exist
Help: https://docs.oracle.com/error-help/db/ora-00942/
    at async TenantManager.executeInTenant (C:\projects\Bayanat-OCIBackend\src\database\TenantManager.ts:295:22)
    at async C:\projects\Bayanat-OCIBackend\src\scheduler\notificationEmail.scheduler.ts:113:26
    at async C:\projects\Bayanat-OCIBackend\src\database\TenantManager.ts:372:25
2026-09-08 16:16:25 [[31merror[39m]: NotificationEmailScheduler failed: ORA-12170: Cannot connect. TCP connect timeout of 20s for host 10.10.0.16 port 1521. (CONNECTION_ID=g9YjSQRZQVymhhH8elYjHQ==)
Help: https://docs.oracle.com/error-help/db/ora-12170/ 
Error: ORA-12170: Cannot connect. TCP connect timeout of 20s for host 10.10.0.16 port 1521. (CONNECTION_ID=g9YjSQRZQVymhhH8elYjHQ==)
Help: https://docs.oracle.com/error-help/db/ora-12170/
    at async TenantManager.getCentralConnection (C:\projects\Bayanat-OCIBackend\src\database\TenantManager.ts:86:20)
    at async TenantManager.listActiveTenants (C:\projects\Bayanat-OCIBackend\src\database\TenantManager.ts:333:18)
    at async C:\projects\Bayanat-OCIBackend\src\scheduler\notificationEmail.scheduler.ts:99:11
    at async Timeout._onTimeout (C:\projects\Bayanat-OCIBackend\node_modules\node-cron\src\scheduler\runner.ts:100:30)
2026-09-08 16:18:20 [[31merror[39m]: NotificationEmailScheduler failed: ORA-12170: Cannot connect. TCP connect timeout of 20s for host 10.10.0.16 port 1521. (CONNECTION_ID=NC6r9VPNROOGvMcxuFfSrw==)
Help: https://docs.oracle.com/error-help/db/ora-12170/ 
Error: ORA-12170: Cannot connect. TCP connect timeout of 20s for host 10.10.0.16 port 1521. (CONNECTION_ID=NC6r9VPNROOGvMcxuFfSrw==)
Help: https://docs.oracle.com/error-help/db/ora-12170/
    at async TenantManager.getCentralConnection (C:\projects\Bayanat-OCIBackend\src\database\TenantManager.ts:86:20)
    at async TenantManager.listActiveTenants (C:\projects\Bayanat-OCIBackend\src\database\TenantManager.ts:333:18)
    at async C:\projects\Bayanat-OCIBackend\src\scheduler\notificationEmail.scheduler.ts:99:11
    at async Timeout._onTimeout (C:\projects\Bayanat-OCIBackend\node_modules\node-cron\src\scheduler\runner.ts:100:30)
2026-09-16 11:26:00 [[31merror[39m]: [WMSTST_TENANT] Error in notification scheduler tenant loop: ORA-00942: table or view does not exist 
Error: ORA-00942: table or view does not exist
    at async Function.getTenantConfig (C:\Users\Administrator.ROHAN-LAPTOP\Documents\GitHub\Bayanat-OCIBackend\src\database\TenantManager.ts:139:22)
    at async Function.getConnection (C:\Users\Administrator.ROHAN-LAPTOP\Documents\GitHub\Bayanat-OCIBackend\src\database\TenantManager.ts:204:20)
    at async Function.executeInTenant (C:\Users\Administrator.ROHAN-LAPTOP\Documents\GitHub\Bayanat-OCIBackend\src\database\TenantManager.ts:287:18)
    at async C:\Users\Administrator.ROHAN-LAPTOP\Documents\GitHub\Bayanat-OCIBackend\src\scheduler\notificationEmail.scheduler.ts:113:26
    at async C:\Users\Administrator.ROHAN-LAPTOP\Documents\GitHub\Bayanat-OCIBackend\src\database\TenantManager.ts:372:25
2026-09-16 12:40:08 [[31merror[39m]: [NOTIFY] ❌ Failed to send email for event: TRANSACTION_COMPLETED Invalid login: 535 5.7.3 Authentication unsuccessful [DX0P273CA0061.AREP273.PROD.OUTLOOK.COM 2026-09-16T07:10:08.930Z 08DF134A7BF6B313] 
Error: Invalid login: 535 5.7.3 Authentication unsuccessful [DX0P273CA0061.AREP273.PROD.OUTLOOK.COM 2026-09-16T07:10:08.930Z 08DF134A7BF6B313]
    at SMTPConnection._formatError (C:\Users\Administrator.ROHAN-LAPTOP\Documents\GitHub\Bayanat-OCIBackend\node_modules\nodemailer\lib\smtp-connection\index.js:807:19)
    at SMTPConnection._actionAUTHComplete (C:\Users\Administrator.ROHAN-LAPTOP\Documents\GitHub\Bayanat-OCIBackend\node_modules\nodemailer\lib\smtp-connection\index.js:1586:34)
    at SMTPConnection.<anonymous> (C:\Users\Administrator.ROHAN-LAPTOP\Documents\GitHub\Bayanat-OCIBackend\node_modules\nodemailer\lib\smtp-connection\index.js:1540:18)
    at SMTPConnection._processResponse (C:\Users\Administrator.ROHAN-LAPTOP\Documents\GitHub\Bayanat-OCIBackend\node_modules\nodemailer\lib\smtp-connection\index.js:991:20)
    at SMTPConnection._onData (C:\Users\Administrator.ROHAN-LAPTOP\Documents\GitHub\Bayanat-OCIBackend\node_modules\nodemailer\lib\smtp-connection\index.js:772:14)
    at TLSSocket.SMTPConnection._onSocketData (C:\Users\Administrator.ROHAN-LAPTOP\Documents\GitHub\Bayanat-OCIBackend\node_modules\nodemailer\lib\smtp-connection\index.js:195:44)
    at TLSSocket.emit (node:events:519:28)
    at TLSSocket.emit (node:domain:489:12)
    at addChunk (node:internal/streams/readable:561:12)
    at readableAddChunkPushByteMode (node:internal/streams/readable:512:3)
2026-09-16 12:40:16 [[31merror[39m]: [NOTIFY] ❌ Failed to send email for event: TRANSACTION_COMPLETED Invalid login: 535 5.7.3 Authentication unsuccessful [DX0P273CA0051.AREP273.PROD.OUTLOOK.COM 2026-09-16T07:10:16.185Z 08DF1374015155AA] 
Error: Invalid login: 535 5.7.3 Authentication unsuccessful [DX0P273CA0051.AREP273.PROD.OUTLOOK.COM 2026-09-16T07:10:16.185Z 08DF1374015155AA]
    at SMTPConnection._formatError (C:\Users\Administrator.ROHAN-LAPTOP\Documents\GitHub\Bayanat-OCIBackend\node_modules\nodemailer\lib\smtp-connection\index.js:807:19)
    at SMTPConnection._actionAUTHComplete (C:\Users\Administrator.ROHAN-LAPTOP\Documents\GitHub\Bayanat-OCIBackend\node_modules\nodemailer\lib\smtp-connection\index.js:1586:34)
    at SMTPConnection.<anonymous> (C:\Users\Administrator.ROHAN-LAPTOP\Documents\GitHub\Bayanat-OCIBackend\node_modules\nodemailer\lib\smtp-connection\index.js:1540:18)
    at SMTPConnection._processResponse (C:\Users\Administrator.ROHAN-LAPTOP\Documents\GitHub\Bayanat-OCIBackend\node_modules\nodemailer\lib\smtp-connection\index.js:991:20)
    at SMTPConnection._onData (C:\Users\Administrator.ROHAN-LAPTOP\Documents\GitHub\Bayanat-OCIBackend\node_modules\nodemailer\lib\smtp-connection\index.js:772:14)
    at TLSSocket.SMTPConnection._onSocketData (C:\Users\Administrator.ROHAN-LAPTOP\Documents\GitHub\Bayanat-OCIBackend\node_modules\nodemailer\lib\smtp-connection\index.js:195:44)
    at TLSSocket.emit (node:events:519:28)
    at TLSSocket.emit (node:domain:489:12)
    at addChunk (node:internal/streams/readable:561:12)
    at readableAddChunkPushByteMode (node:internal/streams/readable:512:3)
2026-09-16 12:40:29 [[31merror[39m]: [NOTIFY] ❌ Failed to send email for event: TRANSACTION_COMPLETED Invalid login: 535 5.7.3 Authentication unsuccessful [DX0P273CA0100.AREP273.PROD.OUTLOOK.COM 2026-09-16T07:10:23.098Z 08DF135792A8EF27] 
Error: Invalid login: 535 5.7.3 Authentication unsuccessful [DX0P273CA0100.AREP273.PROD.OUTLOOK.COM 2026-09-16T07:10:23.098Z 08DF135792A8EF27]
    at SMTPConnection._formatError (C:\Users\Administrator.ROHAN-LAPTOP\Documents\GitHub\Bayanat-OCIBackend\node_modules\nodemailer\lib\smtp-connection\index.js:807:19)
    at SMTPConnection._actionAUTHComplete (C:\Users\Administrator.ROHAN-LAPTOP\Documents\GitHub\Bayanat-OCIBackend\node_modules\nodemailer\lib\smtp-connection\index.js:1586:34)
    at SMTPConnection.<anonymous> (C:\Users\Administrator.ROHAN-LAPTOP\Documents\GitHub\Bayanat-OCIBackend\node_modules\nodemailer\lib\smtp-connection\index.js:1540:18)
    at SMTPConnection._processResponse (C:\Users\Administrator.ROHAN-LAPTOP\Documents\GitHub\Bayanat-OCIBackend\node_modules\nodemailer\lib\smtp-connection\index.js:991:20)
    at SMTPConnection._onData (C:\Users\Administrator.ROHAN-LAPTOP\Documents\GitHub\Bayanat-OCIBackend\node_modules\nodemailer\lib\smtp-connection\index.js:772:14)
    at TLSSocket.SMTPConnection._onSocketData (C:\Users\Administrator.ROHAN-LAPTOP\Documents\GitHub\Bayanat-OCIBackend\node_modules\nodemailer\lib\smtp-connection\index.js:195:44)
    at TLSSocket.emit (node:events:519:28)
    at TLSSocket.emit (node:domain:489:12)
    at addChunk (node:internal/streams/readable:561:12)
    at readableAddChunkPushByteMode (node:internal/streams/readable:512:3)
2026-09-16 12:40:38 [[31merror[39m]: [NOTIFY] ❌ Failed to send email for event: TRANSACTION_COMPLETED Invalid login: 535 5.7.3 Authentication unsuccessful [DX0P273CA0032.AREP273.PROD.OUTLOOK.COM 2026-09-16T07:10:37.293Z 08DF1358B527993D] 
Error: Invalid login: 535 5.7.3 Authentication unsuccessful [DX0P273CA0032.AREP273.PROD.OUTLOOK.COM 2026-09-16T07:10:37.293Z 08DF1358B527993D]
    at SMTPConnection._formatError (C:\Users\Administrator.ROHAN-LAPTOP\Documents\GitHub\Bayanat-OCIBackend\node_modules\nodemailer\lib\smtp-connection\index.js:807:19)
    at SMTPConnection._actionAUTHComplete (C:\Users\Administrator.ROHAN-LAPTOP\Documents\GitHub\Bayanat-OCIBackend\node_modules\nodemailer\lib\smtp-connection\index.js:1586:34)
    at SMTPConnection.<anonymous> (C:\Users\Administrator.ROHAN-LAPTOP\Documents\GitHub\Bayanat-OCIBackend\node_modules\nodemailer\lib\smtp-connection\index.js:1540:18)
    at SMTPConnection._processResponse (C:\Users\Administrator.ROHAN-LAPTOP\Documents\GitHub\Bayanat-OCIBackend\node_modules\nodemailer\lib\smtp-connection\index.js:991:20)
    at SMTPConnection._onData (C:\Users\Administrator.ROHAN-LAPTOP\Documents\GitHub\Bayanat-OCIBackend\node_modules\nodemailer\lib\smtp-connection\index.js:772:14)
    at TLSSocket.SMTPConnection._onSocketData (C:\Users\Administrator.ROHAN-LAPTOP\Documents\GitHub\Bayanat-OCIBackend\node_modules\nodemailer\lib\smtp-connection\index.js:195:44)
    at TLSSocket.emit (node:events:519:28)
    at TLSSocket.emit (node:domain:489:12)
    at addChunk (node:internal/streams/readable:561:12)
    at readableAddChunkPushByteMode (node:internal/streams/readable:512:3)
2026-09-16 12:40:45 [[31merror[39m]: [NOTIFY] ❌ Failed to send email for event: TRANSACTION_COMPLETED Invalid login: 535 5.7.3 Authentication unsuccessful [DX1P273CA0032.AREP273.PROD.OUTLOOK.COM 2026-09-16T07:10:45.763Z 08DF138E098936A3] 
Error: Invalid login: 535 5.7.3 Authentication unsuccessful [DX1P273CA0032.AREP273.PROD.OUTLOOK.COM 2026-09-16T07:10:45.763Z 08DF138E098936A3]
    at SMTPConnection._formatError (C:\Users\Administrator.ROHAN-LAPTOP\Documents\GitHub\Bayanat-OCIBackend\node_modules\nodemailer\lib\smtp-connection\index.js:807:19)
    at SMTPConnection._actionAUTHComplete (C:\Users\Administrator.ROHAN-LAPTOP\Documents\GitHub\Bayanat-OCIBackend\node_modules\nodemailer\lib\smtp-connection\index.js:1586:34)
    at SMTPConnection.<anonymous> (C:\Users\Administrator.ROHAN-LAPTOP\Documents\GitHub\Bayanat-OCIBackend\node_modules\nodemailer\lib\smtp-connection\index.js:1540:18)
    at SMTPConnection._processResponse (C:\Users\Administrator.ROHAN-LAPTOP\Documents\GitHub\Bayanat-OCIBackend\node_modules\nodemailer\lib\smtp-connection\index.js:991:20)
    at SMTPConnection._onData (C:\Users\Administrator.ROHAN-LAPTOP\Documents\GitHub\Bayanat-OCIBackend\node_modules\nodemailer\lib\smtp-connection\index.js:772:14)
    at TLSSocket.SMTPConnection._onSocketData (C:\Users\Administrator.ROHAN-LAPTOP\Documents\GitHub\Bayanat-OCIBackend\node_modules\nodemailer\lib\smtp-connection\index.js:195:44)
    at TLSSocket.emit (node:events:519:28)
    at TLSSocket.emit (node:domain:489:12)
    at addChunk (node:internal/streams/readable:561:12)
    at readableAddChunkPushByteMode (node:internal/streams/readable:512:3)
2026-09-16 12:40:54 [[31merror[39m]: [NOTIFY] ❌ Failed to send email for event: TRANSACTION_COMPLETED Invalid login: 535 5.7.3 Authentication unsuccessful [DX0P273CA0029.AREP273.PROD.OUTLOOK.COM 2026-09-16T07:10:53.443Z 08DF135200D9E814] 
Error: Invalid login: 535 5.7.3 Authentication unsuccessful [DX0P273CA0029.AREP273.PROD.OUTLOOK.COM 2026-09-16T07:10:53.443Z 08DF135200D9E814]
    at SMTPConnection._formatError (C:\Users\Administrator.ROHAN-LAPTOP\Documents\GitHub\Bayanat-OCIBackend\node_modules\nodemailer\lib\smtp-connection\index.js:807:19)
    at SMTPConnection._actionAUTHComplete (C:\Users\Administrator.ROHAN-LAPTOP\Documents\GitHub\Bayanat-OCIBackend\node_modules\nodemailer\lib\smtp-connection\index.js:1586:34)
    at SMTPConnection.<anonymous> (C:\Users\Administrator.ROHAN-LAPTOP\Documents\GitHub\Bayanat-OCIBackend\node_modules\nodemailer\lib\smtp-connection\index.js:1540:18)
    at SMTPConnection._processResponse (C:\Users\Administrator.ROHAN-LAPTOP\Documents\GitHub\Bayanat-OCIBackend\node_modules\nodemailer\lib\smtp-connection\index.js:991:20)
    at SMTPConnection._onData (C:\Users\Administrator.ROHAN-LAPTOP\Documents\GitHub\Bayanat-OCIBackend\node_modules\nodemailer\lib\smtp-connection\index.js:772:14)
    at TLSSocket.SMTPConnection._onSocketData (C:\Users\Administrator.ROHAN-LAPTOP\Documents\GitHub\Bayanat-OCIBackend\node_modules\nodemailer\lib\smtp-connection\index.js:195:44)
    at TLSSocket.emit (node:events:519:28)
    at TLSSocket.emit (node:domain:489:12)
    at addChunk (node:internal/streams/readable:561:12)
    at readableAddChunkPushByteMode (node:internal/streams/readable:512:3)
2026-09-16 12:41:02 [[31merror[39m]: [NOTIFY] ❌ Failed to send email for event: TRANSACTION_COMPLETED Invalid login: 535 5.7.3 Authentication unsuccessful [DX0P273CA0074.AREP273.PROD.OUTLOOK.COM 2026-09-16T07:11:02.255Z 08DF1343CBB5A1DA] 
Error: Invalid login: 535 5.7.3 Authentication unsuccessful [DX0P273CA0074.AREP273.PROD.OUTLOOK.COM 2026-09-16T07:11:02.255Z 08DF1343CBB5A1DA]
    at SMTPConnection._formatError (C:\Users\Administrator.ROHAN-LAPTOP\Documents\GitHub\Bayanat-OCIBackend\node_modules\nodemailer\lib\smtp-connection\index.js:807:19)
    at SMTPConnection._actionAUTHComplete (C:\Users\Administrator.ROHAN-LAPTOP\Documents\GitHub\Bayanat-OCIBackend\node_modules\nodemailer\lib\smtp-connection\index.js:1586:34)
    at SMTPConnection.<anonymous> (C:\Users\Administrator.ROHAN-LAPTOP\Documents\GitHub\Bayanat-OCIBackend\node_modules\nodemailer\lib\smtp-connection\index.js:1540:18)
    at SMTPConnection._processResponse (C:\Users\Administrator.ROHAN-LAPTOP\Documents\GitHub\Bayanat-OCIBackend\node_modules\nodemailer\lib\smtp-connection\index.js:991:20)
    at SMTPConnection._onData (C:\Users\Administrator.ROHAN-LAPTOP\Documents\GitHub\Bayanat-OCIBackend\node_modules\nodemailer\lib\smtp-connection\index.js:772:14)
    at TLSSocket.SMTPConnection._onSocketData (C:\Users\Administrator.ROHAN-LAPTOP\Documents\GitHub\Bayanat-OCIBackend\node_modules\nodemailer\lib\smtp-connection\index.js:195:44)
    at TLSSocket.emit (node:events:519:28)
    at TLSSocket.emit (node:domain:489:12)
    at addChunk (node:internal/streams/readable:561:12)
    at readableAddChunkPushByteMode (node:internal/streams/readable:512:3)
2026-09-16 12:41:09 [[31merror[39m]: [NOTIFY] ❌ Failed to send email for event: TRANSACTION_COMPLETED Invalid login: 535 5.7.3 Authentication unsuccessful [DX1P273CA0026.AREP273.PROD.OUTLOOK.COM 2026-09-16T07:11:09.453Z 08DF13420E191580] 
Error: Invalid login: 535 5.7.3 Authentication unsuccessful [DX1P273CA0026.AREP273.PROD.OUTLOOK.COM 2026-09-16T07:11:09.453Z 08DF13420E191580]
    at SMTPConnection._formatError (C:\Users\Administrator.ROHAN-LAPTOP\Documents\GitHub\Bayanat-OCIBackend\node_modules\nodemailer\lib\smtp-connection\index.js:807:19)
    at SMTPConnection._actionAUTHComplete (C:\Users\Administrator.ROHAN-LAPTOP\Documents\GitHub\Bayanat-OCIBackend\node_modules\nodemailer\lib\smtp-connection\index.js:1586:34)
    at SMTPConnection.<anonymous> (C:\Users\Administrator.ROHAN-LAPTOP\Documents\GitHub\Bayanat-OCIBackend\node_modules\nodemailer\lib\smtp-connection\index.js:1540:18)
    at SMTPConnection._processResponse (C:\Users\Administrator.ROHAN-LAPTOP\Documents\GitHub\Bayanat-OCIBackend\node_modules\nodemailer\lib\smtp-connection\index.js:991:20)
    at SMTPConnection._onData (C:\Users\Administrator.ROHAN-LAPTOP\Documents\GitHub\Bayanat-OCIBackend\node_modules\nodemailer\lib\smtp-connection\index.js:772:14)
    at TLSSocket.SMTPConnection._onSocketData (C:\Users\Administrator.ROHAN-LAPTOP\Documents\GitHub\Bayanat-OCIBackend\node_modules\nodemailer\lib\smtp-connection\index.js:195:44)
    at TLSSocket.emit (node:events:519:28)
    at TLSSocket.emit (node:domain:489:12)
    at addChunk (node:internal/streams/readable:561:12)
    at readableAddChunkPushByteMode (node:internal/streams/readable:512:3)
2026-09-16 12:41:17 [[31merror[39m]: [NOTIFY] ❌ Failed to send email for event: TRANSACTION_COMPLETED Invalid login: 535 5.7.3 Authentication unsuccessful [DX0P273CA0073.AREP273.PROD.OUTLOOK.COM 2026-09-16T07:11:16.965Z 08DF13618959BC07] 
Error: Invalid login: 535 5.7.3 Authentication unsuccessful [DX0P273CA0073.AREP273.PROD.OUTLOOK.COM 2026-09-16T07:11:16.965Z 08DF13618959BC07]
    at SMTPConnection._formatError (C:\Users\Administrator.ROHAN-LAPTOP\Documents\GitHub\Bayanat-OCIBackend\node_modules\nodemailer\lib\smtp-connection\index.js:807:19)
    at SMTPConnection._actionAUTHComplete (C:\Users\Administrator.ROHAN-LAPTOP\Documents\GitHub\Bayanat-OCIBackend\node_modules\nodemailer\lib\smtp-connection\index.js:1586:34)
    at SMTPConnection.<anonymous> (C:\Users\Administrator.ROHAN-LAPTOP\Documents\GitHub\Bayanat-OCIBackend\node_modules\nodemailer\lib\smtp-connection\index.js:1540:18)
    at SMTPConnection._processResponse (C:\Users\Administrator.ROHAN-LAPTOP\Documents\GitHub\Bayanat-OCIBackend\node_modules\nodemailer\lib\smtp-connection\index.js:991:20)
    at SMTPConnection._onData (C:\Users\Administrator.ROHAN-LAPTOP\Documents\GitHub\Bayanat-OCIBackend\node_modules\nodemailer\lib\smtp-connection\index.js:772:14)
    at TLSSocket.SMTPConnection._onSocketData (C:\Users\Administrator.ROHAN-LAPTOP\Documents\GitHub\Bayanat-OCIBackend\node_modules\nodemailer\lib\smtp-connection\index.js:195:44)
    at TLSSocket.emit (node:events:519:28)
    at TLSSocket.emit (node:domain:489:12)
    at addChunk (node:internal/streams/readable:561:12)
    at readableAddChunkPushByteMode (node:internal/streams/readable:512:3)
2026-09-16 12:41:24 [[31merror[39m]: [NOTIFY] ❌ Failed to send email for event: TRANSACTION_COMPLETED Invalid login: 535 5.7.3 Authentication unsuccessful [DX0P273CA0065.AREP273.PROD.OUTLOOK.COM 2026-09-16T07:11:24.405Z 08DF135B0B7B4BD1] 
Error: Invalid login: 535 5.7.3 Authentication unsuccessful [DX0P273CA0065.AREP273.PROD.OUTLOOK.COM 2026-09-16T07:11:24.405Z 08DF135B0B7B4BD1]
    at SMTPConnection._formatError (C:\Users\Administrator.ROHAN-LAPTOP\Documents\GitHub\Bayanat-OCIBackend\node_modules\nodemailer\lib\smtp-connection\index.js:807:19)
    at SMTPConnection._actionAUTHComplete (C:\Users\Administrator.ROHAN-LAPTOP\Documents\GitHub\Bayanat-OCIBackend\node_modules\nodemailer\lib\smtp-connection\index.js:1586:34)
    at SMTPConnection.<anonymous> (C:\Users\Administrator.ROHAN-LAPTOP\Documents\GitHub\Bayanat-OCIBackend\node_modules\nodemailer\lib\smtp-connection\index.js:1540:18)
    at SMTPConnection._processResponse (C:\Users\Administrator.ROHAN-LAPTOP\Documents\GitHub\Bayanat-OCIBackend\node_modules\nodemailer\lib\smtp-connection\index.js:991:20)
    at SMTPConnection._onData (C:\Users\Administrator.ROHAN-LAPTOP\Documents\GitHub\Bayanat-OCIBackend\node_modules\nodemailer\lib\smtp-connection\index.js:772:14)
    at TLSSocket.SMTPConnection._onSocketData (C:\Users\Administrator.ROHAN-LAPTOP\Documents\GitHub\Bayanat-OCIBackend\node_modules\nodemailer\lib\smtp-connection\index.js:195:44)
    at TLSSocket.emit (node:events:519:28)
    at TLSSocket.emit (node:domain:489:12)
    at addChunk (node:internal/streams/readable:561:12)
    at readableAddChunkPushByteMode (node:internal/streams/readable:512:3)
2026-09-16 12:41:31 [[31merror[39m]: [NOTIFY] ❌ Failed to send email for event: TRANSACTION_COMPLETED Invalid login: 535 5.7.3 Authentication unsuccessful [DX0P273CA0022.AREP273.PROD.OUTLOOK.COM 2026-09-16T07:11:31.380Z 08DF136001F643F3] 
Error: Invalid login: 535 5.7.3 Authentication unsuccessful [DX0P273CA0022.AREP273.PROD.OUTLOOK.COM 2026-09-16T07:11:31.380Z 08DF136001F643F3]
    at SMTPConnection._formatError (C:\Users\Administrator.ROHAN-LAPTOP\Documents\GitHub\Bayanat-OCIBackend\node_modules\nodemailer\lib\smtp-connection\index.js:807:19)
    at SMTPConnection._actionAUTHComplete (C:\Users\Administrator.ROHAN-LAPTOP\Documents\GitHub\Bayanat-OCIBackend\node_modules\nodemailer\lib\smtp-connection\index.js:1586:34)
    at SMTPConnection.<anonymous> (C:\Users\Administrator.ROHAN-LAPTOP\Documents\GitHub\Bayanat-OCIBackend\node_modules\nodemailer\lib\smtp-connection\index.js:1540:18)
    at SMTPConnection._processResponse (C:\Users\Administrator.ROHAN-LAPTOP\Documents\GitHub\Bayanat-OCIBackend\node_modules\nodemailer\lib\smtp-connection\index.js:991:20)
    at SMTPConnection._onData (C:\Users\Administrator.ROHAN-LAPTOP\Documents\GitHub\Bayanat-OCIBackend\node_modules\nodemailer\lib\smtp-connection\index.js:772:14)
    at TLSSocket.SMTPConnection._onSocketData (C:\Users\Administrator.ROHAN-LAPTOP\Documents\GitHub\Bayanat-OCIBackend\node_modules\nodemailer\lib\smtp-connection\index.js:195:44)
    at TLSSocket.emit (node:events:519:28)
    at TLSSocket.emit (node:domain:489:12)
    at addChunk (node:internal/streams/readable:561:12)
    at readableAddChunkPushByteMode (node:internal/streams/readable:512:3)
2026-09-16 12:41:38 [[31merror[39m]: [NOTIFY] ❌ Failed to send email for event: TRANSACTION_COMPLETED Invalid login: 535 5.7.3 Authentication unsuccessful [DX0P273CA0016.AREP273.PROD.OUTLOOK.COM 2026-09-16T07:11:38.636Z 08DF134984575222] 
Error: Invalid login: 535 5.7.3 Authentication unsuccessful [DX0P273CA0016.AREP273.PROD.OUTLOOK.COM 2026-09-16T07:11:38.636Z 08DF134984575222]
    at SMTPConnection._formatError (C:\Users\Administrator.ROHAN-LAPTOP\Documents\GitHub\Bayanat-OCIBackend\node_modules\nodemailer\lib\smtp-connection\index.js:807:19)
    at SMTPConnection._actionAUTHComplete (C:\Users\Administrator.ROHAN-LAPTOP\Documents\GitHub\Bayanat-OCIBackend\node_modules\nodemailer\lib\smtp-connection\index.js:1586:34)
    at SMTPConnection.<anonymous> (C:\Users\Administrator.ROHAN-LAPTOP\Documents\GitHub\Bayanat-OCIBackend\node_modules\nodemailer\lib\smtp-connection\index.js:1540:18)
    at SMTPConnection._processResponse (C:\Users\Administrator.ROHAN-LAPTOP\Documents\GitHub\Bayanat-OCIBackend\node_modules\nodemailer\lib\smtp-connection\index.js:991:20)
    at SMTPConnection._onData (C:\Users\Administrator.ROHAN-LAPTOP\Documents\GitHub\Bayanat-OCIBackend\node_modules\nodemailer\lib\smtp-connection\index.js:772:14)
    at TLSSocket.SMTPConnection._onSocketData (C:\Users\Administrator.ROHAN-LAPTOP\Documents\GitHub\Bayanat-OCIBackend\node_modules\nodemailer\lib\smtp-connection\index.js:195:44)
    at TLSSocket.emit (node:events:519:28)
    at TLSSocket.emit (node:domain:489:12)
    at addChunk (node:internal/streams/readable:561:12)
    at readableAddChunkPushByteMode (node:internal/streams/readable:512:3)
2026-09-16 12:41:45 [[31merror[39m]: [NOTIFY] ❌ Failed to send email for event: TRANSACTION_COMPLETED Invalid login: 535 5.7.3 Authentication unsuccessful [DX0P273CA0066.AREP273.PROD.OUTLOOK.COM 2026-09-16T07:11:45.675Z 08DF134AD5DDA0FF] 
Error: Invalid login: 535 5.7.3 Authentication unsuccessful [DX0P273CA0066.AREP273.PROD.OUTLOOK.COM 2026-09-16T07:11:45.675Z 08DF134AD5DDA0FF]
    at SMTPConnection._formatError (C:\Users\Administrator.ROHAN-LAPTOP\Documents\GitHub\Bayanat-OCIBackend\node_modules\nodemailer\lib\smtp-connection\index.js:807:19)
    at SMTPConnection._actionAUTHComplete (C:\Users\Administrator.ROHAN-LAPTOP\Documents\GitHub\Bayanat-OCIBackend\node_modules\nodemailer\lib\smtp-connection\index.js:1586:34)
    at SMTPConnection.<anonymous> (C:\Users\Administrator.ROHAN-LAPTOP\Documents\GitHub\Bayanat-OCIBackend\node_modules\nodemailer\lib\smtp-connection\index.js:1540:18)
    at SMTPConnection._processResponse (C:\Users\Administrator.ROHAN-LAPTOP\Documents\GitHub\Bayanat-OCIBackend\node_modules\nodemailer\lib\smtp-connection\index.js:991:20)
    at SMTPConnection._onData (C:\Users\Administrator.ROHAN-LAPTOP\Documents\GitHub\Bayanat-OCIBackend\node_modules\nodemailer\lib\smtp-connection\index.js:772:14)
    at TLSSocket.SMTPConnection._onSocketData (C:\Users\Administrator.ROHAN-LAPTOP\Documents\GitHub\Bayanat-OCIBackend\node_modules\nodemailer\lib\smtp-connection\index.js:195:44)
    at TLSSocket.emit (node:events:519:28)
    at TLSSocket.emit (node:domain:489:12)
    at addChunk (node:internal/streams/readable:561:12)
    at readableAddChunkPushByteMode (node:internal/streams/readable:512:3)
2026-09-16 12:41:52 [[31merror[39m]: [NOTIFY] ❌ Failed to send email for event: TRANSACTION_COMPLETED Invalid login: 535 5.7.3 Authentication unsuccessful [DX0P273CA0044.AREP273.PROD.OUTLOOK.COM 2026-09-16T07:11:52.682Z 08DF137526976F99] 
Error: Invalid login: 535 5.7.3 Authentication unsuccessful [DX0P273CA0044.AREP273.PROD.OUTLOOK.COM 2026-09-16T07:11:52.682Z 08DF137526976F99]
    at SMTPConnection._formatError (C:\Users\Administrator.ROHAN-LAPTOP\Documents\GitHub\Bayanat-OCIBackend\node_modules\nodemailer\lib\smtp-connection\index.js:807:19)
    at SMTPConnection._actionAUTHComplete (C:\Users\Administrator.ROHAN-LAPTOP\Documents\GitHub\Bayanat-OCIBackend\node_modules\nodemailer\lib\smtp-connection\index.js:1586:34)
    at SMTPConnection.<anonymous> (C:\Users\Administrator.ROHAN-LAPTOP\Documents\GitHub\Bayanat-OCIBackend\node_modules\nodemailer\lib\smtp-connection\index.js:1540:18)
    at SMTPConnection._processResponse (C:\Users\Administrator.ROHAN-LAPTOP\Documents\GitHub\Bayanat-OCIBackend\node_modules\nodemailer\lib\smtp-connection\index.js:991:20)
    at SMTPConnection._onData (C:\Users\Administrator.ROHAN-LAPTOP\Documents\GitHub\Bayanat-OCIBackend\node_modules\nodemailer\lib\smtp-connection\index.js:772:14)
    at TLSSocket.SMTPConnection._onSocketData (C:\Users\Administrator.ROHAN-LAPTOP\Documents\GitHub\Bayanat-OCIBackend\node_modules\nodemailer\lib\smtp-connection\index.js:195:44)
    at TLSSocket.emit (node:events:519:28)
    at TLSSocket.emit (node:domain:489:12)
    at addChunk (node:internal/streams/readable:561:12)
    at readableAddChunkPushByteMode (node:internal/streams/readable:512:3)
2026-09-16 12:41:59 [[31merror[39m]: [NOTIFY] ❌ Failed to send email for event: TRANSACTION_COMPLETED Invalid login: 535 5.7.3 Authentication unsuccessful [DX0P273CA0073.AREP273.PROD.OUTLOOK.COM 2026-09-16T07:11:59.658Z 08DF13618959BF66] 
Error: Invalid login: 535 5.7.3 Authentication unsuccessful [DX0P273CA0073.AREP273.PROD.OUTLOOK.COM 2026-09-16T07:11:59.658Z 08DF13618959BF66]
    at SMTPConnection._formatError (C:\Users\Administrator.ROHAN-LAPTOP\Documents\GitHub\Bayanat-OCIBackend\node_modules\nodemailer\lib\smtp-connection\index.js:807:19)
    at SMTPConnection._actionAUTHComplete (C:\Users\Administrator.ROHAN-LAPTOP\Documents\GitHub\Bayanat-OCIBackend\node_modules\nodemailer\lib\smtp-connection\index.js:1586:34)
    at SMTPConnection.<anonymous> (C:\Users\Administrator.ROHAN-LAPTOP\Documents\GitHub\Bayanat-OCIBackend\node_modules\nodemailer\lib\smtp-connection\index.js:1540:18)
    at SMTPConnection._processResponse (C:\Users\Administrator.ROHAN-LAPTOP\Documents\GitHub\Bayanat-OCIBackend\node_modules\nodemailer\lib\smtp-connection\index.js:991:20)
    at SMTPConnection._onData (C:\Users\Administrator.ROHAN-LAPTOP\Documents\GitHub\Bayanat-OCIBackend\node_modules\nodemailer\lib\smtp-connection\index.js:772:14)
    at TLSSocket.SMTPConnection._onSocketData (C:\Users\Administrator.ROHAN-LAPTOP\Documents\GitHub\Bayanat-OCIBackend\node_modules\nodemailer\lib\smtp-connection\index.js:195:44)
    at TLSSocket.emit (node:events:519:28)
    at TLSSocket.emit (node:domain:489:12)
    at addChunk (node:internal/streams/readable:561:12)
    at readableAddChunkPushByteMode (node:internal/streams/readable:512:3)
2026-09-16 12:42:06 [[31merror[39m]: [NOTIFY] ❌ Failed to send email for event: TRANSACTION_COMPLETED Invalid login: 535 5.7.3 Authentication unsuccessful [DX0P273CA0074.AREP273.PROD.OUTLOOK.COM 2026-09-16T07:12:06.890Z 08DF1343CBB5A6E4] 
Error: Invalid login: 535 5.7.3 Authentication unsuccessful [DX0P273CA0074.AREP273.PROD.OUTLOOK.COM 2026-09-16T07:12:06.890Z 08DF1343CBB5A6E4]
    at SMTPConnection._formatError (C:\Users\Administrator.ROHAN-LAPTOP\Documents\GitHub\Bayanat-OCIBackend\node_modules\nodemailer\lib\smtp-connection\index.js:807:19)
    at SMTPConnection._actionAUTHComplete (C:\Users\Administrator.ROHAN-LAPTOP\Documents\GitHub\Bayanat-OCIBackend\node_modules\nodemailer\lib\smtp-connection\index.js:1586:34)
    at SMTPConnection.<anonymous> (C:\Users\Administrator.ROHAN-LAPTOP\Documents\GitHub\Bayanat-OCIBackend\node_modules\nodemailer\lib\smtp-connection\index.js:1540:18)
    at SMTPConnection._processResponse (C:\Users\Administrator.ROHAN-LAPTOP\Documents\GitHub\Bayanat-OCIBackend\node_modules\nodemailer\lib\smtp-connection\index.js:991:20)
    at SMTPConnection._onData (C:\Users\Administrator.ROHAN-LAPTOP\Documents\GitHub\Bayanat-OCIBackend\node_modules\nodemailer\lib\smtp-connection\index.js:772:14)
    at TLSSocket.SMTPConnection._onSocketData (C:\Users\Administrator.ROHAN-LAPTOP\Documents\GitHub\Bayanat-OCIBackend\node_modules\nodemailer\lib\smtp-connection\index.js:195:44)
    at TLSSocket.emit (node:events:519:28)
    at TLSSocket.emit (node:domain:489:12)
    at addChunk (node:internal/streams/readable:561:12)
    at readableAddChunkPushByteMode (node:internal/streams/readable:512:3)
2026-09-16 12:42:14 [[31merror[39m]: [NOTIFY] ❌ Failed to send email for event: TRANSACTION_COMPLETED Invalid login: 535 5.7.3 Authentication unsuccessful [DX0P273CA0003.AREP273.PROD.OUTLOOK.COM 2026-09-16T07:12:14.364Z 08DF135A71801135] 
Error: Invalid login: 535 5.7.3 Authentication unsuccessful [DX0P273CA0003.AREP273.PROD.OUTLOOK.COM 2026-09-16T07:12:14.364Z 08DF135A71801135]
    at SMTPConnection._formatError (C:\Users\Administrator.ROHAN-LAPTOP\Documents\GitHub\Bayanat-OCIBackend\node_modules\nodemailer\lib\smtp-connection\index.js:807:19)
    at SMTPConnection._actionAUTHComplete (C:\Users\Administrator.ROHAN-LAPTOP\Documents\GitHub\Bayanat-OCIBackend\node_modules\nodemailer\lib\smtp-connection\index.js:1586:34)
    at SMTPConnection.<anonymous> (C:\Users\Administrator.ROHAN-LAPTOP\Documents\GitHub\Bayanat-OCIBackend\node_modules\nodemailer\lib\smtp-connection\index.js:1540:18)
    at SMTPConnection._processResponse (C:\Users\Administrator.ROHAN-LAPTOP\Documents\GitHub\Bayanat-OCIBackend\node_modules\nodemailer\lib\smtp-connection\index.js:991:20)
    at SMTPConnection._onData (C:\Users\Administrator.ROHAN-LAPTOP\Documents\GitHub\Bayanat-OCIBackend\node_modules\nodemailer\lib\smtp-connection\index.js:772:14)
    at TLSSocket.SMTPConnection._onSocketData (C:\Users\Administrator.ROHAN-LAPTOP\Documents\GitHub\Bayanat-OCIBackend\node_modules\nodemailer\lib\smtp-connection\index.js:195:44)
    at TLSSocket.emit (node:events:519:28)
    at TLSSocket.emit (node:domain:489:12)
    at addChunk (node:internal/streams/readable:561:12)
    at readableAddChunkPushByteMode (node:internal/streams/readable:512:3)
2026-09-16 12:42:21 [[31merror[39m]: [NOTIFY] ❌ Failed to send email for event: TRANSACTION_COMPLETED Invalid login: 535 5.7.3 Authentication unsuccessful [DX0P273CA0060.AREP273.PROD.OUTLOOK.COM 2026-09-16T07:12:21.330Z 08DF133AE638C414] 
Error: Invalid login: 535 5.7.3 Authentication unsuccessful [DX0P273CA0060.AREP273.PROD.OUTLOOK.COM 2026-09-16T07:12:21.330Z 08DF133AE638C414]
    at SMTPConnection._formatError (C:\Users\Administrator.ROHAN-LAPTOP\Documents\GitHub\Bayanat-OCIBackend\node_modules\nodemailer\lib\smtp-connection\index.js:807:19)
    at SMTPConnection._actionAUTHComplete (C:\Users\Administrator.ROHAN-LAPTOP\Documents\GitHub\Bayanat-OCIBackend\node_modules\nodemailer\lib\smtp-connection\index.js:1586:34)
    at SMTPConnection.<anonymous> (C:\Users\Administrator.ROHAN-LAPTOP\Documents\GitHub\Bayanat-OCIBackend\node_modules\nodemailer\lib\smtp-connection\index.js:1540:18)
    at SMTPConnection._processResponse (C:\Users\Administrator.ROHAN-LAPTOP\Documents\GitHub\Bayanat-OCIBackend\node_modules\nodemailer\lib\smtp-connection\index.js:991:20)
    at SMTPConnection._onData (C:\Users\Administrator.ROHAN-LAPTOP\Documents\GitHub\Bayanat-OCIBackend\node_modules\nodemailer\lib\smtp-connection\index.js:772:14)
    at TLSSocket.SMTPConnection._onSocketData (C:\Users\Administrator.ROHAN-LAPTOP\Documents\GitHub\Bayanat-OCIBackend\node_modules\nodemailer\lib\smtp-connection\index.js:195:44)
    at TLSSocket.emit (node:events:519:28)
    at TLSSocket.emit (node:domain:489:12)
    at addChunk (node:internal/streams/readable:561:12)
    at readableAddChunkPushByteMode (node:internal/streams/readable:512:3)
2026-09-16 12:42:29 [[31merror[39m]: [NOTIFY] ❌ Failed to send email for event: TRANSACTION_COMPLETED Invalid login: 535 5.7.3 Authentication unsuccessful [DX1P273CA0026.AREP273.PROD.OUTLOOK.COM 2026-09-16T07:12:29.399Z 08DF13420E191825] 
Error: Invalid login: 535 5.7.3 Authentication unsuccessful [DX1P273CA0026.AREP273.PROD.OUTLOOK.COM 2026-09-16T07:12:29.399Z 08DF13420E191825]
    at SMTPConnection._formatError (C:\Users\Administrator.ROHAN-LAPTOP\Documents\GitHub\Bayanat-OCIBackend\node_modules\nodemailer\lib\smtp-connection\index.js:807:19)
    at SMTPConnection._actionAUTHComplete (C:\Users\Administrator.ROHAN-LAPTOP\Documents\GitHub\Bayanat-OCIBackend\node_modules\nodemailer\lib\smtp-connection\index.js:1586:34)
    at SMTPConnection.<anonymous> (C:\Users\Administrator.ROHAN-LAPTOP\Documents\GitHub\Bayanat-OCIBackend\node_modules\nodemailer\lib\smtp-connection\index.js:1540:18)
    at SMTPConnection._processResponse (C:\Users\Administrator.ROHAN-LAPTOP\Documents\GitHub\Bayanat-OCIBackend\node_modules\nodemailer\lib\smtp-connection\index.js:991:20)
    at SMTPConnection._onData (C:\Users\Administrator.ROHAN-LAPTOP\Documents\GitHub\Bayanat-OCIBackend\node_modules\nodemailer\lib\smtp-connection\index.js:772:14)
    at TLSSocket.SMTPConnection._onSocketData (C:\Users\Administrator.ROHAN-LAPTOP\Documents\GitHub\Bayanat-OCIBackend\node_modules\nodemailer\lib\smtp-connection\index.js:195:44)
    at TLSSocket.emit (node:events:519:28)
    at TLSSocket.emit (node:domain:489:12)
    at addChunk (node:internal/streams/readable:561:12)
    at readableAddChunkPushByteMode (node:internal/streams/readable:512:3)
2026-09-16 12:42:37 [[31merror[39m]: [NOTIFY] ❌ Failed to send email for event: TRANSACTION_COMPLETED Invalid login: 535 5.7.3 Authentication unsuccessful [DX1P273CA0033.AREP273.PROD.OUTLOOK.COM 2026-09-16T07:12:37.389Z 08DF1382E6DFDB3F] 
Error: Invalid login: 535 5.7.3 Authentication unsuccessful [DX1P273CA0033.AREP273.PROD.OUTLOOK.COM 2026-09-16T07:12:37.389Z 08DF1382E6DFDB3F]
    at SMTPConnection._formatError (C:\Users\Administrator.ROHAN-LAPTOP\Documents\GitHub\Bayanat-OCIBackend\node_modules\nodemailer\lib\smtp-connection\index.js:807:19)
    at SMTPConnection._actionAUTHComplete (C:\Users\Administrator.ROHAN-LAPTOP\Documents\GitHub\Bayanat-OCIBackend\node_modules\nodemailer\lib\smtp-connection\index.js:1586:34)
    at SMTPConnection.<anonymous> (C:\Users\Administrator.ROHAN-LAPTOP\Documents\GitHub\Bayanat-OCIBackend\node_modules\nodemailer\lib\smtp-connection\index.js:1540:18)
    at SMTPConnection._processResponse (C:\Users\Administrator.ROHAN-LAPTOP\Documents\GitHub\Bayanat-OCIBackend\node_modules\nodemailer\lib\smtp-connection\index.js:991:20)
    at SMTPConnection._onData (C:\Users\Administrator.ROHAN-LAPTOP\Documents\GitHub\Bayanat-OCIBackend\node_modules\nodemailer\lib\smtp-connection\index.js:772:14)
    at TLSSocket.SMTPConnection._onSocketData (C:\Users\Administrator.ROHAN-LAPTOP\Documents\GitHub\Bayanat-OCIBackend\node_modules\nodemailer\lib\smtp-connection\index.js:195:44)
    at TLSSocket.emit (node:events:519:28)
    at TLSSocket.emit (node:domain:489:12)
    at addChunk (node:internal/streams/readable:561:12)
    at readableAddChunkPushByteMode (node:internal/streams/readable:512:3)
2026-09-16 12:42:44 [[31merror[39m]: [NOTIFY] ❌ Failed to send email for event: TRANSACTION_COMPLETED Invalid login: 535 5.7.3 Authentication unsuccessful [DX0P273CA0008.AREP273.PROD.OUTLOOK.COM 2026-09-16T07:12:44.840Z 08DF1370097E95D4] 
Error: Invalid login: 535 5.7.3 Authentication unsuccessful [DX0P273CA0008.AREP273.PROD.OUTLOOK.COM 2026-09-16T07:12:44.840Z 08DF1370097E95D4]
    at SMTPConnection._formatError (C:\Users\Administrator.ROHAN-LAPTOP\Documents\GitHub\Bayanat-OCIBackend\node_modules\nodemailer\lib\smtp-connection\index.js:807:19)
    at SMTPConnection._actionAUTHComplete (C:\Users\Administrator.ROHAN-LAPTOP\Documents\GitHub\Bayanat-OCIBackend\node_modules\nodemailer\lib\smtp-connection\index.js:1586:34)
    at SMTPConnection.<anonymous> (C:\Users\Administrator.ROHAN-LAPTOP\Documents\GitHub\Bayanat-OCIBackend\node_modules\nodemailer\lib\smtp-connection\index.js:1540:18)
    at SMTPConnection._processResponse (C:\Users\Administrator.ROHAN-LAPTOP\Documents\GitHub\Bayanat-OCIBackend\node_modules\nodemailer\lib\smtp-connection\index.js:991:20)
    at SMTPConnection._onData (C:\Users\Administrator.ROHAN-LAPTOP\Documents\GitHub\Bayanat-OCIBackend\node_modules\nodemailer\lib\smtp-connection\index.js:772:14)
    at TLSSocket.SMTPConnection._onSocketData (C:\Users\Administrator.ROHAN-LAPTOP\Documents\GitHub\Bayanat-OCIBackend\node_modules\nodemailer\lib\smtp-connection\index.js:195:44)
    at TLSSocket.emit (node:events:519:28)
    at TLSSocket.emit (node:domain:489:12)
    at addChunk (node:internal/streams/readable:561:12)
    at readableAddChunkPushByteMode (node:internal/streams/readable:512:3)
2026-09-16 12:42:52 [[31merror[39m]: [NOTIFY] ❌ Failed to send email for event: TRANSACTION_COMPLETED Invalid login: 535 5.7.3 Authentication unsuccessful [DX0P273CA0022.AREP273.PROD.OUTLOOK.COM 2026-09-16T07:12:51.911Z 08DF136001F647FE] 
Error: Invalid login: 535 5.7.3 Authentication unsuccessful [DX0P273CA0022.AREP273.PROD.OUTLOOK.COM 2026-09-16T07:12:51.911Z 08DF136001F647FE]
    at SMTPConnection._formatError (C:\Users\Administrator.ROHAN-LAPTOP\Documents\GitHub\Bayanat-OCIBackend\node_modules\nodemailer\lib\smtp-connection\index.js:807:19)
    at SMTPConnection._actionAUTHComplete (C:\Users\Administrator.ROHAN-LAPTOP\Documents\GitHub\Bayanat-OCIBackend\node_modules\nodemailer\lib\smtp-connection\index.js:1586:34)
    at SMTPConnection.<anonymous> (C:\Users\Administrator.ROHAN-LAPTOP\Documents\GitHub\Bayanat-OCIBackend\node_modules\nodemailer\lib\smtp-connection\index.js:1540:18)
    at SMTPConnection._processResponse (C:\Users\Administrator.ROHAN-LAPTOP\Documents\GitHub\Bayanat-OCIBackend\node_modules\nodemailer\lib\smtp-connection\index.js:991:20)
    at SMTPConnection._onData (C:\Users\Administrator.ROHAN-LAPTOP\Documents\GitHub\Bayanat-OCIBackend\node_modules\nodemailer\lib\smtp-connection\index.js:772:14)
    at TLSSocket.SMTPConnection._onSocketData (C:\Users\Administrator.ROHAN-LAPTOP\Documents\GitHub\Bayanat-OCIBackend\node_modules\nodemailer\lib\smtp-connection\index.js:195:44)
    at TLSSocket.emit (node:events:519:28)
    at TLSSocket.emit (node:domain:489:12)
    at addChunk (node:internal/streams/readable:561:12)
    at readableAddChunkPushByteMode (node:internal/streams/readable:512:3)
2026-09-16 12:42:59 [[31merror[39m]: [NOTIFY] ❌ Failed to send email for event: TRANSACTION_COMPLETED Invalid login: 535 5.7.3 Authentication unsuccessful [DX1P273CA0004.AREP273.PROD.OUTLOOK.COM 2026-09-16T07:12:59.585Z 08DF135467E7D8B8] 
Error: Invalid login: 535 5.7.3 Authentication unsuccessful [DX1P273CA0004.AREP273.PROD.OUTLOOK.COM 2026-09-16T07:12:59.585Z 08DF135467E7D8B8]
    at SMTPConnection._formatError (C:\Users\Administrator.ROHAN-LAPTOP\Documents\GitHub\Bayanat-OCIBackend\node_modules\nodemailer\lib\smtp-connection\index.js:807:19)
    at SMTPConnection._actionAUTHComplete (C:\Users\Administrator.ROHAN-LAPTOP\Documents\GitHub\Bayanat-OCIBackend\node_modules\nodemailer\lib\smtp-connection\index.js:1586:34)
    at SMTPConnection.<anonymous> (C:\Users\Administrator.ROHAN-LAPTOP\Documents\GitHub\Bayanat-OCIBackend\node_modules\nodemailer\lib\smtp-connection\index.js:1540:18)
    at SMTPConnection._processResponse (C:\Users\Administrator.ROHAN-LAPTOP\Documents\GitHub\Bayanat-OCIBackend\node_modules\nodemailer\lib\smtp-connection\index.js:991:20)
    at SMTPConnection._onData (C:\Users\Administrator.ROHAN-LAPTOP\Documents\GitHub\Bayanat-OCIBackend\node_modules\nodemailer\lib\smtp-connection\index.js:772:14)
    at TLSSocket.SMTPConnection._onSocketData (C:\Users\Administrator.ROHAN-LAPTOP\Documents\GitHub\Bayanat-OCIBackend\node_modules\nodemailer\lib\smtp-connection\index.js:195:44)
    at TLSSocket.emit (node:events:519:28)
    at TLSSocket.emit (node:domain:489:12)
    at addChunk (node:internal/streams/readable:561:12)
    at readableAddChunkPushByteMode (node:internal/streams/readable:512:3)
2026-09-16 12:43:06 [[31merror[39m]: [NOTIFY] ❌ Failed to send email for event: TRANSACTION_COMPLETED Invalid login: 535 5.7.3 Authentication unsuccessful [DX0P273CA0055.AREP273.PROD.OUTLOOK.COM 2026-09-16T07:13:06.511Z 08DF133DAF8E8054] 
Error: Invalid login: 535 5.7.3 Authentication unsuccessful [DX0P273CA0055.AREP273.PROD.OUTLOOK.COM 2026-09-16T07:13:06.511Z 08DF133DAF8E8054]
    at SMTPConnection._formatError (C:\Users\Administrator.ROHAN-LAPTOP\Documents\GitHub\Bayanat-OCIBackend\node_modules\nodemailer\lib\smtp-connection\index.js:807:19)
    at SMTPConnection._actionAUTHComplete (C:\Users\Administrator.ROHAN-LAPTOP\Documents\GitHub\Bayanat-OCIBackend\node_modules\nodemailer\lib\smtp-connection\index.js:1586:34)
    at SMTPConnection.<anonymous> (C:\Users\Administrator.ROHAN-LAPTOP\Documents\GitHub\Bayanat-OCIBackend\node_modules\nodemailer\lib\smtp-connection\index.js:1540:18)
    at SMTPConnection._processResponse (C:\Users\Administrator.ROHAN-LAPTOP\Documents\GitHub\Bayanat-OCIBackend\node_modules\nodemailer\lib\smtp-connection\index.js:991:20)
    at SMTPConnection._onData (C:\Users\Administrator.ROHAN-LAPTOP\Documents\GitHub\Bayanat-OCIBackend\node_modules\nodemailer\lib\smtp-connection\index.js:772:14)
    at TLSSocket.SMTPConnection._onSocketData (C:\Users\Administrator.ROHAN-LAPTOP\Documents\GitHub\Bayanat-OCIBackend\node_modules\nodemailer\lib\smtp-connection\index.js:195:44)
    at TLSSocket.emit (node:events:519:28)
    at TLSSocket.emit (node:domain:489:12)
    at addChunk (node:internal/streams/readable:561:12)
    at readableAddChunkPushByteMode (node:internal/streams/readable:512:3)
2026-09-16 12:43:14 [[31merror[39m]: [NOTIFY] ❌ Failed to send email for event: TRANSACTION_COMPLETED Invalid login: 535 5.7.3 Authentication unsuccessful [DX0P273CA0067.AREP273.PROD.OUTLOOK.COM 2026-09-16T07:13:14.090Z 08DF133C6E3DC1A8] 
Error: Invalid login: 535 5.7.3 Authentication unsuccessful [DX0P273CA0067.AREP273.PROD.OUTLOOK.COM 2026-09-16T07:13:14.090Z 08DF133C6E3DC1A8]
    at SMTPConnection._formatError (C:\Users\Administrator.ROHAN-LAPTOP\Documents\GitHub\Bayanat-OCIBackend\node_modules\nodemailer\lib\smtp-connection\index.js:807:19)
    at SMTPConnection._actionAUTHComplete (C:\Users\Administrator.ROHAN-LAPTOP\Documents\GitHub\Bayanat-OCIBackend\node_modules\nodemailer\lib\smtp-connection\index.js:1586:34)
    at SMTPConnection.<anonymous> (C:\Users\Administrator.ROHAN-LAPTOP\Documents\GitHub\Bayanat-OCIBackend\node_modules\nodemailer\lib\smtp-connection\index.js:1540:18)
    at SMTPConnection._processResponse (C:\Users\Administrator.ROHAN-LAPTOP\Documents\GitHub\Bayanat-OCIBackend\node_modules\nodemailer\lib\smtp-connection\index.js:991:20)
    at SMTPConnection._onData (C:\Users\Administrator.ROHAN-LAPTOP\Documents\GitHub\Bayanat-OCIBackend\node_modules\nodemailer\lib\smtp-connection\index.js:772:14)
    at TLSSocket.SMTPConnection._onSocketData (C:\Users\Administrator.ROHAN-LAPTOP\Documents\GitHub\Bayanat-OCIBackend\node_modules\nodemailer\lib\smtp-connection\index.js:195:44)
    at TLSSocket.emit (node:events:519:28)
    at TLSSocket.emit (node:domain:489:12)
    at addChunk (node:internal/streams/readable:561:12)
    at readableAddChunkPushByteMode (node:internal/streams/readable:512:3)
2026-09-16 12:43:21 [[31merror[39m]: [NOTIFY] ❌ Failed to send email for event: TRANSACTION_COMPLETED Invalid login: 535 5.7.3 Authentication unsuccessful [DX0P273CA0069.AREP273.PROD.OUTLOOK.COM 2026-09-16T07:13:21.494Z 08DF136E6CD51478] 
Error: Invalid login: 535 5.7.3 Authentication unsuccessful [DX0P273CA0069.AREP273.PROD.OUTLOOK.COM 2026-09-16T07:13:21.494Z 08DF136E6CD51478]
    at SMTPConnection._formatError (C:\Users\Administrator.ROHAN-LAPTOP\Documents\GitHub\Bayanat-OCIBackend\node_modules\nodemailer\lib\smtp-connection\index.js:807:19)
    at SMTPConnection._actionAUTHComplete (C:\Users\Administrator.ROHAN-LAPTOP\Documents\GitHub\Bayanat-OCIBackend\node_modules\nodemailer\lib\smtp-connection\index.js:1586:34)
    at SMTPConnection.<anonymous> (C:\Users\Administrator.ROHAN-LAPTOP\Documents\GitHub\Bayanat-OCIBackend\node_modules\nodemailer\lib\smtp-connection\index.js:1540:18)
    at SMTPConnection._processResponse (C:\Users\Administrator.ROHAN-LAPTOP\Documents\GitHub\Bayanat-OCIBackend\node_modules\nodemailer\lib\smtp-connection\index.js:991:20)
    at SMTPConnection._onData (C:\Users\Administrator.ROHAN-LAPTOP\Documents\GitHub\Bayanat-OCIBackend\node_modules\nodemailer\lib\smtp-connection\index.js:772:14)
    at TLSSocket.SMTPConnection._onSocketData (C:\Users\Administrator.ROHAN-LAPTOP\Documents\GitHub\Bayanat-OCIBackend\node_modules\nodemailer\lib\smtp-connection\index.js:195:44)
    at TLSSocket.emit (node:events:519:28)
    at TLSSocket.emit (node:domain:489:12)
    at addChunk (node:internal/streams/readable:561:12)
    at readableAddChunkPushByteMode (node:internal/streams/readable:512:3)
2026-09-16 12:43:29 [[31merror[39m]: [NOTIFY] ❌ Failed to send email for event: TRANSACTION_COMPLETED Invalid login: 535 5.7.3 Authentication unsuccessful [DX1P273CA0009.AREP273.PROD.OUTLOOK.COM 2026-09-16T07:13:29.053Z 08DF1387FCCEA0EE] 
Error: Invalid login: 535 5.7.3 Authentication unsuccessful [DX1P273CA0009.AREP273.PROD.OUTLOOK.COM 2026-09-16T07:13:29.053Z 08DF1387FCCEA0EE]
    at SMTPConnection._formatError (C:\Users\Administrator.ROHAN-LAPTOP\Documents\GitHub\Bayanat-OCIBackend\node_modules\nodemailer\lib\smtp-connection\index.js:807:19)
    at SMTPConnection._actionAUTHComplete (C:\Users\Administrator.ROHAN-LAPTOP\Documents\GitHub\Bayanat-OCIBackend\node_modules\nodemailer\lib\smtp-connection\index.js:1586:34)
    at SMTPConnection.<anonymous> (C:\Users\Administrator.ROHAN-LAPTOP\Documents\GitHub\Bayanat-OCIBackend\node_modules\nodemailer\lib\smtp-connection\index.js:1540:18)
    at SMTPConnection._processResponse (C:\Users\Administrator.ROHAN-LAPTOP\Documents\GitHub\Bayanat-OCIBackend\node_modules\nodemailer\lib\smtp-connection\index.js:991:20)
    at SMTPConnection._onData (C:\Users\Administrator.ROHAN-LAPTOP\Documents\GitHub\Bayanat-OCIBackend\node_modules\nodemailer\lib\smtp-connection\index.js:772:14)
    at TLSSocket.SMTPConnection._onSocketData (C:\Users\Administrator.ROHAN-LAPTOP\Documents\GitHub\Bayanat-OCIBackend\node_modules\nodemailer\lib\smtp-connection\index.js:195:44)
    at TLSSocket.emit (node:events:519:28)
    at TLSSocket.emit (node:domain:489:12)
    at addChunk (node:internal/streams/readable:561:12)
    at readableAddChunkPushByteMode (node:internal/streams/readable:512:3)
2026-09-16 12:43:36 [[31merror[39m]: [NOTIFY] ❌ Failed to send email for event: TRANSACTION_COMPLETED Invalid login: 535 5.7.3 Authentication unsuccessful [DX0P273CA0066.AREP273.PROD.OUTLOOK.COM 2026-09-16T07:13:36.174Z 08DF134AD5DDA600] 
Error: Invalid login: 535 5.7.3 Authentication unsuccessful [DX0P273CA0066.AREP273.PROD.OUTLOOK.COM 2026-09-16T07:13:36.174Z 08DF134AD5DDA600]
    at SMTPConnection._formatError (C:\Users\Administrator.ROHAN-LAPTOP\Documents\GitHub\Bayanat-OCIBackend\node_modules\nodemailer\lib\smtp-connection\index.js:807:19)
    at SMTPConnection._actionAUTHComplete (C:\Users\Administrator.ROHAN-LAPTOP\Documents\GitHub\Bayanat-OCIBackend\node_modules\nodemailer\lib\smtp-connection\index.js:1586:34)
    at SMTPConnection.<anonymous> (C:\Users\Administrator.ROHAN-LAPTOP\Documents\GitHub\Bayanat-OCIBackend\node_modules\nodemailer\lib\smtp-connection\index.js:1540:18)
    at SMTPConnection._processResponse (C:\Users\Administrator.ROHAN-LAPTOP\Documents\GitHub\Bayanat-OCIBackend\node_modules\nodemailer\lib\smtp-connection\index.js:991:20)
    at SMTPConnection._onData (C:\Users\Administrator.ROHAN-LAPTOP\Documents\GitHub\Bayanat-OCIBackend\node_modules\nodemailer\lib\smtp-connection\index.js:772:14)
    at TLSSocket.SMTPConnection._onSocketData (C:\Users\Administrator.ROHAN-LAPTOP\Documents\GitHub\Bayanat-OCIBackend\node_modules\nodemailer\lib\smtp-connection\index.js:195:44)
    at TLSSocket.emit (node:events:519:28)
    at TLSSocket.emit (node:domain:489:12)
    at addChunk (node:internal/streams/readable:561:12)
    at readableAddChunkPushByteMode (node:internal/streams/readable:512:3)
2026-09-16 12:43:43 [[31merror[39m]: [NOTIFY] ❌ Failed to send email for event: TRANSACTION_COMPLETED Invalid login: 535 5.7.3 Authentication unsuccessful [DX0P273CA0040.AREP273.PROD.OUTLOOK.COM 2026-09-16T07:13:43.740Z 08DF13740B8FED6A] 
Error: Invalid login: 535 5.7.3 Authentication unsuccessful [DX0P273CA0040.AREP273.PROD.OUTLOOK.COM 2026-09-16T07:13:43.740Z 08DF13740B8FED6A]
    at SMTPConnection._formatError (C:\Users\Administrator.ROHAN-LAPTOP\Documents\GitHub\Bayanat-OCIBackend\node_modules\nodemailer\lib\smtp-connection\index.js:807:19)
    at SMTPConnection._actionAUTHComplete (C:\Users\Administrator.ROHAN-LAPTOP\Documents\GitHub\Bayanat-OCIBackend\node_modules\nodemailer\lib\smtp-connection\index.js:1586:34)
    at SMTPConnection.<anonymous> (C:\Users\Administrator.ROHAN-LAPTOP\Documents\GitHub\Bayanat-OCIBackend\node_modules\nodemailer\lib\smtp-connection\index.js:1540:18)
    at SMTPConnection._processResponse (C:\Users\Administrator.ROHAN-LAPTOP\Documents\GitHub\Bayanat-OCIBackend\node_modules\nodemailer\lib\smtp-connection\index.js:991:20)
    at SMTPConnection._onData (C:\Users\Administrator.ROHAN-LAPTOP\Documents\GitHub\Bayanat-OCIBackend\node_modules\nodemailer\lib\smtp-connection\index.js:772:14)
    at TLSSocket.SMTPConnection._onSocketData (C:\Users\Administrator.ROHAN-LAPTOP\Documents\GitHub\Bayanat-OCIBackend\node_modules\nodemailer\lib\smtp-connection\index.js:195:44)
    at TLSSocket.emit (node:events:519:28)
    at TLSSocket.emit (node:domain:489:12)
    at addChunk (node:internal/streams/readable:561:12)
    at readableAddChunkPushByteMode (node:internal/streams/readable:512:3)
2026-09-16 12:43:51 [[31merror[39m]: [NOTIFY] ❌ Failed to send email for event: TRANSACTION_COMPLETED Invalid login: 535 5.7.3 Authentication unsuccessful [DX0P273CA0047.AREP273.PROD.OUTLOOK.COM 2026-09-16T07:13:50.856Z 08DF134BB75B52FB] 
Error: Invalid login: 535 5.7.3 Authentication unsuccessful [DX0P273CA0047.AREP273.PROD.OUTLOOK.COM 2026-09-16T07:13:50.856Z 08DF134BB75B52FB]
    at SMTPConnection._formatError (C:\Users\Administrator.ROHAN-LAPTOP\Documents\GitHub\Bayanat-OCIBackend\node_modules\nodemailer\lib\smtp-connection\index.js:807:19)
    at SMTPConnection._actionAUTHComplete (C:\Users\Administrator.ROHAN-LAPTOP\Documents\GitHub\Bayanat-OCIBackend\node_modules\nodemailer\lib\smtp-connection\index.js:1586:34)
    at SMTPConnection.<anonymous> (C:\Users\Administrator.ROHAN-LAPTOP\Documents\GitHub\Bayanat-OCIBackend\node_modules\nodemailer\lib\smtp-connection\index.js:1540:18)
    at SMTPConnection._processResponse (C:\Users\Administrator.ROHAN-LAPTOP\Documents\GitHub\Bayanat-OCIBackend\node_modules\nodemailer\lib\smtp-connection\index.js:991:20)
    at SMTPConnection._onData (C:\Users\Administrator.ROHAN-LAPTOP\Documents\GitHub\Bayanat-OCIBackend\node_modules\nodemailer\lib\smtp-connection\index.js:772:14)
    at TLSSocket.SMTPConnection._onSocketData (C:\Users\Administrator.ROHAN-LAPTOP\Documents\GitHub\Bayanat-OCIBackend\node_modules\nodemailer\lib\smtp-connection\index.js:195:44)
    at TLSSocket.emit (node:events:519:28)
    at TLSSocket.emit (node:domain:489:12)
    at addChunk (node:internal/streams/readable:561:12)
    at readableAddChunkPushByteMode (node:internal/streams/readable:512:3)
2026-09-16 12:43:57 [[31merror[39m]: [NOTIFY] ❌ Failed to send email for event: TRANSACTION_COMPLETED Invalid login: 535 5.7.3 Authentication unsuccessful [DX0P273CA0047.AREP273.PROD.OUTLOOK.COM 2026-09-16T07:13:57.896Z 08DF134BB75B5322] 
Error: Invalid login: 535 5.7.3 Authentication unsuccessful [DX0P273CA0047.AREP273.PROD.OUTLOOK.COM 2026-09-16T07:13:57.896Z 08DF134BB75B5322]
    at SMTPConnection._formatError (C:\Users\Administrator.ROHAN-LAPTOP\Documents\GitHub\Bayanat-OCIBackend\node_modules\nodemailer\lib\smtp-connection\index.js:807:19)
    at SMTPConnection._actionAUTHComplete (C:\Users\Administrator.ROHAN-LAPTOP\Documents\GitHub\Bayanat-OCIBackend\node_modules\nodemailer\lib\smtp-connection\index.js:1586:34)
    at SMTPConnection.<anonymous> (C:\Users\Administrator.ROHAN-LAPTOP\Documents\GitHub\Bayanat-OCIBackend\node_modules\nodemailer\lib\smtp-connection\index.js:1540:18)
    at SMTPConnection._processResponse (C:\Users\Administrator.ROHAN-LAPTOP\Documents\GitHub\Bayanat-OCIBackend\node_modules\nodemailer\lib\smtp-connection\index.js:991:20)
    at SMTPConnection._onData (C:\Users\Administrator.ROHAN-LAPTOP\Documents\GitHub\Bayanat-OCIBackend\node_modules\nodemailer\lib\smtp-connection\index.js:772:14)
    at TLSSocket.SMTPConnection._onSocketData (C:\Users\Administrator.ROHAN-LAPTOP\Documents\GitHub\Bayanat-OCIBackend\node_modules\nodemailer\lib\smtp-connection\index.js:195:44)
    at TLSSocket.emit (node:events:519:28)
    at TLSSocket.emit (node:domain:489:12)
    at addChunk (node:internal/streams/readable:561:12)
    at readableAddChunkPushByteMode (node:internal/streams/readable:512:3)
2026-09-16 12:44:06 [[31merror[39m]: [NOTIFY] ❌ Failed to send email for event: TRANSACTION_COMPLETED Invalid login: 535 5.7.3 Authentication unsuccessful [DX0P273CA0022.AREP273.PROD.OUTLOOK.COM 2026-09-16T07:14:06.219Z 08DF136001F649FF] 
Error: Invalid login: 535 5.7.3 Authentication unsuccessful [DX0P273CA0022.AREP273.PROD.OUTLOOK.COM 2026-09-16T07:14:06.219Z 08DF136001F649FF]
    at SMTPConnection._formatError (C:\Users\Administrator.ROHAN-LAPTOP\Documents\GitHub\Bayanat-OCIBackend\node_modules\nodemailer\lib\smtp-connection\index.js:807:19)
    at SMTPConnection._actionAUTHComplete (C:\Users\Administrator.ROHAN-LAPTOP\Documents\GitHub\Bayanat-OCIBackend\node_modules\nodemailer\lib\smtp-connection\index.js:1586:34)
    at SMTPConnection.<anonymous> (C:\Users\Administrator.ROHAN-LAPTOP\Documents\GitHub\Bayanat-OCIBackend\node_modules\nodemailer\lib\smtp-connection\index.js:1540:18)
    at SMTPConnection._processResponse (C:\Users\Administrator.ROHAN-LAPTOP\Documents\GitHub\Bayanat-OCIBackend\node_modules\nodemailer\lib\smtp-connection\index.js:991:20)
    at SMTPConnection._onData (C:\Users\Administrator.ROHAN-LAPTOP\Documents\GitHub\Bayanat-OCIBackend\node_modules\nodemailer\lib\smtp-connection\index.js:772:14)
    at TLSSocket.SMTPConnection._onSocketData (C:\Users\Administrator.ROHAN-LAPTOP\Documents\GitHub\Bayanat-OCIBackend\node_modules\nodemailer\lib\smtp-connection\index.js:195:44)
    at TLSSocket.emit (node:events:519:28)
    at TLSSocket.emit (node:domain:489:12)
    at addChunk (node:internal/streams/readable:561:12)
    at readableAddChunkPushByteMode (node:internal/streams/readable:512:3)
2026-09-16 12:44:13 [[31merror[39m]: [NOTIFY] ❌ Failed to send email for event: TRANSACTION_COMPLETED Invalid login: 535 5.7.3 Authentication unsuccessful [DX0P273CA0094.AREP273.PROD.OUTLOOK.COM 2026-09-16T07:14:13.296Z 08DF136A6A3F13A0] 
Error: Invalid login: 535 5.7.3 Authentication unsuccessful [DX0P273CA0094.AREP273.PROD.OUTLOOK.COM 2026-09-16T07:14:13.296Z 08DF136A6A3F13A0]
    at SMTPConnection._formatError (C:\Users\Administrator.ROHAN-LAPTOP\Documents\GitHub\Bayanat-OCIBackend\node_modules\nodemailer\lib\smtp-connection\index.js:807:19)
    at SMTPConnection._actionAUTHComplete (C:\Users\Administrator.ROHAN-LAPTOP\Documents\GitHub\Bayanat-OCIBackend\node_modules\nodemailer\lib\smtp-connection\index.js:1586:34)
    at SMTPConnection.<anonymous> (C:\Users\Administrator.ROHAN-LAPTOP\Documents\GitHub\Bayanat-OCIBackend\node_modules\nodemailer\lib\smtp-connection\index.js:1540:18)
    at SMTPConnection._processResponse (C:\Users\Administrator.ROHAN-LAPTOP\Documents\GitHub\Bayanat-OCIBackend\node_modules\nodemailer\lib\smtp-connection\index.js:991:20)
    at SMTPConnection._onData (C:\Users\Administrator.ROHAN-LAPTOP\Documents\GitHub\Bayanat-OCIBackend\node_modules\nodemailer\lib\smtp-connection\index.js:772:14)
    at TLSSocket.SMTPConnection._onSocketData (C:\Users\Administrator.ROHAN-LAPTOP\Documents\GitHub\Bayanat-OCIBackend\node_modules\nodemailer\lib\smtp-connection\index.js:195:44)
    at TLSSocket.emit (node:events:519:28)
    at TLSSocket.emit (node:domain:489:12)
    at addChunk (node:internal/streams/readable:561:12)
    at readableAddChunkPushByteMode (node:internal/streams/readable:512:3)
2026-09-16 12:58:09 [[31merror[39m]: [NOTIFY] ❌ Failed to send email for event: TRANSACTION_COMPLETED Invalid login: 535 5.7.3 Authentication unsuccessful [DX0P273CA0037.AREP273.PROD.OUTLOOK.COM 2026-09-16T07:28:08.936Z 08DF1353BBF087B7] 
Error: Invalid login: 535 5.7.3 Authentication unsuccessful [DX0P273CA0037.AREP273.PROD.OUTLOOK.COM 2026-09-16T07:28:08.936Z 08DF1353BBF087B7]
    at SMTPConnection._formatError (C:\Users\Administrator.ROHAN-LAPTOP\Documents\GitHub\Bayanat-OCIBackend\node_modules\nodemailer\lib\smtp-connection\index.js:807:19)
    at SMTPConnection._actionAUTHComplete (C:\Users\Administrator.ROHAN-LAPTOP\Documents\GitHub\Bayanat-OCIBackend\node_modules\nodemailer\lib\smtp-connection\index.js:1586:34)
    at SMTPConnection.<anonymous> (C:\Users\Administrator.ROHAN-LAPTOP\Documents\GitHub\Bayanat-OCIBackend\node_modules\nodemailer\lib\smtp-connection\index.js:1540:18)
    at SMTPConnection._processResponse (C:\Users\Administrator.ROHAN-LAPTOP\Documents\GitHub\Bayanat-OCIBackend\node_modules\nodemailer\lib\smtp-connection\index.js:991:20)
    at SMTPConnection._onData (C:\Users\Administrator.ROHAN-LAPTOP\Documents\GitHub\Bayanat-OCIBackend\node_modules\nodemailer\lib\smtp-connection\index.js:772:14)
    at TLSSocket.SMTPConnection._onSocketData (C:\Users\Administrator.ROHAN-LAPTOP\Documents\GitHub\Bayanat-OCIBackend\node_modules\nodemailer\lib\smtp-connection\index.js:195:44)
    at TLSSocket.emit (node:events:519:28)
    at TLSSocket.emit (node:domain:489:12)
    at addChunk (node:internal/streams/readable:561:12)
    at readableAddChunkPushByteMode (node:internal/streams/readable:512:3)
2026-09-16 13:14:09 [[31merror[39m]: [NOTIFY] ❌ Failed to send email for event: TRANSACTION_COMPLETED Invalid login: 535 5.7.3 Authentication unsuccessful [DX0P273CA0011.AREP273.PROD.OUTLOOK.COM 2026-09-16T07:44:09.099Z 08DF1343346A0292] 
Error: Invalid login: 535 5.7.3 Authentication unsuccessful [DX0P273CA0011.AREP273.PROD.OUTLOOK.COM 2026-09-16T07:44:09.099Z 08DF1343346A0292]
    at SMTPConnection._formatError (C:\Users\Administrator.ROHAN-LAPTOP\Documents\GitHub\Bayanat-OCIBackend\node_modules\nodemailer\lib\smtp-connection\index.js:807:19)
    at SMTPConnection._actionAUTHComplete (C:\Users\Administrator.ROHAN-LAPTOP\Documents\GitHub\Bayanat-OCIBackend\node_modules\nodemailer\lib\smtp-connection\index.js:1586:34)
    at SMTPConnection.<anonymous> (C:\Users\Administrator.ROHAN-LAPTOP\Documents\GitHub\Bayanat-OCIBackend\node_modules\nodemailer\lib\smtp-connection\index.js:1540:18)
    at SMTPConnection._processResponse (C:\Users\Administrator.ROHAN-LAPTOP\Documents\GitHub\Bayanat-OCIBackend\node_modules\nodemailer\lib\smtp-connection\index.js:991:20)
    at SMTPConnection._onData (C:\Users\Administrator.ROHAN-LAPTOP\Documents\GitHub\Bayanat-OCIBackend\node_modules\nodemailer\lib\smtp-connection\index.js:772:14)
    at TLSSocket.SMTPConnection._onSocketData (C:\Users\Administrator.ROHAN-LAPTOP\Documents\GitHub\Bayanat-OCIBackend\node_modules\nodemailer\lib\smtp-connection\index.js:195:44)
    at TLSSocket.emit (node:events:519:28)
    at TLSSocket.emit (node:domain:489:12)
    at addChunk (node:internal/streams/readable:561:12)
    at readableAddChunkPushByteMode (node:internal/streams/readable:512:3)
2026-09-16 13:16:08 [[31merror[39m]: [NOTIFY] ❌ Failed to send email for event: TRANSACTION_COMPLETED Invalid login: 535 5.7.3 Authentication unsuccessful [DX0P273CA0021.AREP273.PROD.OUTLOOK.COM 2026-09-16T07:46:08.108Z 08DF137137A70D7D] 
Error: Invalid login: 535 5.7.3 Authentication unsuccessful [DX0P273CA0021.AREP273.PROD.OUTLOOK.COM 2026-09-16T07:46:08.108Z 08DF137137A70D7D]
    at SMTPConnection._formatError (C:\Users\Administrator.ROHAN-LAPTOP\Documents\GitHub\Bayanat-OCIBackend\node_modules\nodemailer\lib\smtp-connection\index.js:807:19)
    at SMTPConnection._actionAUTHComplete (C:\Users\Administrator.ROHAN-LAPTOP\Documents\GitHub\Bayanat-OCIBackend\node_modules\nodemailer\lib\smtp-connection\index.js:1586:34)
    at SMTPConnection.<anonymous> (C:\Users\Administrator.ROHAN-LAPTOP\Documents\GitHub\Bayanat-OCIBackend\node_modules\nodemailer\lib\smtp-connection\index.js:1540:18)
    at SMTPConnection._processResponse (C:\Users\Administrator.ROHAN-LAPTOP\Documents\GitHub\Bayanat-OCIBackend\node_modules\nodemailer\lib\smtp-connection\index.js:991:20)
    at SMTPConnection._onData (C:\Users\Administrator.ROHAN-LAPTOP\Documents\GitHub\Bayanat-OCIBackend\node_modules\nodemailer\lib\smtp-connection\index.js:772:14)
    at TLSSocket.SMTPConnection._onSocketData (C:\Users\Administrator.ROHAN-LAPTOP\Documents\GitHub\Bayanat-OCIBackend\node_modules\nodemailer\lib\smtp-connection\index.js:195:44)
    at TLSSocket.emit (node:events:519:28)
    at TLSSocket.emit (node:domain:489:12)
    at addChunk (node:internal/streams/readable:561:12)
    at readableAddChunkPushByteMode (node:internal/streams/readable:512:3)
2026-09-16 13:16:15 [[31merror[39m]: [NOTIFY] ❌ Failed to send email for event: TRANSACTION_COMPLETED Invalid login: 535 5.7.3 Authentication unsuccessful [DX0P273CA0020.AREP273.PROD.OUTLOOK.COM 2026-09-16T07:46:15.479Z 08DF1348E46154DA] 
Error: Invalid login: 535 5.7.3 Authentication unsuccessful [DX0P273CA0020.AREP273.PROD.OUTLOOK.COM 2026-09-16T07:46:15.479Z 08DF1348E46154DA]
    at SMTPConnection._formatError (C:\Users\Administrator.ROHAN-LAPTOP\Documents\GitHub\Bayanat-OCIBackend\node_modules\nodemailer\lib\smtp-connection\index.js:807:19)
    at SMTPConnection._actionAUTHComplete (C:\Users\Administrator.ROHAN-LAPTOP\Documents\GitHub\Bayanat-OCIBackend\node_modules\nodemailer\lib\smtp-connection\index.js:1586:34)
    at SMTPConnection.<anonymous> (C:\Users\Administrator.ROHAN-LAPTOP\Documents\GitHub\Bayanat-OCIBackend\node_modules\nodemailer\lib\smtp-connection\index.js:1540:18)
    at SMTPConnection._processResponse (C:\Users\Administrator.ROHAN-LAPTOP\Documents\GitHub\Bayanat-OCIBackend\node_modules\nodemailer\lib\smtp-connection\index.js:991:20)
    at SMTPConnection._onData (C:\Users\Administrator.ROHAN-LAPTOP\Documents\GitHub\Bayanat-OCIBackend\node_modules\nodemailer\lib\smtp-connection\index.js:772:14)
    at TLSSocket.SMTPConnection._onSocketData (C:\Users\Administrator.ROHAN-LAPTOP\Documents\GitHub\Bayanat-OCIBackend\node_modules\nodemailer\lib\smtp-connection\index.js:195:44)
    at TLSSocket.emit (node:events:519:28)
    at TLSSocket.emit (node:domain:489:12)
    at addChunk (node:internal/streams/readable:561:12)
    at readableAddChunkPushByteMode (node:internal/streams/readable:512:3)
2026-09-16 13:30:08 [[31merror[39m]: [NOTIFY] ❌ Failed to send email for event: TRANSACTION_COMPLETED Invalid login: 535 5.7.3 Authentication unsuccessful [DX0P273CA0019.AREP273.PROD.OUTLOOK.COM 2026-09-16T08:00:08.256Z 08DF135A52ACFBB6] 
Error: Invalid login: 535 5.7.3 Authentication unsuccessful [DX0P273CA0019.AREP273.PROD.OUTLOOK.COM 2026-09-16T08:00:08.256Z 08DF135A52ACFBB6]
    at SMTPConnection._formatError (C:\Users\Administrator.ROHAN-LAPTOP\Documents\GitHub\Bayanat-OCIBackend\node_modules\nodemailer\lib\smtp-connection\index.js:807:19)
    at SMTPConnection._actionAUTHComplete (C:\Users\Administrator.ROHAN-LAPTOP\Documents\GitHub\Bayanat-OCIBackend\node_modules\nodemailer\lib\smtp-connection\index.js:1586:34)
    at SMTPConnection.<anonymous> (C:\Users\Administrator.ROHAN-LAPTOP\Documents\GitHub\Bayanat-OCIBackend\node_modules\nodemailer\lib\smtp-connection\index.js:1540:18)
    at SMTPConnection._processResponse (C:\Users\Administrator.ROHAN-LAPTOP\Documents\GitHub\Bayanat-OCIBackend\node_modules\nodemailer\lib\smtp-connection\index.js:991:20)
    at SMTPConnection._onData (C:\Users\Administrator.ROHAN-LAPTOP\Documents\GitHub\Bayanat-OCIBackend\node_modules\nodemailer\lib\smtp-connection\index.js:772:14)
    at TLSSocket.SMTPConnection._onSocketData (C:\Users\Administrator.ROHAN-LAPTOP\Documents\GitHub\Bayanat-OCIBackend\node_modules\nodemailer\lib\smtp-connection\index.js:195:44)
    at TLSSocket.emit (node:events:519:28)
    at TLSSocket.emit (node:domain:489:12)
    at addChunk (node:internal/streams/readable:561:12)
    at readableAddChunkPushByteMode (node:internal/streams/readable:512:3)
2026-09-16 13:30:15 [[31merror[39m]: [NOTIFY] ❌ Failed to send email for event: TRANSACTION_COMPLETED Invalid login: 535 5.7.3 Authentication unsuccessful [DX0P273CA0037.AREP273.PROD.OUTLOOK.COM 2026-09-16T08:00:15.703Z 08DF1353BBF0BF3E] 
Error: Invalid login: 535 5.7.3 Authentication unsuccessful [DX0P273CA0037.AREP273.PROD.OUTLOOK.COM 2026-09-16T08:00:15.703Z 08DF1353BBF0BF3E]
    at SMTPConnection._formatError (C:\Users\Administrator.ROHAN-LAPTOP\Documents\GitHub\Bayanat-OCIBackend\node_modules\nodemailer\lib\smtp-connection\index.js:807:19)
    at SMTPConnection._actionAUTHComplete (C:\Users\Administrator.ROHAN-LAPTOP\Documents\GitHub\Bayanat-OCIBackend\node_modules\nodemailer\lib\smtp-connection\index.js:1586:34)
    at SMTPConnection.<anonymous> (C:\Users\Administrator.ROHAN-LAPTOP\Documents\GitHub\Bayanat-OCIBackend\node_modules\nodemailer\lib\smtp-connection\index.js:1540:18)
    at SMTPConnection._processResponse (C:\Users\Administrator.ROHAN-LAPTOP\Documents\GitHub\Bayanat-OCIBackend\node_modules\nodemailer\lib\smtp-connection\index.js:991:20)
    at SMTPConnection._onData (C:\Users\Administrator.ROHAN-LAPTOP\Documents\GitHub\Bayanat-OCIBackend\node_modules\nodemailer\lib\smtp-connection\index.js:772:14)
    at TLSSocket.SMTPConnection._onSocketData (C:\Users\Administrator.ROHAN-LAPTOP\Documents\GitHub\Bayanat-OCIBackend\node_modules\nodemailer\lib\smtp-connection\index.js:195:44)
    at TLSSocket.emit (node:events:519:28)
    at TLSSocket.emit (node:domain:489:12)
    at addChunk (node:internal/streams/readable:561:12)
    at readableAddChunkPushByteMode (node:internal/streams/readable:512:3)
2026-09-16 14:46:07 [[31merror[39m]: [NOTIFY] ❌ Failed to send email for event: TRANSACTION_COMPLETED Invalid login: 535 5.7.3 Authentication unsuccessful [DX0P273CA0071.AREP273.PROD.OUTLOOK.COM 2026-09-16T09:16:07.711Z 08DF134379538B69] 
Error: Invalid login: 535 5.7.3 Authentication unsuccessful [DX0P273CA0071.AREP273.PROD.OUTLOOK.COM 2026-09-16T09:16:07.711Z 08DF134379538B69]
    at SMTPConnection._formatError (C:\Users\Administrator.ROHAN-LAPTOP\Documents\GitHub\Bayanat-OCIBackend\node_modules\nodemailer\lib\smtp-connection\index.js:807:19)
    at SMTPConnection._actionAUTHComplete (C:\Users\Administrator.ROHAN-LAPTOP\Documents\GitHub\Bayanat-OCIBackend\node_modules\nodemailer\lib\smtp-connection\index.js:1586:34)
    at SMTPConnection.<anonymous> (C:\Users\Administrator.ROHAN-LAPTOP\Documents\GitHub\Bayanat-OCIBackend\node_modules\nodemailer\lib\smtp-connection\index.js:1540:18)
    at SMTPConnection._processResponse (C:\Users\Administrator.ROHAN-LAPTOP\Documents\GitHub\Bayanat-OCIBackend\node_modules\nodemailer\lib\smtp-connection\index.js:991:20)
    at SMTPConnection._onData (C:\Users\Administrator.ROHAN-LAPTOP\Documents\GitHub\Bayanat-OCIBackend\node_modules\nodemailer\lib\smtp-connection\index.js:772:14)
    at TLSSocket.SMTPConnection._onSocketData (C:\Users\Administrator.ROHAN-LAPTOP\Documents\GitHub\Bayanat-OCIBackend\node_modules\nodemailer\lib\smtp-connection\index.js:195:44)
    at TLSSocket.emit (node:events:519:28)
    at TLSSocket.emit (node:domain:489:12)
    at addChunk (node:internal/streams/readable:561:12)
    at readableAddChunkPushByteMode (node:internal/streams/readable:512:3)
2026-09-16 14:58:08 [[31merror[39m]: [NOTIFY] ❌ Failed to send email for event: TRANSACTION_COMPLETED Invalid login: 535 5.7.3 Authentication unsuccessful [DX0P273CA0035.AREP273.PROD.OUTLOOK.COM 2026-09-16T09:28:08.370Z 08DF13640241D6AA] 
Error: Invalid login: 535 5.7.3 Authentication unsuccessful [DX0P273CA0035.AREP273.PROD.OUTLOOK.COM 2026-09-16T09:28:08.370Z 08DF13640241D6AA]
    at SMTPConnection._formatError (C:\Users\Administrator.ROHAN-LAPTOP\Documents\GitHub\Bayanat-OCIBackend\node_modules\nodemailer\lib\smtp-connection\index.js:807:19)
    at SMTPConnection._actionAUTHComplete (C:\Users\Administrator.ROHAN-LAPTOP\Documents\GitHub\Bayanat-OCIBackend\node_modules\nodemailer\lib\smtp-connection\index.js:1586:34)
    at SMTPConnection.<anonymous> (C:\Users\Administrator.ROHAN-LAPTOP\Documents\GitHub\Bayanat-OCIBackend\node_modules\nodemailer\lib\smtp-connection\index.js:1540:18)
    at SMTPConnection._processResponse (C:\Users\Administrator.ROHAN-LAPTOP\Documents\GitHub\Bayanat-OCIBackend\node_modules\nodemailer\lib\smtp-connection\index.js:991:20)
    at SMTPConnection._onData (C:\Users\Administrator.ROHAN-LAPTOP\Documents\GitHub\Bayanat-OCIBackend\node_modules\nodemailer\lib\smtp-connection\index.js:772:14)
    at TLSSocket.SMTPConnection._onSocketData (C:\Users\Administrator.ROHAN-LAPTOP\Documents\GitHub\Bayanat-OCIBackend\node_modules\nodemailer\lib\smtp-connection\index.js:195:44)
    at TLSSocket.emit (node:events:519:28)
    at TLSSocket.emit (node:domain:489:12)
    at addChunk (node:internal/streams/readable:561:12)
    at readableAddChunkPushByteMode (node:internal/streams/readable:512:3)
2026-09-16 16:10:08 [[31merror[39m]: [NOTIFY] ❌ Failed to send email for event: TRANSACTION_COMPLETED Invalid login: 535 5.7.3 Authentication unsuccessful [DX1P273CA0003.AREP273.PROD.OUTLOOK.COM 2026-09-16T10:40:08.352Z 08DF138F340CE3FF] 
Error: Invalid login: 535 5.7.3 Authentication unsuccessful [DX1P273CA0003.AREP273.PROD.OUTLOOK.COM 2026-09-16T10:40:08.352Z 08DF138F340CE3FF]
    at SMTPConnection._formatError (C:\Users\Administrator.ROHAN-LAPTOP\Documents\GitHub\Bayanat-OCIBackend\node_modules\nodemailer\lib\smtp-connection\index.js:807:19)
    at SMTPConnection._actionAUTHComplete (C:\Users\Administrator.ROHAN-LAPTOP\Documents\GitHub\Bayanat-OCIBackend\node_modules\nodemailer\lib\smtp-connection\index.js:1586:34)
    at SMTPConnection.<anonymous> (C:\Users\Administrator.ROHAN-LAPTOP\Documents\GitHub\Bayanat-OCIBackend\node_modules\nodemailer\lib\smtp-connection\index.js:1540:18)
    at SMTPConnection._processResponse (C:\Users\Administrator.ROHAN-LAPTOP\Documents\GitHub\Bayanat-OCIBackend\node_modules\nodemailer\lib\smtp-connection\index.js:991:20)
    at SMTPConnection._onData (C:\Users\Administrator.ROHAN-LAPTOP\Documents\GitHub\Bayanat-OCIBackend\node_modules\nodemailer\lib\smtp-connection\index.js:772:14)
    at TLSSocket.SMTPConnection._onSocketData (C:\Users\Administrator.ROHAN-LAPTOP\Documents\GitHub\Bayanat-OCIBackend\node_modules\nodemailer\lib\smtp-connection\index.js:195:44)
    at TLSSocket.emit (node:events:519:28)
    at TLSSocket.emit (node:domain:489:12)
    at addChunk (node:internal/streams/readable:561:12)
    at readableAddChunkPushByteMode (node:internal/streams/readable:512:3)
2026-09-16 16:10:15 [[31merror[39m]: [NOTIFY] ❌ Failed to send email for event: TRANSACTION_COMPLETED Invalid login: 535 5.7.3 Authentication unsuccessful [DX0P273CA0037.AREP273.PROD.OUTLOOK.COM 2026-09-16T10:40:15.722Z 08DF1353BBF2DD18] 
Error: Invalid login: 535 5.7.3 Authentication unsuccessful [DX0P273CA0037.AREP273.PROD.OUTLOOK.COM 2026-09-16T10:40:15.722Z 08DF1353BBF2DD18]
    at SMTPConnection._formatError (C:\Users\Administrator.ROHAN-LAPTOP\Documents\GitHub\Bayanat-OCIBackend\node_modules\nodemailer\lib\smtp-connection\index.js:807:19)
    at SMTPConnection._actionAUTHComplete (C:\Users\Administrator.ROHAN-LAPTOP\Documents\GitHub\Bayanat-OCIBackend\node_modules\nodemailer\lib\smtp-connection\index.js:1586:34)
    at SMTPConnection.<anonymous> (C:\Users\Administrator.ROHAN-LAPTOP\Documents\GitHub\Bayanat-OCIBackend\node_modules\nodemailer\lib\smtp-connection\index.js:1540:18)
    at SMTPConnection._processResponse (C:\Users\Administrator.ROHAN-LAPTOP\Documents\GitHub\Bayanat-OCIBackend\node_modules\nodemailer\lib\smtp-connection\index.js:991:20)
    at SMTPConnection._onData (C:\Users\Administrator.ROHAN-LAPTOP\Documents\GitHub\Bayanat-OCIBackend\node_modules\nodemailer\lib\smtp-connection\index.js:772:14)
    at TLSSocket.SMTPConnection._onSocketData (C:\Users\Administrator.ROHAN-LAPTOP\Documents\GitHub\Bayanat-OCIBackend\node_modules\nodemailer\lib\smtp-connection\index.js:195:44)
    at TLSSocket.emit (node:events:519:28)
    at TLSSocket.emit (node:domain:489:12)
    at addChunk (node:internal/streams/readable:561:12)
    at readableAddChunkPushByteMode (node:internal/streams/readable:512:3)
2026-09-16 16:48:08 [[31merror[39m]: [NOTIFY] ❌ Failed to send email for event: TRANSACTION_COMPLETED Invalid login: 535 5.7.3 Authentication unsuccessful [DO2P289CA0001.QATP289.PROD.OUTLOOK.COM 2026-09-16T11:18:08.029Z 08DF13438B8C165C] 
Error: Invalid login: 535 5.7.3 Authentication unsuccessful [DO2P289CA0001.QATP289.PROD.OUTLOOK.COM 2026-09-16T11:18:08.029Z 08DF13438B8C165C]
    at SMTPConnection._formatError (C:\Users\Administrator.ROHAN-LAPTOP\Documents\GitHub\Bayanat-OCIBackend\node_modules\nodemailer\lib\smtp-connection\index.js:807:19)
    at SMTPConnection._actionAUTHComplete (C:\Users\Administrator.ROHAN-LAPTOP\Documents\GitHub\Bayanat-OCIBackend\node_modules\nodemailer\lib\smtp-connection\index.js:1586:34)
    at SMTPConnection.<anonymous> (C:\Users\Administrator.ROHAN-LAPTOP\Documents\GitHub\Bayanat-OCIBackend\node_modules\nodemailer\lib\smtp-connection\index.js:1540:18)
    at SMTPConnection._processResponse (C:\Users\Administrator.ROHAN-LAPTOP\Documents\GitHub\Bayanat-OCIBackend\node_modules\nodemailer\lib\smtp-connection\index.js:991:20)
    at SMTPConnection._onData (C:\Users\Administrator.ROHAN-LAPTOP\Documents\GitHub\Bayanat-OCIBackend\node_modules\nodemailer\lib\smtp-connection\index.js:772:14)
    at TLSSocket.SMTPConnection._onSocketData (C:\Users\Administrator.ROHAN-LAPTOP\Documents\GitHub\Bayanat-OCIBackend\node_modules\nodemailer\lib\smtp-connection\index.js:195:44)
    at TLSSocket.emit (node:events:519:28)
    at TLSSocket.emit (node:domain:489:12)
    at addChunk (node:internal/streams/readable:561:12)
    at readableAddChunkPushByteMode (node:internal/streams/readable:512:3)
2026-09-16 17:30:08 [[31merror[39m]: [NOTIFY] ❌ Failed to send email for event: TRANSACTION_COMPLETED Invalid login: 535 5.7.3 Authentication unsuccessful [DX1P273CA0026.AREP273.PROD.OUTLOOK.COM 2026-09-16T12:00:08.513Z 08DF13420E1C7833] 
Error: Invalid login: 535 5.7.3 Authentication unsuccessful [DX1P273CA0026.AREP273.PROD.OUTLOOK.COM 2026-09-16T12:00:08.513Z 08DF13420E1C7833]
    at SMTPConnection._formatError (C:\Users\Administrator.ROHAN-LAPTOP\Documents\GitHub\Bayanat-OCIBackend\node_modules\nodemailer\lib\smtp-connection\index.js:807:19)
    at SMTPConnection._actionAUTHComplete (C:\Users\Administrator.ROHAN-LAPTOP\Documents\GitHub\Bayanat-OCIBackend\node_modules\nodemailer\lib\smtp-connection\index.js:1586:34)
    at SMTPConnection.<anonymous> (C:\Users\Administrator.ROHAN-LAPTOP\Documents\GitHub\Bayanat-OCIBackend\node_modules\nodemailer\lib\smtp-connection\index.js:1540:18)
    at SMTPConnection._processResponse (C:\Users\Administrator.ROHAN-LAPTOP\Documents\GitHub\Bayanat-OCIBackend\node_modules\nodemailer\lib\smtp-connection\index.js:991:20)
    at SMTPConnection._onData (C:\Users\Administrator.ROHAN-LAPTOP\Documents\GitHub\Bayanat-OCIBackend\node_modules\nodemailer\lib\smtp-connection\index.js:772:14)
    at TLSSocket.SMTPConnection._onSocketData (C:\Users\Administrator.ROHAN-LAPTOP\Documents\GitHub\Bayanat-OCIBackend\node_modules\nodemailer\lib\smtp-connection\index.js:195:44)
    at TLSSocket.emit (node:events:519:28)
    at TLSSocket.emit (node:domain:489:12)
    at addChunk (node:internal/streams/readable:561:12)
    at readableAddChunkPushByteMode (node:internal/streams/readable:512:3)
2026-09-17 11:28:08 [[31merror[39m]: [NOTIFY] ❌ Failed to send email for event: TRANSACTION_COMPLETED Invalid login: 535 5.7.3 Authentication unsuccessful [DX0P273CA0088.AREP273.PROD.OUTLOOK.COM 2026-09-17T05:58:08.511Z 08DF146C41434AA7] 
Error: Invalid login: 535 5.7.3 Authentication unsuccessful [DX0P273CA0088.AREP273.PROD.OUTLOOK.COM 2026-09-17T05:58:08.511Z 08DF146C41434AA7]
    at SMTPConnection._formatError (C:\Users\Administrator.ROHAN-LAPTOP\Documents\GitHub\Bayanat-OCIBackend\node_modules\nodemailer\lib\smtp-connection\index.js:807:19)
    at SMTPConnection._actionAUTHComplete (C:\Users\Administrator.ROHAN-LAPTOP\Documents\GitHub\Bayanat-OCIBackend\node_modules\nodemailer\lib\smtp-connection\index.js:1586:34)
    at SMTPConnection.<anonymous> (C:\Users\Administrator.ROHAN-LAPTOP\Documents\GitHub\Bayanat-OCIBackend\node_modules\nodemailer\lib\smtp-connection\index.js:1540:18)
    at SMTPConnection._processResponse (C:\Users\Administrator.ROHAN-LAPTOP\Documents\GitHub\Bayanat-OCIBackend\node_modules\nodemailer\lib\smtp-connection\index.js:991:20)
    at SMTPConnection._onData (C:\Users\Administrator.ROHAN-LAPTOP\Documents\GitHub\Bayanat-OCIBackend\node_modules\nodemailer\lib\smtp-connection\index.js:772:14)
    at TLSSocket.SMTPConnection._onSocketData (C:\Users\Administrator.ROHAN-LAPTOP\Documents\GitHub\Bayanat-OCIBackend\node_modules\nodemailer\lib\smtp-connection\index.js:195:44)
    at TLSSocket.emit (node:events:519:28)
    at TLSSocket.emit (node:domain:489:12)
    at addChunk (node:internal/streams/readable:561:12)
    at readableAddChunkPushByteMode (node:internal/streams/readable:512:3)
2026-09-17 11:28:16 [[31merror[39m]: [NOTIFY] ❌ Failed to send email for event: TRANSACTION_COMPLETED Invalid login: 535 5.7.3 Authentication unsuccessful [DX0P273CA0093.AREP273.PROD.OUTLOOK.COM 2026-09-17T05:58:16.085Z 08DF14689DE0EAEE] 
Error: Invalid login: 535 5.7.3 Authentication unsuccessful [DX0P273CA0093.AREP273.PROD.OUTLOOK.COM 2026-09-17T05:58:16.085Z 08DF14689DE0EAEE]
    at SMTPConnection._formatError (C:\Users\Administrator.ROHAN-LAPTOP\Documents\GitHub\Bayanat-OCIBackend\node_modules\nodemailer\lib\smtp-connection\index.js:807:19)
    at SMTPConnection._actionAUTHComplete (C:\Users\Administrator.ROHAN-LAPTOP\Documents\GitHub\Bayanat-OCIBackend\node_modules\nodemailer\lib\smtp-connection\index.js:1586:34)
    at SMTPConnection.<anonymous> (C:\Users\Administrator.ROHAN-LAPTOP\Documents\GitHub\Bayanat-OCIBackend\node_modules\nodemailer\lib\smtp-connection\index.js:1540:18)
    at SMTPConnection._processResponse (C:\Users\Administrator.ROHAN-LAPTOP\Documents\GitHub\Bayanat-OCIBackend\node_modules\nodemailer\lib\smtp-connection\index.js:991:20)
    at SMTPConnection._onData (C:\Users\Administrator.ROHAN-LAPTOP\Documents\GitHub\Bayanat-OCIBackend\node_modules\nodemailer\lib\smtp-connection\index.js:772:14)
    at TLSSocket.SMTPConnection._onSocketData (C:\Users\Administrator.ROHAN-LAPTOP\Documents\GitHub\Bayanat-OCIBackend\node_modules\nodemailer\lib\smtp-connection\index.js:195:44)
    at TLSSocket.emit (node:events:519:28)
    at TLSSocket.emit (node:domain:489:12)
    at addChunk (node:internal/streams/readable:561:12)
    at readableAddChunkPushByteMode (node:internal/streams/readable:512:3)
2026-09-17 11:28:23 [[31merror[39m]: [NOTIFY] ❌ Failed to send email for event: TRANSACTION_COMPLETED Invalid login: 535 5.7.3 Authentication unsuccessful [DX1P273CA0010.AREP273.PROD.OUTLOOK.COM 2026-09-17T05:58:23.599Z 08DF1397BCF3883E] 
Error: Invalid login: 535 5.7.3 Authentication unsuccessful [DX1P273CA0010.AREP273.PROD.OUTLOOK.COM 2026-09-17T05:58:23.599Z 08DF1397BCF3883E]
    at SMTPConnection._formatError (C:\Users\Administrator.ROHAN-LAPTOP\Documents\GitHub\Bayanat-OCIBackend\node_modules\nodemailer\lib\smtp-connection\index.js:807:19)
    at SMTPConnection._actionAUTHComplete (C:\Users\Administrator.ROHAN-LAPTOP\Documents\GitHub\Bayanat-OCIBackend\node_modules\nodemailer\lib\smtp-connection\index.js:1586:34)
    at SMTPConnection.<anonymous> (C:\Users\Administrator.ROHAN-LAPTOP\Documents\GitHub\Bayanat-OCIBackend\node_modules\nodemailer\lib\smtp-connection\index.js:1540:18)
    at SMTPConnection._processResponse (C:\Users\Administrator.ROHAN-LAPTOP\Documents\GitHub\Bayanat-OCIBackend\node_modules\nodemailer\lib\smtp-connection\index.js:991:20)
    at SMTPConnection._onData (C:\Users\Administrator.ROHAN-LAPTOP\Documents\GitHub\Bayanat-OCIBackend\node_modules\nodemailer\lib\smtp-connection\index.js:772:14)
    at TLSSocket.SMTPConnection._onSocketData (C:\Users\Administrator.ROHAN-LAPTOP\Documents\GitHub\Bayanat-OCIBackend\node_modules\nodemailer\lib\smtp-connection\index.js:195:44)
    at TLSSocket.emit (node:events:519:28)
    at TLSSocket.emit (node:domain:489:12)
    at addChunk (node:internal/streams/readable:561:12)
    at readableAddChunkPushByteMode (node:internal/streams/readable:512:3)
2026-09-17 11:30:07 [[31merror[39m]: [NOTIFY] ❌ Failed to send email for event: TRANSACTION_COMPLETED Invalid login: 535 5.7.3 Authentication unsuccessful [DX0P273CA0088.AREP273.PROD.OUTLOOK.COM 2026-09-17T06:00:07.500Z 08DF146C41435044] 
Error: Invalid login: 535 5.7.3 Authentication unsuccessful [DX0P273CA0088.AREP273.PROD.OUTLOOK.COM 2026-09-17T06:00:07.500Z 08DF146C41435044]
    at SMTPConnection._formatError (C:\Users\Administrator.ROHAN-LAPTOP\Documents\GitHub\Bayanat-OCIBackend\node_modules\nodemailer\lib\smtp-connection\index.js:807:19)
    at SMTPConnection._actionAUTHComplete (C:\Users\Administrator.ROHAN-LAPTOP\Documents\GitHub\Bayanat-OCIBackend\node_modules\nodemailer\lib\smtp-connection\index.js:1586:34)
    at SMTPConnection.<anonymous> (C:\Users\Administrator.ROHAN-LAPTOP\Documents\GitHub\Bayanat-OCIBackend\node_modules\nodemailer\lib\smtp-connection\index.js:1540:18)
    at SMTPConnection._processResponse (C:\Users\Administrator.ROHAN-LAPTOP\Documents\GitHub\Bayanat-OCIBackend\node_modules\nodemailer\lib\smtp-connection\index.js:991:20)
    at SMTPConnection._onData (C:\Users\Administrator.ROHAN-LAPTOP\Documents\GitHub\Bayanat-OCIBackend\node_modules\nodemailer\lib\smtp-connection\index.js:772:14)
    at TLSSocket.SMTPConnection._onSocketData (C:\Users\Administrator.ROHAN-LAPTOP\Documents\GitHub\Bayanat-OCIBackend\node_modules\nodemailer\lib\smtp-connection\index.js:195:44)
    at TLSSocket.emit (node:events:519:28)
    at TLSSocket.emit (node:domain:489:12)
    at addChunk (node:internal/streams/readable:561:12)
    at readableAddChunkPushByteMode (node:internal/streams/readable:512:3)
2026-09-17 11:42:08 [[31merror[39m]: [NOTIFY] ❌ Failed to send email for event: TRANSACTION_COMPLETED Invalid login: 535 5.7.3 Authentication unsuccessful [DO3P289CA0008.QATP289.PROD.OUTLOOK.COM 2026-09-17T06:12:08.416Z 08DF14665426B4E5] 
Error: Invalid login: 535 5.7.3 Authentication unsuccessful [DO3P289CA0008.QATP289.PROD.OUTLOOK.COM 2026-09-17T06:12:08.416Z 08DF14665426B4E5]
    at SMTPConnection._formatError (C:\Users\Administrator.ROHAN-LAPTOP\Documents\GitHub\Bayanat-OCIBackend\node_modules\nodemailer\lib\smtp-connection\index.js:807:19)
    at SMTPConnection._actionAUTHComplete (C:\Users\Administrator.ROHAN-LAPTOP\Documents\GitHub\Bayanat-OCIBackend\node_modules\nodemailer\lib\smtp-connection\index.js:1586:34)
    at SMTPConnection.<anonymous> (C:\Users\Administrator.ROHAN-LAPTOP\Documents\GitHub\Bayanat-OCIBackend\node_modules\nodemailer\lib\smtp-connection\index.js:1540:18)
    at SMTPConnection._processResponse (C:\Users\Administrator.ROHAN-LAPTOP\Documents\GitHub\Bayanat-OCIBackend\node_modules\nodemailer\lib\smtp-connection\index.js:991:20)
    at SMTPConnection._onData (C:\Users\Administrator.ROHAN-LAPTOP\Documents\GitHub\Bayanat-OCIBackend\node_modules\nodemailer\lib\smtp-connection\index.js:772:14)
    at TLSSocket.SMTPConnection._onSocketData (C:\Users\Administrator.ROHAN-LAPTOP\Documents\GitHub\Bayanat-OCIBackend\node_modules\nodemailer\lib\smtp-connection\index.js:195:44)
    at TLSSocket.emit (node:events:519:28)
    at TLSSocket.emit (node:domain:489:12)
    at addChunk (node:internal/streams/readable:561:12)
    at readableAddChunkPushByteMode (node:internal/streams/readable:512:3)
2026-09-17 12:24:08 [[31merror[39m]: [NOTIFY] ❌ Failed to send email for event: TRANSACTION_COMPLETED Invalid login: 535 5.7.3 Authentication unsuccessful [DX0P273CA0066.AREP273.PROD.OUTLOOK.COM 2026-09-17T06:54:08.667Z 08DF1453EBA54739] 
Error: Invalid login: 535 5.7.3 Authentication unsuccessful [DX0P273CA0066.AREP273.PROD.OUTLOOK.COM 2026-09-17T06:54:08.667Z 08DF1453EBA54739]
    at SMTPConnection._formatError (C:\Users\Administrator.ROHAN-LAPTOP\Documents\GitHub\Bayanat-OCIBackend\node_modules\nodemailer\lib\smtp-connection\index.js:807:19)
    at SMTPConnection._actionAUTHComplete (C:\Users\Administrator.ROHAN-LAPTOP\Documents\GitHub\Bayanat-OCIBackend\node_modules\nodemailer\lib\smtp-connection\index.js:1586:34)
    at SMTPConnection.<anonymous> (C:\Users\Administrator.ROHAN-LAPTOP\Documents\GitHub\Bayanat-OCIBackend\node_modules\nodemailer\lib\smtp-connection\index.js:1540:18)
    at SMTPConnection._processResponse (C:\Users\Administrator.ROHAN-LAPTOP\Documents\GitHub\Bayanat-OCIBackend\node_modules\nodemailer\lib\smtp-connection\index.js:991:20)
    at SMTPConnection._onData (C:\Users\Administrator.ROHAN-LAPTOP\Documents\GitHub\Bayanat-OCIBackend\node_modules\nodemailer\lib\smtp-connection\index.js:772:14)
    at TLSSocket.SMTPConnection._onSocketData (C:\Users\Administrator.ROHAN-LAPTOP\Documents\GitHub\Bayanat-OCIBackend\node_modules\nodemailer\lib\smtp-connection\index.js:195:44)
    at TLSSocket.emit (node:events:519:28)
    at TLSSocket.emit (node:domain:489:12)
    at addChunk (node:internal/streams/readable:561:12)
    at readableAddChunkPushByteMode (node:internal/streams/readable:512:3)
2026-09-17 12:24:16 [[31merror[39m]: [NOTIFY] ❌ Failed to send email for event: TRANSACTION_COMPLETED Invalid login: 535 5.7.3 Authentication unsuccessful [DX0P273CA0018.AREP273.PROD.OUTLOOK.COM 2026-09-17T06:54:16.188Z 08DF1358DD9F39ED] 
Error: Invalid login: 535 5.7.3 Authentication unsuccessful [DX0P273CA0018.AREP273.PROD.OUTLOOK.COM 2026-09-17T06:54:16.188Z 08DF1358DD9F39ED]
    at SMTPConnection._formatError (C:\Users\Administrator.ROHAN-LAPTOP\Documents\GitHub\Bayanat-OCIBackend\node_modules\nodemailer\lib\smtp-connection\index.js:807:19)
    at SMTPConnection._actionAUTHComplete (C:\Users\Administrator.ROHAN-LAPTOP\Documents\GitHub\Bayanat-OCIBackend\node_modules\nodemailer\lib\smtp-connection\index.js:1586:34)
    at SMTPConnection.<anonymous> (C:\Users\Administrator.ROHAN-LAPTOP\Documents\GitHub\Bayanat-OCIBackend\node_modules\nodemailer\lib\smtp-connection\index.js:1540:18)
    at SMTPConnection._processResponse (C:\Users\Administrator.ROHAN-LAPTOP\Documents\GitHub\Bayanat-OCIBackend\node_modules\nodemailer\lib\smtp-connection\index.js:991:20)
    at SMTPConnection._onData (C:\Users\Administrator.ROHAN-LAPTOP\Documents\GitHub\Bayanat-OCIBackend\node_modules\nodemailer\lib\smtp-connection\index.js:772:14)
    at TLSSocket.SMTPConnection._onSocketData (C:\Users\Administrator.ROHAN-LAPTOP\Documents\GitHub\Bayanat-OCIBackend\node_modules\nodemailer\lib\smtp-connection\index.js:195:44)
    at TLSSocket.emit (node:events:519:28)
    at TLSSocket.emit (node:domain:489:12)
    at addChunk (node:internal/streams/readable:561:12)
    at readableAddChunkPushByteMode (node:internal/streams/readable:512:3)
2026-09-17 12:24:23 [[31merror[39m]: [NOTIFY] ❌ Failed to send email for event: TRANSACTION_COMPLETED Invalid login: 535 5.7.3 Authentication unsuccessful [DX1P273CA0002.AREP273.PROD.OUTLOOK.COM 2026-09-17T06:54:23.461Z 08DF134AC69EE32D] 
Error: Invalid login: 535 5.7.3 Authentication unsuccessful [DX1P273CA0002.AREP273.PROD.OUTLOOK.COM 2026-09-17T06:54:23.461Z 08DF134AC69EE32D]
    at SMTPConnection._formatError (C:\Users\Administrator.ROHAN-LAPTOP\Documents\GitHub\Bayanat-OCIBackend\node_modules\nodemailer\lib\smtp-connection\index.js:807:19)
    at SMTPConnection._actionAUTHComplete (C:\Users\Administrator.ROHAN-LAPTOP\Documents\GitHub\Bayanat-OCIBackend\node_modules\nodemailer\lib\smtp-connection\index.js:1586:34)
    at SMTPConnection.<anonymous> (C:\Users\Administrator.ROHAN-LAPTOP\Documents\GitHub\Bayanat-OCIBackend\node_modules\nodemailer\lib\smtp-connection\index.js:1540:18)
    at SMTPConnection._processResponse (C:\Users\Administrator.ROHAN-LAPTOP\Documents\GitHub\Bayanat-OCIBackend\node_modules\nodemailer\lib\smtp-connection\index.js:991:20)
    at SMTPConnection._onData (C:\Users\Administrator.ROHAN-LAPTOP\Documents\GitHub\Bayanat-OCIBackend\node_modules\nodemailer\lib\smtp-connection\index.js:772:14)
    at TLSSocket.SMTPConnection._onSocketData (C:\Users\Administrator.ROHAN-LAPTOP\Documents\GitHub\Bayanat-OCIBackend\node_modules\nodemailer\lib\smtp-connection\index.js:195:44)
    at TLSSocket.emit (node:events:519:28)
    at TLSSocket.emit (node:domain:489:12)
    at addChunk (node:internal/streams/readable:561:12)
    at readableAddChunkPushByteMode (node:internal/streams/readable:512:3)
2026-09-17 13:48:07 [[31merror[39m]: [NOTIFY] ❌ Failed to send email for event: TRANSACTION_COMPLETED Invalid login: 535 5.7.3 Authentication unsuccessful [DO2P289CA0014.QATP289.PROD.OUTLOOK.COM 2026-09-17T08:18:07.744Z 08DF134A8F720DB9] 
Error: Invalid login: 535 5.7.3 Authentication unsuccessful [DO2P289CA0014.QATP289.PROD.OUTLOOK.COM 2026-09-17T08:18:07.744Z 08DF134A8F720DB9]
    at SMTPConnection._formatError (C:\Users\Administrator.ROHAN-LAPTOP\Documents\GitHub\Bayanat-OCIBackend\node_modules\nodemailer\lib\smtp-connection\index.js:807:19)
    at SMTPConnection._actionAUTHComplete (C:\Users\Administrator.ROHAN-LAPTOP\Documents\GitHub\Bayanat-OCIBackend\node_modules\nodemailer\lib\smtp-connection\index.js:1586:34)
    at SMTPConnection.<anonymous> (C:\Users\Administrator.ROHAN-LAPTOP\Documents\GitHub\Bayanat-OCIBackend\node_modules\nodemailer\lib\smtp-connection\index.js:1540:18)
    at SMTPConnection._processResponse (C:\Users\Administrator.ROHAN-LAPTOP\Documents\GitHub\Bayanat-OCIBackend\node_modules\nodemailer\lib\smtp-connection\index.js:991:20)
    at SMTPConnection._onData (C:\Users\Administrator.ROHAN-LAPTOP\Documents\GitHub\Bayanat-OCIBackend\node_modules\nodemailer\lib\smtp-connection\index.js:772:14)
    at TLSSocket.SMTPConnection._onSocketData (C:\Users\Administrator.ROHAN-LAPTOP\Documents\GitHub\Bayanat-OCIBackend\node_modules\nodemailer\lib\smtp-connection\index.js:195:44)
    at TLSSocket.emit (node:events:519:28)
    at TLSSocket.emit (node:domain:489:12)
    at addChunk (node:internal/streams/readable:561:12)
    at readableAddChunkPushByteMode (node:internal/streams/readable:512:3)
2026-09-17 13:50:07 [[31merror[39m]: [NOTIFY] ❌ Failed to send email for event: TRANSACTION_COMPLETED Invalid login: 535 5.7.3 Authentication unsuccessful [DO0P289CA0006.QATP289.PROD.OUTLOOK.COM 2026-09-17T08:20:07.912Z 08DF145697F699C0] 
Error: Invalid login: 535 5.7.3 Authentication unsuccessful [DO0P289CA0006.QATP289.PROD.OUTLOOK.COM 2026-09-17T08:20:07.912Z 08DF145697F699C0]
    at SMTPConnection._formatError (C:\Users\Administrator.ROHAN-LAPTOP\Documents\GitHub\Bayanat-OCIBackend\node_modules\nodemailer\lib\smtp-connection\index.js:807:19)
    at SMTPConnection._actionAUTHComplete (C:\Users\Administrator.ROHAN-LAPTOP\Documents\GitHub\Bayanat-OCIBackend\node_modules\nodemailer\lib\smtp-connection\index.js:1586:34)
    at SMTPConnection.<anonymous> (C:\Users\Administrator.ROHAN-LAPTOP\Documents\GitHub\Bayanat-OCIBackend\node_modules\nodemailer\lib\smtp-connection\index.js:1540:18)
    at SMTPConnection._processResponse (C:\Users\Administrator.ROHAN-LAPTOP\Documents\GitHub\Bayanat-OCIBackend\node_modules\nodemailer\lib\smtp-connection\index.js:991:20)
    at SMTPConnection._onData (C:\Users\Administrator.ROHAN-LAPTOP\Documents\GitHub\Bayanat-OCIBackend\node_modules\nodemailer\lib\smtp-connection\index.js:772:14)
    at TLSSocket.SMTPConnection._onSocketData (C:\Users\Administrator.ROHAN-LAPTOP\Documents\GitHub\Bayanat-OCIBackend\node_modules\nodemailer\lib\smtp-connection\index.js:195:44)
    at TLSSocket.emit (node:events:519:28)
    at TLSSocket.emit (node:domain:489:12)
    at addChunk (node:internal/streams/readable:561:12)
    at readableAddChunkPushByteMode (node:internal/streams/readable:512:3)
2026-09-17 15:18:08 [[31merror[39m]: [NOTIFY] ❌ Failed to send email for event: TRANSACTION_COMPLETED Invalid login: 535 5.7.3 Authentication unsuccessful [DO3P289CA0013.QATP289.PROD.OUTLOOK.COM 2026-09-17T09:48:08.088Z 08DF136471AA7F81] 
Error: Invalid login: 535 5.7.3 Authentication unsuccessful [DO3P289CA0013.QATP289.PROD.OUTLOOK.COM 2026-09-17T09:48:08.088Z 08DF136471AA7F81]
    at SMTPConnection._formatError (C:\Users\Administrator.ROHAN-LAPTOP\Documents\GitHub\Bayanat-OCIBackend\node_modules\nodemailer\lib\smtp-connection\index.js:807:19)
    at SMTPConnection._actionAUTHComplete (C:\Users\Administrator.ROHAN-LAPTOP\Documents\GitHub\Bayanat-OCIBackend\node_modules\nodemailer\lib\smtp-connection\index.js:1586:34)
    at SMTPConnection.<anonymous> (C:\Users\Administrator.ROHAN-LAPTOP\Documents\GitHub\Bayanat-OCIBackend\node_modules\nodemailer\lib\smtp-connection\index.js:1540:18)
    at SMTPConnection._processResponse (C:\Users\Administrator.ROHAN-LAPTOP\Documents\GitHub\Bayanat-OCIBackend\node_modules\nodemailer\lib\smtp-connection\index.js:991:20)
    at SMTPConnection._onData (C:\Users\Administrator.ROHAN-LAPTOP\Documents\GitHub\Bayanat-OCIBackend\node_modules\nodemailer\lib\smtp-connection\index.js:772:14)
    at TLSSocket.SMTPConnection._onSocketData (C:\Users\Administrator.ROHAN-LAPTOP\Documents\GitHub\Bayanat-OCIBackend\node_modules\nodemailer\lib\smtp-connection\index.js:195:44)
    at TLSSocket.emit (node:events:519:28)
    at TLSSocket.emit (node:domain:489:12)
    at addChunk (node:internal/streams/readable:561:12)
    at readableAddChunkPushByteMode (node:internal/streams/readable:512:3)
2026-09-17 15:23:40 [[31merror[39m]: uncaughtException: ⨯ Unable to compile TypeScript:
[96msrc/routes/hr.routes.ts[0m:[93m88[0m:[93m3[0m - [91merror[0m[90m TS2304: [0mCannot find name 'insUpd'.

[7m88[0m   insUpd
[7m  [0m [91m  ~~~~~~[0m

TSError: ⨯ Unable to compile TypeScript:
[96msrc/routes/hr.routes.ts[0m:[93m88[0m:[93m3[0m - [91merror[0m[90m TS2304: [0mCannot find name 'insUpd'.

[7m88[0m   insUpd
[7m  [0m [91m  ~~~~~~[0m

    at createTSError (C:\Users\Administrator.ROHAN-LAPTOP\Documents\GitHub\Bayanat-OCIBackend\node_modules\ts-node\src\index.ts:859:12)
    at reportTSError (C:\Users\Administrator.ROHAN-LAPTOP\Documents\GitHub\Bayanat-OCIBackend\node_modules\ts-node\src\index.ts:863:19)
    at getOutput (C:\Users\Administrator.ROHAN-LAPTOP\Documents\GitHub\Bayanat-OCIBackend\node_modules\ts-node\src\index.ts:1077:36)
    at Object.compile (C:\Users\Administrator.ROHAN-LAPTOP\Documents\GitHub\Bayanat-OCIBackend\node_modules\ts-node\src\index.ts:1433:41)
    at Module.m._compile (C:\Users\Administrator.ROHAN-LAPTOP\Documents\GitHub\Bayanat-OCIBackend\node_modules\ts-node\src\index.ts:1617:30)
    at node:internal/modules/cjs/loader:1839:10
    at Object.require.extensions.<computed> [as .ts] (C:\Users\Administrator.ROHAN-LAPTOP\Documents\GitHub\Bayanat-OCIBackend\node_modules\ts-node\src\index.ts:1621:12)
    at Module.load (node:internal/modules/cjs/loader:1441:32)
    at Function._load (node:internal/modules/cjs/loader:1263:12)
    at TracingChannel.traceSync (node:diagnostics_channel:322:14) 
TSError: ⨯ Unable to compile TypeScript:
[96msrc/routes/hr.routes.ts[0m:[93m88[0m:[93m3[0m - [91merror[0m[90m TS2304: [0mCannot find name 'insUpd'.

[7m88[0m   insUpd
[7m  [0m [91m  ~~~~~~[0m

    at createTSError (C:\Users\Administrator.ROHAN-LAPTOP\Documents\GitHub\Bayanat-OCIBackend\node_modules\ts-node\src\index.ts:859:12)
    at reportTSError (C:\Users\Administrator.ROHAN-LAPTOP\Documents\GitHub\Bayanat-OCIBackend\node_modules\ts-node\src\index.ts:863:19)
    at getOutput (C:\Users\Administrator.ROHAN-LAPTOP\Documents\GitHub\Bayanat-OCIBackend\node_modules\ts-node\src\index.ts:1077:36)
    at Object.compile (C:\Users\Administrator.ROHAN-LAPTOP\Documents\GitHub\Bayanat-OCIBackend\node_modules\ts-node\src\index.ts:1433:41)
    at Module.m._compile (C:\Users\Administrator.ROHAN-LAPTOP\Documents\GitHub\Bayanat-OCIBackend\node_modules\ts-node\src\index.ts:1617:30)
    at node:internal/modules/cjs/loader:1839:10
    at Object.require.extensions.<computed> [as .ts] (C:\Users\Administrator.ROHAN-LAPTOP\Documents\GitHub\Bayanat-OCIBackend\node_modules\ts-node\src\index.ts:1621:12)
    at Module.load (node:internal/modules/cjs/loader:1441:32)
    at Function._load (node:internal/modules/cjs/loader:1263:12)
    at TracingChannel.traceSync (node:diagnostics_channel:322:14)
2026-09-21 16:25:47 [[31merror[39m]: uncaughtException: ⨯ Unable to compile TypeScript:
[96msrc/controllers/finance/accounts/transactions/financeDocumentReport.controller.ts[0m:[93m693[0m:[93m69[0m - [91merror[0m[90m TS2554: [0mExpected 3 arguments, but got 4.

[7m693[0m     res.send(renderHtml(data, docType, req.query.print !== "false", headerHtml));
[7m   [0m [91m                                                                    ~~~~~~~~~~[0m

TSError: ⨯ Unable to compile TypeScript:
[96msrc/controllers/finance/accounts/transactions/financeDocumentReport.controller.ts[0m:[93m693[0m:[93m69[0m - [91merror[0m[90m TS2554: [0mExpected 3 arguments, but got 4.

[7m693[0m     res.send(renderHtml(data, docType, req.query.print !== "false", headerHtml));
[7m   [0m [91m                                                                    ~~~~~~~~~~[0m

    at createTSError (C:\Users\Administrator.ROHAN-LAPTOP\Documents\GitHub\Bayanat-OCIBackend\node_modules\ts-node\src\index.ts:859:12)
    at reportTSError (C:\Users\Administrator.ROHAN-LAPTOP\Documents\GitHub\Bayanat-OCIBackend\node_modules\ts-node\src\index.ts:863:19)
    at getOutput (C:\Users\Administrator.ROHAN-LAPTOP\Documents\GitHub\Bayanat-OCIBackend\node_modules\ts-node\src\index.ts:1077:36)
    at Object.compile (C:\Users\Administrator.ROHAN-LAPTOP\Documents\GitHub\Bayanat-OCIBackend\node_modules\ts-node\src\index.ts:1433:41)
    at Module.m._compile (C:\Users\Administrator.ROHAN-LAPTOP\Documents\GitHub\Bayanat-OCIBackend\node_modules\ts-node\src\index.ts:1617:30)
    at node:internal/modules/cjs/loader:1839:10
    at Object.require.extensions.<computed> [as .ts] (C:\Users\Administrator.ROHAN-LAPTOP\Documents\GitHub\Bayanat-OCIBackend\node_modules\ts-node\src\index.ts:1621:12)
    at Module.load (node:internal/modules/cjs/loader:1441:32)
    at Function._load (node:internal/modules/cjs/loader:1263:12)
    at TracingChannel.traceSync (node:diagnostics_channel:322:14) 
TSError: ⨯ Unable to compile TypeScript:
[96msrc/controllers/finance/accounts/transactions/financeDocumentReport.controller.ts[0m:[93m693[0m:[93m69[0m - [91merror[0m[90m TS2554: [0mExpected 3 arguments, but got 4.

[7m693[0m     res.send(renderHtml(data, docType, req.query.print !== "false", headerHtml));
[7m   [0m [91m                                                                    ~~~~~~~~~~[0m

    at createTSError (C:\Users\Administrator.ROHAN-LAPTOP\Documents\GitHub\Bayanat-OCIBackend\node_modules\ts-node\src\index.ts:859:12)
    at reportTSError (C:\Users\Administrator.ROHAN-LAPTOP\Documents\GitHub\Bayanat-OCIBackend\node_modules\ts-node\src\index.ts:863:19)
    at getOutput (C:\Users\Administrator.ROHAN-LAPTOP\Documents\GitHub\Bayanat-OCIBackend\node_modules\ts-node\src\index.ts:1077:36)
    at Object.compile (C:\Users\Administrator.ROHAN-LAPTOP\Documents\GitHub\Bayanat-OCIBackend\node_modules\ts-node\src\index.ts:1433:41)
    at Module.m._compile (C:\Users\Administrator.ROHAN-LAPTOP\Documents\GitHub\Bayanat-OCIBackend\node_modules\ts-node\src\index.ts:1617:30)
    at node:internal/modules/cjs/loader:1839:10
    at Object.require.extensions.<computed> [as .ts] (C:\Users\Administrator.ROHAN-LAPTOP\Documents\GitHub\Bayanat-OCIBackend\node_modules\ts-node\src\index.ts:1621:12)
    at Module.load (node:internal/modules/cjs/loader:1441:32)
    at Function._load (node:internal/modules/cjs/loader:1263:12)
    at TracingChannel.traceSync (node:diagnostics_channel:322:14)
2026-09-21 16:34:36 [[31merror[39m]: uncaughtException: ⨯ Unable to compile TypeScript:
[96msrc/controllers/common/report_common.ts[0m:[93m2[0m:[93m27[0m - [91merror[0m[90m TS2307: [0mCannot find module '../../../../database/TenantManager' or its corresponding type declarations.

[7m2[0m import TenantManager from "../../../../database/TenantManager";
[7m [0m [91m                          ~~~~~~~~~~~~~~~~~~~~~~~~~~~~~~~~~~~~[0m
[96msrc/controllers/common/report_common.ts[0m:[93m3[0m:[93m36[0m - [91merror[0m[90m TS2307: [0mCannot find module '../../../../middleware/tenantContext.middleware' or its corresponding type declarations.

[7m3[0m import { getCurrentTenantId } from "../../../../middleware/tenantContext.middleware";
[7m [0m [91m                                   ~~~~~~~~~~~~~~~~~~~~~~~~~~~~~~~~~~~~~~~~~~~~~~~~~[0m
[96msrc/controllers/common/report_common.ts[0m:[93m4[0m:[93m33[0m - [91merror[0m[90m TS2307: [0mCannot find module '../../../../interfaces/common.interface' or its corresponding type declarations.

[7m4[0m import { RequestWithUser } from "../../../../interfaces/common.interface";
[7m [0m [91m                                ~~~~~~~~~~~~~~~~~~~~~~~~~~~~~~~~~~~~~~~~~[0m

TSError: ⨯ Unable to compile TypeScript:
[96msrc/controllers/common/report_common.ts[0m:[93m2[0m:[93m27[0m - [91merror[0m[90m TS2307: [0mCannot find module '../../../../database/TenantManager' or its corresponding type declarations.

[7m2[0m import TenantManager from "../../../../database/TenantManager";
[7m [0m [91m                          ~~~~~~~~~~~~~~~~~~~~~~~~~~~~~~~~~~~~[0m
[96msrc/controllers/common/report_common.ts[0m:[93m3[0m:[93m36[0m - [91merror[0m[90m TS2307: [0mCannot find module '../../../../middleware/tenantContext.middleware' or its corresponding type declarations.

[7m3[0m import { getCurrentTenantId } from "../../../../middleware/tenantContext.middleware";
[7m [0m [91m                                   ~~~~~~~~~~~~~~~~~~~~~~~~~~~~~~~~~~~~~~~~~~~~~~~~~[0m
[96msrc/controllers/common/report_common.ts[0m:[93m4[0m:[93m33[0m - [91merror[0m[90m TS2307: [0mCannot find module '../../../../interfaces/common.interface' or its corresponding type declarations.

[7m4[0m import { RequestWithUser } from "../../../../interfaces/common.interface";
[7m [0m [91m                                ~~~~~~~~~~~~~~~~~~~~~~~~~~~~~~~~~~~~~~~~~[0m

    at createTSError (C:\Users\Administrator.ROHAN-LAPTOP\Documents\GitHub\Bayanat-OCIBackend\node_modules\ts-node\src\index.ts:859:12)
    at reportTSError (C:\Users\Administrator.ROHAN-LAPTOP\Documents\GitHub\Bayanat-OCIBackend\node_modules\ts-node\src\index.ts:863:19)
    at getOutput (C:\Users\Administrator.ROHAN-LAPTOP\Documents\GitHub\Bayanat-OCIBackend\node_modules\ts-node\src\index.ts:1077:36)
    at Object.compile (C:\Users\Administrator.ROHAN-LAPTOP\Documents\GitHub\Bayanat-OCIBackend\node_modules\ts-node\src\index.ts:1433:41)
    at Module.m._compile (C:\Users\Administrator.ROHAN-LAPTOP\Documents\GitHub\Bayanat-OCIBackend\node_modules\ts-node\src\index.ts:1617:30)
    at node:internal/modules/cjs/loader:1839:10
    at Object.require.extensions.<computed> [as .ts] (C:\Users\Administrator.ROHAN-LAPTOP\Documents\GitHub\Bayanat-OCIBackend\node_modules\ts-node\src\index.ts:1621:12)
    at Module.load (node:internal/modules/cjs/loader:1441:32)
    at Function._load (node:internal/modules/cjs/loader:1263:12)
    at TracingChannel.traceSync (node:diagnostics_channel:322:14) 
TSError: ⨯ Unable to compile TypeScript:
[96msrc/controllers/common/report_common.ts[0m:[93m2[0m:[93m27[0m - [91merror[0m[90m TS2307: [0mCannot find module '../../../../database/TenantManager' or its corresponding type declarations.

[7m2[0m import TenantManager from "../../../../database/TenantManager";
[7m [0m [91m                          ~~~~~~~~~~~~~~~~~~~~~~~~~~~~~~~~~~~~[0m
[96msrc/controllers/common/report_common.ts[0m:[93m3[0m:[93m36[0m - [91merror[0m[90m TS2307: [0mCannot find module '../../../../middleware/tenantContext.middleware' or its corresponding type declarations.

[7m3[0m import { getCurrentTenantId } from "../../../../middleware/tenantContext.middleware";
[7m [0m [91m                                   ~~~~~~~~~~~~~~~~~~~~~~~~~~~~~~~~~~~~~~~~~~~~~~~~~[0m
[96msrc/controllers/common/report_common.ts[0m:[93m4[0m:[93m33[0m - [91merror[0m[90m TS2307: [0mCannot find module '../../../../interfaces/common.interface' or its corresponding type declarations.

[7m4[0m import { RequestWithUser } from "../../../../interfaces/common.interface";
[7m [0m [91m                                ~~~~~~~~~~~~~~~~~~~~~~~~~~~~~~~~~~~~~~~~~[0m

    at createTSError (C:\Users\Administrator.ROHAN-LAPTOP\Documents\GitHub\Bayanat-OCIBackend\node_modules\ts-node\src\index.ts:859:12)
    at reportTSError (C:\Users\Administrator.ROHAN-LAPTOP\Documents\GitHub\Bayanat-OCIBackend\node_modules\ts-node\src\index.ts:863:19)
    at getOutput (C:\Users\Administrator.ROHAN-LAPTOP\Documents\GitHub\Bayanat-OCIBackend\node_modules\ts-node\src\index.ts:1077:36)
    at Object.compile (C:\Users\Administrator.ROHAN-LAPTOP\Documents\GitHub\Bayanat-OCIBackend\node_modules\ts-node\src\index.ts:1433:41)
    at Module.m._compile (C:\Users\Administrator.ROHAN-LAPTOP\Documents\GitHub\Bayanat-OCIBackend\node_modules\ts-node\src\index.ts:1617:30)
    at node:internal/modules/cjs/loader:1839:10
    at Object.require.extensions.<computed> [as .ts] (C:\Users\Administrator.ROHAN-LAPTOP\Documents\GitHub\Bayanat-OCIBackend\node_modules\ts-node\src\index.ts:1621:12)
    at Module.load (node:internal/modules/cjs/loader:1441:32)
    at Function._load (node:internal/modules/cjs/loader:1263:12)
    at TracingChannel.traceSync (node:diagnostics_channel:322:14)
2026-09-21 16:35:07 [[31merror[39m]: uncaughtException: ⨯ Unable to compile TypeScript:
[96msrc/controllers/common/report_common.ts[0m:[93m2[0m:[93m27[0m - [91merror[0m[90m TS2307: [0mCannot find module '../../../../database/TenantManager' or its corresponding type declarations.

[7m2[0m import TenantManager from "../../../../database/TenantManager";
[7m [0m [91m                          ~~~~~~~~~~~~~~~~~~~~~~~~~~~~~~~~~~~~[0m
[96msrc/controllers/common/report_common.ts[0m:[93m3[0m:[93m36[0m - [91merror[0m[90m TS2307: [0mCannot find module '../../../../middleware/tenantContext.middleware' or its corresponding type declarations.

[7m3[0m import { getCurrentTenantId } from "../../../../middleware/tenantContext.middleware";
[7m [0m [91m                                   ~~~~~~~~~~~~~~~~~~~~~~~~~~~~~~~~~~~~~~~~~~~~~~~~~[0m
[96msrc/controllers/common/report_common.ts[0m:[93m4[0m:[93m33[0m - [91merror[0m[90m TS2307: [0mCannot find module '../../../../interfaces/common.interface' or its corresponding type declarations.

[7m4[0m import { RequestWithUser } from "../../../../interfaces/common.interface";
[7m [0m [91m                                ~~~~~~~~~~~~~~~~~~~~~~~~~~~~~~~~~~~~~~~~~[0m

TSError: ⨯ Unable to compile TypeScript:
[96msrc/controllers/common/report_common.ts[0m:[93m2[0m:[93m27[0m - [91merror[0m[90m TS2307: [0mCannot find module '../../../../database/TenantManager' or its corresponding type declarations.

[7m2[0m import TenantManager from "../../../../database/TenantManager";
[7m [0m [91m                          ~~~~~~~~~~~~~~~~~~~~~~~~~~~~~~~~~~~~[0m
[96msrc/controllers/common/report_common.ts[0m:[93m3[0m:[93m36[0m - [91merror[0m[90m TS2307: [0mCannot find module '../../../../middleware/tenantContext.middleware' or its corresponding type declarations.

[7m3[0m import { getCurrentTenantId } from "../../../../middleware/tenantContext.middleware";
[7m [0m [91m                                   ~~~~~~~~~~~~~~~~~~~~~~~~~~~~~~~~~~~~~~~~~~~~~~~~~[0m
[96msrc/controllers/common/report_common.ts[0m:[93m4[0m:[93m33[0m - [91merror[0m[90m TS2307: [0mCannot find module '../../../../interfaces/common.interface' or its corresponding type declarations.

[7m4[0m import { RequestWithUser } from "../../../../interfaces/common.interface";
[7m [0m [91m                                ~~~~~~~~~~~~~~~~~~~~~~~~~~~~~~~~~~~~~~~~~[0m

    at createTSError (C:\Users\Administrator.ROHAN-LAPTOP\Documents\GitHub\Bayanat-OCIBackend\node_modules\ts-node\src\index.ts:859:12)
    at reportTSError (C:\Users\Administrator.ROHAN-LAPTOP\Documents\GitHub\Bayanat-OCIBackend\node_modules\ts-node\src\index.ts:863:19)
    at getOutput (C:\Users\Administrator.ROHAN-LAPTOP\Documents\GitHub\Bayanat-OCIBackend\node_modules\ts-node\src\index.ts:1077:36)
    at Object.compile (C:\Users\Administrator.ROHAN-LAPTOP\Documents\GitHub\Bayanat-OCIBackend\node_modules\ts-node\src\index.ts:1433:41)
    at Module.m._compile (C:\Users\Administrator.ROHAN-LAPTOP\Documents\GitHub\Bayanat-OCIBackend\node_modules\ts-node\src\index.ts:1617:30)
    at node:internal/modules/cjs/loader:1839:10
    at Object.require.extensions.<computed> [as .ts] (C:\Users\Administrator.ROHAN-LAPTOP\Documents\GitHub\Bayanat-OCIBackend\node_modules\ts-node\src\index.ts:1621:12)
    at Module.load (node:internal/modules/cjs/loader:1441:32)
    at Function._load (node:internal/modules/cjs/loader:1263:12)
    at TracingChannel.traceSync (node:diagnostics_channel:322:14) 
TSError: ⨯ Unable to compile TypeScript:
[96msrc/controllers/common/report_common.ts[0m:[93m2[0m:[93m27[0m - [91merror[0m[90m TS2307: [0mCannot find module '../../../../database/TenantManager' or its corresponding type declarations.

[7m2[0m import TenantManager from "../../../../database/TenantManager";
[7m [0m [91m                          ~~~~~~~~~~~~~~~~~~~~~~~~~~~~~~~~~~~~[0m
[96msrc/controllers/common/report_common.ts[0m:[93m3[0m:[93m36[0m - [91merror[0m[90m TS2307: [0mCannot find module '../../../../middleware/tenantContext.middleware' or its corresponding type declarations.

[7m3[0m import { getCurrentTenantId } from "../../../../middleware/tenantContext.middleware";
[7m [0m [91m                                   ~~~~~~~~~~~~~~~~~~~~~~~~~~~~~~~~~~~~~~~~~~~~~~~~~[0m
[96msrc/controllers/common/report_common.ts[0m:[93m4[0m:[93m33[0m - [91merror[0m[90m TS2307: [0mCannot find module '../../../../interfaces/common.interface' or its corresponding type declarations.

[7m4[0m import { RequestWithUser } from "../../../../interfaces/common.interface";
[7m [0m [91m                                ~~~~~~~~~~~~~~~~~~~~~~~~~~~~~~~~~~~~~~~~~[0m

    at createTSError (C:\Users\Administrator.ROHAN-LAPTOP\Documents\GitHub\Bayanat-OCIBackend\node_modules\ts-node\src\index.ts:859:12)
    at reportTSError (C:\Users\Administrator.ROHAN-LAPTOP\Documents\GitHub\Bayanat-OCIBackend\node_modules\ts-node\src\index.ts:863:19)
    at getOutput (C:\Users\Administrator.ROHAN-LAPTOP\Documents\GitHub\Bayanat-OCIBackend\node_modules\ts-node\src\index.ts:1077:36)
    at Object.compile (C:\Users\Administrator.ROHAN-LAPTOP\Documents\GitHub\Bayanat-OCIBackend\node_modules\ts-node\src\index.ts:1433:41)
    at Module.m._compile (C:\Users\Administrator.ROHAN-LAPTOP\Documents\GitHub\Bayanat-OCIBackend\node_modules\ts-node\src\index.ts:1617:30)
    at node:internal/modules/cjs/loader:1839:10
    at Object.require.extensions.<computed> [as .ts] (C:\Users\Administrator.ROHAN-LAPTOP\Documents\GitHub\Bayanat-OCIBackend\node_modules\ts-node\src\index.ts:1621:12)
    at Module.load (node:internal/modules/cjs/loader:1441:32)
    at Function._load (node:internal/modules/cjs/loader:1263:12)
    at TracingChannel.traceSync (node:diagnostics_channel:322:14)
2026-09-21 16:42:35 [[31merror[39m]: uncaughtException: ⨯ Unable to compile TypeScript:
[96msrc/controllers/finance/accounts/transactions/financeDocumentReport.controller.ts[0m:[93m242[0m:[93m27[0m - [91merror[0m[90m TS2304: [0mCannot find name 'REPORT_FONT_FAMILY'.

[7m242[0m     body { font-family: ${REPORT_FONT_FAMILY}; }
[7m   [0m [91m                          ~~~~~~~~~~~~~~~~~~[0m

TSError: ⨯ Unable to compile TypeScript:
[96msrc/controllers/finance/accounts/transactions/financeDocumentReport.controller.ts[0m:[93m242[0m:[93m27[0m - [91merror[0m[90m TS2304: [0mCannot find name 'REPORT_FONT_FAMILY'.

[7m242[0m     body { font-family: ${REPORT_FONT_FAMILY}; }
[7m   [0m [91m                          ~~~~~~~~~~~~~~~~~~[0m

    at createTSError (C:\Users\Administrator.ROHAN-LAPTOP\Documents\GitHub\Bayanat-OCIBackend\node_modules\ts-node\src\index.ts:859:12)
    at reportTSError (C:\Users\Administrator.ROHAN-LAPTOP\Documents\GitHub\Bayanat-OCIBackend\node_modules\ts-node\src\index.ts:863:19)
    at getOutput (C:\Users\Administrator.ROHAN-LAPTOP\Documents\GitHub\Bayanat-OCIBackend\node_modules\ts-node\src\index.ts:1077:36)
    at Object.compile (C:\Users\Administrator.ROHAN-LAPTOP\Documents\GitHub\Bayanat-OCIBackend\node_modules\ts-node\src\index.ts:1433:41)
    at Module.m._compile (C:\Users\Administrator.ROHAN-LAPTOP\Documents\GitHub\Bayanat-OCIBackend\node_modules\ts-node\src\index.ts:1617:30)
    at node:internal/modules/cjs/loader:1839:10
    at Object.require.extensions.<computed> [as .ts] (C:\Users\Administrator.ROHAN-LAPTOP\Documents\GitHub\Bayanat-OCIBackend\node_modules\ts-node\src\index.ts:1621:12)
    at Module.load (node:internal/modules/cjs/loader:1441:32)
    at Function._load (node:internal/modules/cjs/loader:1263:12)
    at TracingChannel.traceSync (node:diagnostics_channel:322:14) 
TSError: ⨯ Unable to compile TypeScript:
[96msrc/controllers/finance/accounts/transactions/financeDocumentReport.controller.ts[0m:[93m242[0m:[93m27[0m - [91merror[0m[90m TS2304: [0mCannot find name 'REPORT_FONT_FAMILY'.

[7m242[0m     body { font-family: ${REPORT_FONT_FAMILY}; }
[7m   [0m [91m                          ~~~~~~~~~~~~~~~~~~[0m

    at createTSError (C:\Users\Administrator.ROHAN-LAPTOP\Documents\GitHub\Bayanat-OCIBackend\node_modules\ts-node\src\index.ts:859:12)
    at reportTSError (C:\Users\Administrator.ROHAN-LAPTOP\Documents\GitHub\Bayanat-OCIBackend\node_modules\ts-node\src\index.ts:863:19)
    at getOutput (C:\Users\Administrator.ROHAN-LAPTOP\Documents\GitHub\Bayanat-OCIBackend\node_modules\ts-node\src\index.ts:1077:36)
    at Object.compile (C:\Users\Administrator.ROHAN-LAPTOP\Documents\GitHub\Bayanat-OCIBackend\node_modules\ts-node\src\index.ts:1433:41)
    at Module.m._compile (C:\Users\Administrator.ROHAN-LAPTOP\Documents\GitHub\Bayanat-OCIBackend\node_modules\ts-node\src\index.ts:1617:30)
    at node:internal/modules/cjs/loader:1839:10
    at Object.require.extensions.<computed> [as .ts] (C:\Users\Administrator.ROHAN-LAPTOP\Documents\GitHub\Bayanat-OCIBackend\node_modules\ts-node\src\index.ts:1621:12)
    at Module.load (node:internal/modules/cjs/loader:1441:32)
    at Function._load (node:internal/modules/cjs/loader:1263:12)
    at TracingChannel.traceSync (node:diagnostics_channel:322:14)
2026-09-21 16:53:10 [[31merror[39m]: uncaughtException: ⨯ Unable to compile TypeScript:
[96msrc/controllers/finance/accounts/transactions/financeDocumentReport.controller.ts[0m:[93m10[0m:[93m29[0m - [91merror[0m[90m TS2305: [0mModule '"../../../common/report_common"' has no exported member 'REPORT_FONT_FAMILY'.

[7m10[0m import { COMMON_REPORT_CSS, REPORT_FONT_FAMILY, REPORT_HEADER_CSS, reportHeader } from "../../../common/report_common";
[7m  [0m [91m                            ~~~~~~~~~~~~~~~~~~[0m

TSError: ⨯ Unable to compile TypeScript:
[96msrc/controllers/finance/accounts/transactions/financeDocumentReport.controller.ts[0m:[93m10[0m:[93m29[0m - [91merror[0m[90m TS2305: [0mModule '"../../../common/report_common"' has no exported member 'REPORT_FONT_FAMILY'.

[7m10[0m import { COMMON_REPORT_CSS, REPORT_FONT_FAMILY, REPORT_HEADER_CSS, reportHeader } from "../../../common/report_common";
[7m  [0m [91m                            ~~~~~~~~~~~~~~~~~~[0m

    at createTSError (C:\Users\Administrator.ROHAN-LAPTOP\Documents\GitHub\Bayanat-OCIBackend\node_modules\ts-node\src\index.ts:859:12)
    at reportTSError (C:\Users\Administrator.ROHAN-LAPTOP\Documents\GitHub\Bayanat-OCIBackend\node_modules\ts-node\src\index.ts:863:19)
    at getOutput (C:\Users\Administrator.ROHAN-LAPTOP\Documents\GitHub\Bayanat-OCIBackend\node_modules\ts-node\src\index.ts:1077:36)
    at Object.compile (C:\Users\Administrator.ROHAN-LAPTOP\Documents\GitHub\Bayanat-OCIBackend\node_modules\ts-node\src\index.ts:1433:41)
    at Module.m._compile (C:\Users\Administrator.ROHAN-LAPTOP\Documents\GitHub\Bayanat-OCIBackend\node_modules\ts-node\src\index.ts:1617:30)
    at node:internal/modules/cjs/loader:1839:10
    at Object.require.extensions.<computed> [as .ts] (C:\Users\Administrator.ROHAN-LAPTOP\Documents\GitHub\Bayanat-OCIBackend\node_modules\ts-node\src\index.ts:1621:12)
    at Module.load (node:internal/modules/cjs/loader:1441:32)
    at Function._load (node:internal/modules/cjs/loader:1263:12)
    at TracingChannel.traceSync (node:diagnostics_channel:322:14) 
TSError: ⨯ Unable to compile TypeScript:
[96msrc/controllers/finance/accounts/transactions/financeDocumentReport.controller.ts[0m:[93m10[0m:[93m29[0m - [91merror[0m[90m TS2305: [0mModule '"../../../common/report_common"' has no exported member 'REPORT_FONT_FAMILY'.

[7m10[0m import { COMMON_REPORT_CSS, REPORT_FONT_FAMILY, REPORT_HEADER_CSS, reportHeader } from "../../../common/report_common";
[7m  [0m [91m                            ~~~~~~~~~~~~~~~~~~[0m

    at createTSError (C:\Users\Administrator.ROHAN-LAPTOP\Documents\GitHub\Bayanat-OCIBackend\node_modules\ts-node\src\index.ts:859:12)
    at reportTSError (C:\Users\Administrator.ROHAN-LAPTOP\Documents\GitHub\Bayanat-OCIBackend\node_modules\ts-node\src\index.ts:863:19)
    at getOutput (C:\Users\Administrator.ROHAN-LAPTOP\Documents\GitHub\Bayanat-OCIBackend\node_modules\ts-node\src\index.ts:1077:36)
    at Object.compile (C:\Users\Administrator.ROHAN-LAPTOP\Documents\GitHub\Bayanat-OCIBackend\node_modules\ts-node\src\index.ts:1433:41)
    at Module.m._compile (C:\Users\Administrator.ROHAN-LAPTOP\Documents\GitHub\Bayanat-OCIBackend\node_modules\ts-node\src\index.ts:1617:30)
    at node:internal/modules/cjs/loader:1839:10
    at Object.require.extensions.<computed> [as .ts] (C:\Users\Administrator.ROHAN-LAPTOP\Documents\GitHub\Bayanat-OCIBackend\node_modules\ts-node\src\index.ts:1621:12)
    at Module.load (node:internal/modules/cjs/loader:1441:32)
    at Function._load (node:internal/modules/cjs/loader:1263:12)
    at TracingChannel.traceSync (node:diagnostics_channel:322:14)
2026-09-21 16:57:12 [[31merror[39m]: uncaughtException: ⨯ Unable to compile TypeScript:
[96msrc/controllers/finance/accounts/transactions/financeDocumentReport.controller.ts[0m:[93m703[0m:[93m14[0m - [91merror[0m[90m TS2552: [0mCannot find name 'renderHtml'. Did you mean 'headerHtml'?

[7m703[0m     res.send(renderHtml(data, docType, req.query.print !== "false", headerHtml));
[7m   [0m [91m             ~~~~~~~~~~[0m

  [96msrc/controllers/finance/accounts/transactions/financeDocumentReport.controller.ts[0m:[93m700[0m:[93m11[0m
    [7m700[0m     const headerHtml = await reportHeader({ company_code: companyCode, req });
    [7m   [0m [96m          ~~~~~~~~~~[0m
    'headerHtml' is declared here.

TSError: ⨯ Unable to compile TypeScript:
[96msrc/controllers/finance/accounts/transactions/financeDocumentReport.controller.ts[0m:[93m703[0m:[93m14[0m - [91merror[0m[90m TS2552: [0mCannot find name 'renderHtml'. Did you mean 'headerHtml'?

[7m703[0m     res.send(renderHtml(data, docType, req.query.print !== "false", headerHtml));
[7m   [0m [91m             ~~~~~~~~~~[0m

  [96msrc/controllers/finance/accounts/transactions/financeDocumentReport.controller.ts[0m:[93m700[0m:[93m11[0m
    [7m700[0m     const headerHtml = await reportHeader({ company_code: companyCode, req });
    [7m   [0m [96m          ~~~~~~~~~~[0m
    'headerHtml' is declared here.

    at createTSError (C:\Users\Administrator.ROHAN-LAPTOP\Documents\GitHub\Bayanat-OCIBackend\node_modules\ts-node\src\index.ts:859:12)
    at reportTSError (C:\Users\Administrator.ROHAN-LAPTOP\Documents\GitHub\Bayanat-OCIBackend\node_modules\ts-node\src\index.ts:863:19)
    at getOutput (C:\Users\Administrator.ROHAN-LAPTOP\Documents\GitHub\Bayanat-OCIBackend\node_modules\ts-node\src\index.ts:1077:36)
    at Object.compile (C:\Users\Administrator.ROHAN-LAPTOP\Documents\GitHub\Bayanat-OCIBackend\node_modules\ts-node\src\index.ts:1433:41)
    at Module.m._compile (C:\Users\Administrator.ROHAN-LAPTOP\Documents\GitHub\Bayanat-OCIBackend\node_modules\ts-node\src\index.ts:1617:30)
    at node:internal/modules/cjs/loader:1839:10
    at Object.require.extensions.<computed> [as .ts] (C:\Users\Administrator.ROHAN-LAPTOP\Documents\GitHub\Bayanat-OCIBackend\node_modules\ts-node\src\index.ts:1621:12)
    at Module.load (node:internal/modules/cjs/loader:1441:32)
    at Function._load (node:internal/modules/cjs/loader:1263:12)
    at TracingChannel.traceSync (node:diagnostics_channel:322:14) 
TSError: ⨯ Unable to compile TypeScript:
[96msrc/controllers/finance/accounts/transactions/financeDocumentReport.controller.ts[0m:[93m703[0m:[93m14[0m - [91merror[0m[90m TS2552: [0mCannot find name 'renderHtml'. Did you mean 'headerHtml'?

[7m703[0m     res.send(renderHtml(data, docType, req.query.print !== "false", headerHtml));
[7m   [0m [91m             ~~~~~~~~~~[0m

  [96msrc/controllers/finance/accounts/transactions/financeDocumentReport.controller.ts[0m:[93m700[0m:[93m11[0m
    [7m700[0m     const headerHtml = await reportHeader({ company_code: companyCode, req });
    [7m   [0m [96m          ~~~~~~~~~~[0m
    'headerHtml' is declared here.

    at createTSError (C:\Users\Administrator.ROHAN-LAPTOP\Documents\GitHub\Bayanat-OCIBackend\node_modules\ts-node\src\index.ts:859:12)
    at reportTSError (C:\Users\Administrator.ROHAN-LAPTOP\Documents\GitHub\Bayanat-OCIBackend\node_modules\ts-node\src\index.ts:863:19)
    at getOutput (C:\Users\Administrator.ROHAN-LAPTOP\Documents\GitHub\Bayanat-OCIBackend\node_modules\ts-node\src\index.ts:1077:36)
    at Object.compile (C:\Users\Administrator.ROHAN-LAPTOP\Documents\GitHub\Bayanat-OCIBackend\node_modules\ts-node\src\index.ts:1433:41)
    at Module.m._compile (C:\Users\Administrator.ROHAN-LAPTOP\Documents\GitHub\Bayanat-OCIBackend\node_modules\ts-node\src\index.ts:1617:30)
    at node:internal/modules/cjs/loader:1839:10
    at Object.require.extensions.<computed> [as .ts] (C:\Users\Administrator.ROHAN-LAPTOP\Documents\GitHub\Bayanat-OCIBackend\node_modules\ts-node\src\index.ts:1621:12)
    at Module.load (node:internal/modules/cjs/loader:1441:32)
    at Function._load (node:internal/modules/cjs/loader:1263:12)
    at TracingChannel.traceSync (node:diagnostics_channel:322:14)
2026-09-21 16:58:10 [[31merror[39m]: uncaughtException: ⨯ Unable to compile TypeScript:
[96msrc/controllers/finance/accounts/transactions/financeDocumentReport.controller.ts[0m:[93m705[0m:[93m14[0m - [91merror[0m[90m TS2552: [0mCannot find name 'renderHtml'. Did you mean 'headerHtml'?

[7m705[0m     res.send(renderHtml(data, docType, req.query.print !== "false", headerHtml));
[7m   [0m [91m             ~~~~~~~~~~[0m

  [96msrc/controllers/finance/accounts/transactions/financeDocumentReport.controller.ts[0m:[93m702[0m:[93m11[0m
    [7m702[0m     const headerHtml = await reportHeader({ company_code: companyCode, req });
    [7m   [0m [96m          ~~~~~~~~~~[0m
    'headerHtml' is declared here.

TSError: ⨯ Unable to compile TypeScript:
[96msrc/controllers/finance/accounts/transactions/financeDocumentReport.controller.ts[0m:[93m705[0m:[93m14[0m - [91merror[0m[90m TS2552: [0mCannot find name 'renderHtml'. Did you mean 'headerHtml'?

[7m705[0m     res.send(renderHtml(data, docType, req.query.print !== "false", headerHtml));
[7m   [0m [91m             ~~~~~~~~~~[0m

  [96msrc/controllers/finance/accounts/transactions/financeDocumentReport.controller.ts[0m:[93m702[0m:[93m11[0m
    [7m702[0m     const headerHtml = await reportHeader({ company_code: companyCode, req });
    [7m   [0m [96m          ~~~~~~~~~~[0m
    'headerHtml' is declared here.

    at createTSError (C:\Users\Administrator.ROHAN-LAPTOP\Documents\GitHub\Bayanat-OCIBackend\node_modules\ts-node\src\index.ts:859:12)
    at reportTSError (C:\Users\Administrator.ROHAN-LAPTOP\Documents\GitHub\Bayanat-OCIBackend\node_modules\ts-node\src\index.ts:863:19)
    at getOutput (C:\Users\Administrator.ROHAN-LAPTOP\Documents\GitHub\Bayanat-OCIBackend\node_modules\ts-node\src\index.ts:1077:36)
    at Object.compile (C:\Users\Administrator.ROHAN-LAPTOP\Documents\GitHub\Bayanat-OCIBackend\node_modules\ts-node\src\index.ts:1433:41)
    at Module.m._compile (C:\Users\Administrator.ROHAN-LAPTOP\Documents\GitHub\Bayanat-OCIBackend\node_modules\ts-node\src\index.ts:1617:30)
    at node:internal/modules/cjs/loader:1839:10
    at Object.require.extensions.<computed> [as .ts] (C:\Users\Administrator.ROHAN-LAPTOP\Documents\GitHub\Bayanat-OCIBackend\node_modules\ts-node\src\index.ts:1621:12)
    at Module.load (node:internal/modules/cjs/loader:1441:32)
    at Function._load (node:internal/modules/cjs/loader:1263:12)
    at TracingChannel.traceSync (node:diagnostics_channel:322:14) 
TSError: ⨯ Unable to compile TypeScript:
[96msrc/controllers/finance/accounts/transactions/financeDocumentReport.controller.ts[0m:[93m705[0m:[93m14[0m - [91merror[0m[90m TS2552: [0mCannot find name 'renderHtml'. Did you mean 'headerHtml'?

[7m705[0m     res.send(renderHtml(data, docType, req.query.print !== "false", headerHtml));
[7m   [0m [91m             ~~~~~~~~~~[0m

  [96msrc/controllers/finance/accounts/transactions/financeDocumentReport.controller.ts[0m:[93m702[0m:[93m11[0m
    [7m702[0m     const headerHtml = await reportHeader({ company_code: companyCode, req });
    [7m   [0m [96m          ~~~~~~~~~~[0m
    'headerHtml' is declared here.

    at createTSError (C:\Users\Administrator.ROHAN-LAPTOP\Documents\GitHub\Bayanat-OCIBackend\node_modules\ts-node\src\index.ts:859:12)
    at reportTSError (C:\Users\Administrator.ROHAN-LAPTOP\Documents\GitHub\Bayanat-OCIBackend\node_modules\ts-node\src\index.ts:863:19)
    at getOutput (C:\Users\Administrator.ROHAN-LAPTOP\Documents\GitHub\Bayanat-OCIBackend\node_modules\ts-node\src\index.ts:1077:36)
    at Object.compile (C:\Users\Administrator.ROHAN-LAPTOP\Documents\GitHub\Bayanat-OCIBackend\node_modules\ts-node\src\index.ts:1433:41)
    at Module.m._compile (C:\Users\Administrator.ROHAN-LAPTOP\Documents\GitHub\Bayanat-OCIBackend\node_modules\ts-node\src\index.ts:1617:30)
    at node:internal/modules/cjs/loader:1839:10
    at Object.require.extensions.<computed> [as .ts] (C:\Users\Administrator.ROHAN-LAPTOP\Documents\GitHub\Bayanat-OCIBackend\node_modules\ts-node\src\index.ts:1621:12)
    at Module.load (node:internal/modules/cjs/loader:1441:32)
    at Function._load (node:internal/modules/cjs/loader:1263:12)
    at TracingChannel.traceSync (node:diagnostics_channel:322:14)
2026-09-21 17:32:10 [[31merror[39m]: uncaughtException: ⨯ Unable to compile TypeScript:
[96msrc/interfaces/Purchaseflow_Al/Purchase_sale_Reports/PurchaseOrderReport.ts[0m:[93m780[0m:[93m14[0m - [91merror[0m[90m TS2304: [0mCannot find name 'renderHtml'.

[7m780[0m     res.send(renderHtml(rows, params.loginid));
[7m   [0m [91m             ~~~~~~~~~~[0m

TSError: ⨯ Unable to compile TypeScript:
[96msrc/interfaces/Purchaseflow_Al/Purchase_sale_Reports/PurchaseOrderReport.ts[0m:[93m780[0m:[93m14[0m - [91merror[0m[90m TS2304: [0mCannot find name 'renderHtml'.

[7m780[0m     res.send(renderHtml(rows, params.loginid));
[7m   [0m [91m             ~~~~~~~~~~[0m

    at createTSError (C:\Users\Administrator.ROHAN-LAPTOP\Documents\GitHub\Bayanat-OCIBackend\node_modules\ts-node\src\index.ts:859:12)
    at reportTSError (C:\Users\Administrator.ROHAN-LAPTOP\Documents\GitHub\Bayanat-OCIBackend\node_modules\ts-node\src\index.ts:863:19)
    at getOutput (C:\Users\Administrator.ROHAN-LAPTOP\Documents\GitHub\Bayanat-OCIBackend\node_modules\ts-node\src\index.ts:1077:36)
    at Object.compile (C:\Users\Administrator.ROHAN-LAPTOP\Documents\GitHub\Bayanat-OCIBackend\node_modules\ts-node\src\index.ts:1433:41)
    at Module.m._compile (C:\Users\Administrator.ROHAN-LAPTOP\Documents\GitHub\Bayanat-OCIBackend\node_modules\ts-node\src\index.ts:1617:30)
    at node:internal/modules/cjs/loader:1839:10
    at Object.require.extensions.<computed> [as .ts] (C:\Users\Administrator.ROHAN-LAPTOP\Documents\GitHub\Bayanat-OCIBackend\node_modules\ts-node\src\index.ts:1621:12)
    at Module.load (node:internal/modules/cjs/loader:1441:32)
    at Function._load (node:internal/modules/cjs/loader:1263:12)
    at TracingChannel.traceSync (node:diagnostics_channel:322:14) 
TSError: ⨯ Unable to compile TypeScript:
[96msrc/interfaces/Purchaseflow_Al/Purchase_sale_Reports/PurchaseOrderReport.ts[0m:[93m780[0m:[93m14[0m - [91merror[0m[90m TS2304: [0mCannot find name 'renderHtml'.

[7m780[0m     res.send(renderHtml(rows, params.loginid));
[7m   [0m [91m             ~~~~~~~~~~[0m

    at createTSError (C:\Users\Administrator.ROHAN-LAPTOP\Documents\GitHub\Bayanat-OCIBackend\node_modules\ts-node\src\index.ts:859:12)
    at reportTSError (C:\Users\Administrator.ROHAN-LAPTOP\Documents\GitHub\Bayanat-OCIBackend\node_modules\ts-node\src\index.ts:863:19)
    at getOutput (C:\Users\Administrator.ROHAN-LAPTOP\Documents\GitHub\Bayanat-OCIBackend\node_modules\ts-node\src\index.ts:1077:36)
    at Object.compile (C:\Users\Administrator.ROHAN-LAPTOP\Documents\GitHub\Bayanat-OCIBackend\node_modules\ts-node\src\index.ts:1433:41)
    at Module.m._compile (C:\Users\Administrator.ROHAN-LAPTOP\Documents\GitHub\Bayanat-OCIBackend\node_modules\ts-node\src\index.ts:1617:30)
    at node:internal/modules/cjs/loader:1839:10
    at Object.require.extensions.<computed> [as .ts] (C:\Users\Administrator.ROHAN-LAPTOP\Documents\GitHub\Bayanat-OCIBackend\node_modules\ts-node\src\index.ts:1621:12)
    at Module.load (node:internal/modules/cjs/loader:1441:32)
    at Function._load (node:internal/modules/cjs/loader:1263:12)
    at TracingChannel.traceSync (node:diagnostics_channel:322:14)
2026-09-22 11:24:08 [[31merror[39m]: [NOTIFY] ❌ Failed to send email for event: TRANSACTION_COMPLETED Invalid login: 535 5.7.3 Authentication unsuccessful [AUXP273CA0055.AREP273.PROD.OUTLOOK.COM 2026-09-22T05:54:07.116Z 08DF170032ADB85F] 
Error: Invalid login: 535 5.7.3 Authentication unsuccessful [AUXP273CA0055.AREP273.PROD.OUTLOOK.COM 2026-09-22T05:54:07.116Z 08DF170032ADB85F]
    at SMTPConnection._formatError (C:\Users\Administrator.ROHAN-LAPTOP\Documents\GitHub\Bayanat-OCIBackend\node_modules\nodemailer\lib\smtp-connection\index.js:807:19)
    at SMTPConnection._actionAUTHComplete (C:\Users\Administrator.ROHAN-LAPTOP\Documents\GitHub\Bayanat-OCIBackend\node_modules\nodemailer\lib\smtp-connection\index.js:1586:34)
    at SMTPConnection.<anonymous> (C:\Users\Administrator.ROHAN-LAPTOP\Documents\GitHub\Bayanat-OCIBackend\node_modules\nodemailer\lib\smtp-connection\index.js:1540:18)
    at SMTPConnection._processResponse (C:\Users\Administrator.ROHAN-LAPTOP\Documents\GitHub\Bayanat-OCIBackend\node_modules\nodemailer\lib\smtp-connection\index.js:991:20)
    at SMTPConnection._onData (C:\Users\Administrator.ROHAN-LAPTOP\Documents\GitHub\Bayanat-OCIBackend\node_modules\nodemailer\lib\smtp-connection\index.js:772:14)
    at TLSSocket.SMTPConnection._onSocketData (C:\Users\Administrator.ROHAN-LAPTOP\Documents\GitHub\Bayanat-OCIBackend\node_modules\nodemailer\lib\smtp-connection\index.js:195:44)
    at TLSSocket.emit (node:events:519:28)
    at TLSSocket.emit (node:domain:489:12)
    at addChunk (node:internal/streams/readable:561:12)
    at readableAddChunkPushByteMode (node:internal/streams/readable:512:3)
2026-09-22 11:31:20 [[31merror[39m]: uncaughtException: ⨯ Unable to compile TypeScript:
[96msrc/controllers/common/report_common.ts[0m:[93m31[0m:[93m1[0m - [91merror[0m[90m TS2304: [0mCannot find name 'd'.

[7m31[0m d
[7m  [0m [91m~[0m
[96msrc/controllers/common/report_common.ts[0m:[93m260[0m:[93m18[0m - [91merror[0m[90m TS2304: [0mCannot find name 'getConn'.

[7m260[0m     conn = await getConn(req);
[7m   [0m [91m                 ~~~~~~~[0m
[96msrc/controllers/common/report_common.ts[0m:[93m261[0m:[93m26[0m - [91merror[0m[90m TS18048: [0m'conn' is possibly 'undefined'.

[7m261[0m     const result = await conn.execute(
[7m   [0m [91m                         ~~~~[0m
[96msrc/controllers/common/report_common.ts[0m:[93m305[0m:[93m11[0m - [91merror[0m[90m TS2304: [0mCannot find name 'closeConn'.

[7m305[0m     await closeConn(conn);
[7m   [0m [91m          ~~~~~~~~~[0m

TSError: ⨯ Unable to compile TypeScript:
[96msrc/controllers/common/report_common.ts[0m:[93m31[0m:[93m1[0m - [91merror[0m[90m TS2304: [0mCannot find name 'd'.

[7m31[0m d
[7m  [0m [91m~[0m
[96msrc/controllers/common/report_common.ts[0m:[93m260[0m:[93m18[0m - [91merror[0m[90m TS2304: [0mCannot find name 'getConn'.

[7m260[0m     conn = await getConn(req);
[7m   [0m [91m                 ~~~~~~~[0m
[96msrc/controllers/common/report_common.ts[0m:[93m261[0m:[93m26[0m - [91merror[0m[90m TS18048: [0m'conn' is possibly 'undefined'.

[7m261[0m     const result = await conn.execute(
[7m   [0m [91m                         ~~~~[0m
[96msrc/controllers/common/report_common.ts[0m:[93m305[0m:[93m11[0m - [91merror[0m[90m TS2304: [0mCannot find name 'closeConn'.

[7m305[0m     await closeConn(conn);
[7m   [0m [91m          ~~~~~~~~~[0m

    at createTSError (C:\Users\Administrator.ROHAN-LAPTOP\Documents\GitHub\Bayanat-OCIBackend\node_modules\ts-node\src\index.ts:859:12)
    at reportTSError (C:\Users\Administrator.ROHAN-LAPTOP\Documents\GitHub\Bayanat-OCIBackend\node_modules\ts-node\src\index.ts:863:19)
    at getOutput (C:\Users\Administrator.ROHAN-LAPTOP\Documents\GitHub\Bayanat-OCIBackend\node_modules\ts-node\src\index.ts:1077:36)
    at Object.compile (C:\Users\Administrator.ROHAN-LAPTOP\Documents\GitHub\Bayanat-OCIBackend\node_modules\ts-node\src\index.ts:1433:41)
    at Module.m._compile (C:\Users\Administrator.ROHAN-LAPTOP\Documents\GitHub\Bayanat-OCIBackend\node_modules\ts-node\src\index.ts:1617:30)
    at node:internal/modules/cjs/loader:1839:10
    at Object.require.extensions.<computed> [as .ts] (C:\Users\Administrator.ROHAN-LAPTOP\Documents\GitHub\Bayanat-OCIBackend\node_modules\ts-node\src\index.ts:1621:12)
    at Module.load (node:internal/modules/cjs/loader:1441:32)
    at Function._load (node:internal/modules/cjs/loader:1263:12)
    at TracingChannel.traceSync (node:diagnostics_channel:322:14) 
TSError: ⨯ Unable to compile TypeScript:
[96msrc/controllers/common/report_common.ts[0m:[93m31[0m:[93m1[0m - [91merror[0m[90m TS2304: [0mCannot find name 'd'.

[7m31[0m d
[7m  [0m [91m~[0m
[96msrc/controllers/common/report_common.ts[0m:[93m260[0m:[93m18[0m - [91merror[0m[90m TS2304: [0mCannot find name 'getConn'.

[7m260[0m     conn = await getConn(req);
[7m   [0m [91m                 ~~~~~~~[0m
[96msrc/controllers/common/report_common.ts[0m:[93m261[0m:[93m26[0m - [91merror[0m[90m TS18048: [0m'conn' is possibly 'undefined'.

[7m261[0m     const result = await conn.execute(
[7m   [0m [91m                         ~~~~[0m
[96msrc/controllers/common/report_common.ts[0m:[93m305[0m:[93m11[0m - [91merror[0m[90m TS2304: [0mCannot find name 'closeConn'.

[7m305[0m     await closeConn(conn);
[7m   [0m [91m          ~~~~~~~~~[0m

    at createTSError (C:\Users\Administrator.ROHAN-LAPTOP\Documents\GitHub\Bayanat-OCIBackend\node_modules\ts-node\src\index.ts:859:12)
    at reportTSError (C:\Users\Administrator.ROHAN-LAPTOP\Documents\GitHub\Bayanat-OCIBackend\node_modules\ts-node\src\index.ts:863:19)
    at getOutput (C:\Users\Administrator.ROHAN-LAPTOP\Documents\GitHub\Bayanat-OCIBackend\node_modules\ts-node\src\index.ts:1077:36)
    at Object.compile (C:\Users\Administrator.ROHAN-LAPTOP\Documents\GitHub\Bayanat-OCIBackend\node_modules\ts-node\src\index.ts:1433:41)
    at Module.m._compile (C:\Users\Administrator.ROHAN-LAPTOP\Documents\GitHub\Bayanat-OCIBackend\node_modules\ts-node\src\index.ts:1617:30)
    at node:internal/modules/cjs/loader:1839:10
    at Object.require.extensions.<computed> [as .ts] (C:\Users\Administrator.ROHAN-LAPTOP\Documents\GitHub\Bayanat-OCIBackend\node_modules\ts-node\src\index.ts:1621:12)
    at Module.load (node:internal/modules/cjs/loader:1441:32)
    at Function._load (node:internal/modules/cjs/loader:1263:12)
    at TracingChannel.traceSync (node:diagnostics_channel:322:14)
2026-09-22 11:31:44 [[31merror[39m]: uncaughtException: ⨯ Unable to compile TypeScript:
[96msrc/controllers/common/report_common.ts[0m:[93m32[0m:[93m1[0m - [91merror[0m[90m TS2304: [0mCannot find name 'd'.

[7m32[0m d
[7m  [0m [91m~[0m

TSError: ⨯ Unable to compile TypeScript:
[96msrc/controllers/common/report_common.ts[0m:[93m32[0m:[93m1[0m - [91merror[0m[90m TS2304: [0mCannot find name 'd'.

[7m32[0m d
[7m  [0m [91m~[0m

    at createTSError (C:\Users\Administrator.ROHAN-LAPTOP\Documents\GitHub\Bayanat-OCIBackend\node_modules\ts-node\src\index.ts:859:12)
    at reportTSError (C:\Users\Administrator.ROHAN-LAPTOP\Documents\GitHub\Bayanat-OCIBackend\node_modules\ts-node\src\index.ts:863:19)
    at getOutput (C:\Users\Administrator.ROHAN-LAPTOP\Documents\GitHub\Bayanat-OCIBackend\node_modules\ts-node\src\index.ts:1077:36)
    at Object.compile (C:\Users\Administrator.ROHAN-LAPTOP\Documents\GitHub\Bayanat-OCIBackend\node_modules\ts-node\src\index.ts:1433:41)
    at Module.m._compile (C:\Users\Administrator.ROHAN-LAPTOP\Documents\GitHub\Bayanat-OCIBackend\node_modules\ts-node\src\index.ts:1617:30)
    at node:internal/modules/cjs/loader:1839:10
    at Object.require.extensions.<computed> [as .ts] (C:\Users\Administrator.ROHAN-LAPTOP\Documents\GitHub\Bayanat-OCIBackend\node_modules\ts-node\src\index.ts:1621:12)
    at Module.load (node:internal/modules/cjs/loader:1441:32)
    at Function._load (node:internal/modules/cjs/loader:1263:12)
    at TracingChannel.traceSync (node:diagnostics_channel:322:14) 
TSError: ⨯ Unable to compile TypeScript:
[96msrc/controllers/common/report_common.ts[0m:[93m32[0m:[93m1[0m - [91merror[0m[90m TS2304: [0mCannot find name 'd'.

[7m32[0m d
[7m  [0m [91m~[0m

    at createTSError (C:\Users\Administrator.ROHAN-LAPTOP\Documents\GitHub\Bayanat-OCIBackend\node_modules\ts-node\src\index.ts:859:12)
    at reportTSError (C:\Users\Administrator.ROHAN-LAPTOP\Documents\GitHub\Bayanat-OCIBackend\node_modules\ts-node\src\index.ts:863:19)
    at getOutput (C:\Users\Administrator.ROHAN-LAPTOP\Documents\GitHub\Bayanat-OCIBackend\node_modules\ts-node\src\index.ts:1077:36)
    at Object.compile (C:\Users\Administrator.ROHAN-LAPTOP\Documents\GitHub\Bayanat-OCIBackend\node_modules\ts-node\src\index.ts:1433:41)
    at Module.m._compile (C:\Users\Administrator.ROHAN-LAPTOP\Documents\GitHub\Bayanat-OCIBackend\node_modules\ts-node\src\index.ts:1617:30)
    at node:internal/modules/cjs/loader:1839:10
    at Object.require.extensions.<computed> [as .ts] (C:\Users\Administrator.ROHAN-LAPTOP\Documents\GitHub\Bayanat-OCIBackend\node_modules\ts-node\src\index.ts:1621:12)
    at Module.load (node:internal/modules/cjs/loader:1441:32)
    at Function._load (node:internal/modules/cjs/loader:1263:12)
    at TracingChannel.traceSync (node:diagnostics_channel:322:14)
2026-09-22 11:32:00 [[31merror[39m]: uncaughtException: ⨯ Unable to compile TypeScript:
[96msrc/controllers/common/report_common.ts[0m:[93m30[0m:[93m1[0m - [91merror[0m[90m TS2304: [0mCannot find name 'd'.

[7m30[0m d
[7m  [0m [91m~[0m

TSError: ⨯ Unable to compile TypeScript:
[96msrc/controllers/common/report_common.ts[0m:[93m30[0m:[93m1[0m - [91merror[0m[90m TS2304: [0mCannot find name 'd'.

[7m30[0m d
[7m  [0m [91m~[0m

    at createTSError (C:\Users\Administrator.ROHAN-LAPTOP\Documents\GitHub\Bayanat-OCIBackend\node_modules\ts-node\src\index.ts:859:12)
    at reportTSError (C:\Users\Administrator.ROHAN-LAPTOP\Documents\GitHub\Bayanat-OCIBackend\node_modules\ts-node\src\index.ts:863:19)
    at getOutput (C:\Users\Administrator.ROHAN-LAPTOP\Documents\GitHub\Bayanat-OCIBackend\node_modules\ts-node\src\index.ts:1077:36)
    at Object.compile (C:\Users\Administrator.ROHAN-LAPTOP\Documents\GitHub\Bayanat-OCIBackend\node_modules\ts-node\src\index.ts:1433:41)
    at Module.m._compile (C:\Users\Administrator.ROHAN-LAPTOP\Documents\GitHub\Bayanat-OCIBackend\node_modules\ts-node\src\index.ts:1617:30)
    at node:internal/modules/cjs/loader:1839:10
    at Object.require.extensions.<computed> [as .ts] (C:\Users\Administrator.ROHAN-LAPTOP\Documents\GitHub\Bayanat-OCIBackend\node_modules\ts-node\src\index.ts:1621:12)
    at Module.load (node:internal/modules/cjs/loader:1441:32)
    at Function._load (node:internal/modules/cjs/loader:1263:12)
    at TracingChannel.traceSync (node:diagnostics_channel:322:14) 
TSError: ⨯ Unable to compile TypeScript:
[96msrc/controllers/common/report_common.ts[0m:[93m30[0m:[93m1[0m - [91merror[0m[90m TS2304: [0mCannot find name 'd'.

[7m30[0m d
[7m  [0m [91m~[0m

    at createTSError (C:\Users\Administrator.ROHAN-LAPTOP\Documents\GitHub\Bayanat-OCIBackend\node_modules\ts-node\src\index.ts:859:12)
    at reportTSError (C:\Users\Administrator.ROHAN-LAPTOP\Documents\GitHub\Bayanat-OCIBackend\node_modules\ts-node\src\index.ts:863:19)
    at getOutput (C:\Users\Administrator.ROHAN-LAPTOP\Documents\GitHub\Bayanat-OCIBackend\node_modules\ts-node\src\index.ts:1077:36)
    at Object.compile (C:\Users\Administrator.ROHAN-LAPTOP\Documents\GitHub\Bayanat-OCIBackend\node_modules\ts-node\src\index.ts:1433:41)
    at Module.m._compile (C:\Users\Administrator.ROHAN-LAPTOP\Documents\GitHub\Bayanat-OCIBackend\node_modules\ts-node\src\index.ts:1617:30)
    at node:internal/modules/cjs/loader:1839:10
    at Object.require.extensions.<computed> [as .ts] (C:\Users\Administrator.ROHAN-LAPTOP\Documents\GitHub\Bayanat-OCIBackend\node_modules\ts-node\src\index.ts:1621:12)
    at Module.load (node:internal/modules/cjs/loader:1441:32)
    at Function._load (node:internal/modules/cjs/loader:1263:12)
    at TracingChannel.traceSync (node:diagnostics_channel:322:14)
2026-09-22 11:34:10 [[31merror[39m]: [NOTIFY] ❌ Failed to send email for event: TRANSACTION_COMPLETED Invalid login: 535 5.7.3 Authentication unsuccessful [DX0P273CA0008.AREP273.PROD.OUTLOOK.COM 2026-09-22T06:04:10.230Z 08DF16FA9E272F89] 
Error: Invalid login: 535 5.7.3 Authentication unsuccessful [DX0P273CA0008.AREP273.PROD.OUTLOOK.COM 2026-09-22T06:04:10.230Z 08DF16FA9E272F89]
    at SMTPConnection._formatError (C:\Users\Administrator.ROHAN-LAPTOP\Documents\GitHub\Bayanat-OCIBackend\node_modules\nodemailer\lib\smtp-connection\index.js:807:19)
    at SMTPConnection._actionAUTHComplete (C:\Users\Administrator.ROHAN-LAPTOP\Documents\GitHub\Bayanat-OCIBackend\node_modules\nodemailer\lib\smtp-connection\index.js:1586:34)
    at SMTPConnection.<anonymous> (C:\Users\Administrator.ROHAN-LAPTOP\Documents\GitHub\Bayanat-OCIBackend\node_modules\nodemailer\lib\smtp-connection\index.js:1540:18)
    at SMTPConnection._processResponse (C:\Users\Administrator.ROHAN-LAPTOP\Documents\GitHub\Bayanat-OCIBackend\node_modules\nodemailer\lib\smtp-connection\index.js:991:20)
    at SMTPConnection._onData (C:\Users\Administrator.ROHAN-LAPTOP\Documents\GitHub\Bayanat-OCIBackend\node_modules\nodemailer\lib\smtp-connection\index.js:772:14)
    at TLSSocket.SMTPConnection._onSocketData (C:\Users\Administrator.ROHAN-LAPTOP\Documents\GitHub\Bayanat-OCIBackend\node_modules\nodemailer\lib\smtp-connection\index.js:195:44)
    at TLSSocket.emit (node:events:519:28)
    at TLSSocket.emit (node:domain:489:12)
    at addChunk (node:internal/streams/readable:561:12)
    at readableAddChunkPushByteMode (node:internal/streams/readable:512:3)
2026-09-22 11:42:07 [[31merror[39m]: [NOTIFY] ❌ Failed to send email for event: TRANSACTION_COMPLETED Invalid login: 535 5.7.3 Authentication unsuccessful [DO2P289CA0012.QATP289.PROD.OUTLOOK.COM 2026-09-22T06:12:07.645Z 08DF183A62BB200A] 
Error: Invalid login: 535 5.7.3 Authentication unsuccessful [DO2P289CA0012.QATP289.PROD.OUTLOOK.COM 2026-09-22T06:12:07.645Z 08DF183A62BB200A]
    at SMTPConnection._formatError (C:\Users\Administrator.ROHAN-LAPTOP\Documents\GitHub\Bayanat-OCIBackend\node_modules\nodemailer\lib\smtp-connection\index.js:807:19)
    at SMTPConnection._actionAUTHComplete (C:\Users\Administrator.ROHAN-LAPTOP\Documents\GitHub\Bayanat-OCIBackend\node_modules\nodemailer\lib\smtp-connection\index.js:1586:34)
    at SMTPConnection.<anonymous> (C:\Users\Administrator.ROHAN-LAPTOP\Documents\GitHub\Bayanat-OCIBackend\node_modules\nodemailer\lib\smtp-connection\index.js:1540:18)
    at SMTPConnection._processResponse (C:\Users\Administrator.ROHAN-LAPTOP\Documents\GitHub\Bayanat-OCIBackend\node_modules\nodemailer\lib\smtp-connection\index.js:991:20)
    at SMTPConnection._onData (C:\Users\Administrator.ROHAN-LAPTOP\Documents\GitHub\Bayanat-OCIBackend\node_modules\nodemailer\lib\smtp-connection\index.js:772:14)
    at TLSSocket.SMTPConnection._onSocketData (C:\Users\Administrator.ROHAN-LAPTOP\Documents\GitHub\Bayanat-OCIBackend\node_modules\nodemailer\lib\smtp-connection\index.js:195:44)
    at TLSSocket.emit (node:events:519:28)
    at TLSSocket.emit (node:domain:489:12)
    at addChunk (node:internal/streams/readable:561:12)
    at readableAddChunkPushByteMode (node:internal/streams/readable:512:3)
2026-09-22 11:52:09 [[31merror[39m]: [NOTIFY] ❌ Failed to send email for event: TRANSACTION_COMPLETED Invalid login: 535 5.7.3 Authentication unsuccessful [DX0P273CA0062.AREP273.PROD.OUTLOOK.COM 2026-09-22T06:22:08.985Z 08DF18262A9A8215] 
Error: Invalid login: 535 5.7.3 Authentication unsuccessful [DX0P273CA0062.AREP273.PROD.OUTLOOK.COM 2026-09-22T06:22:08.985Z 08DF18262A9A8215]
    at SMTPConnection._formatError (C:\Users\Administrator.ROHAN-LAPTOP\Documents\GitHub\Bayanat-OCIBackend\node_modules\nodemailer\lib\smtp-connection\index.js:807:19)
    at SMTPConnection._actionAUTHComplete (C:\Users\Administrator.ROHAN-LAPTOP\Documents\GitHub\Bayanat-OCIBackend\node_modules\nodemailer\lib\smtp-connection\index.js:1586:34)
    at SMTPConnection.<anonymous> (C:\Users\Administrator.ROHAN-LAPTOP\Documents\GitHub\Bayanat-OCIBackend\node_modules\nodemailer\lib\smtp-connection\index.js:1540:18)
    at SMTPConnection._processResponse (C:\Users\Administrator.ROHAN-LAPTOP\Documents\GitHub\Bayanat-OCIBackend\node_modules\nodemailer\lib\smtp-connection\index.js:991:20)
    at SMTPConnection._onData (C:\Users\Administrator.ROHAN-LAPTOP\Documents\GitHub\Bayanat-OCIBackend\node_modules\nodemailer\lib\smtp-connection\index.js:772:14)
    at TLSSocket.SMTPConnection._onSocketData (C:\Users\Administrator.ROHAN-LAPTOP\Documents\GitHub\Bayanat-OCIBackend\node_modules\nodemailer\lib\smtp-connection\index.js:195:44)
    at TLSSocket.emit (node:events:519:28)
    at TLSSocket.emit (node:domain:489:12)
    at addChunk (node:internal/streams/readable:561:12)
    at readableAddChunkPushByteMode (node:internal/streams/readable:512:3)
2026-09-22 11:59:36 [[31merror[39m]: uncaughtException: ⨯ Unable to compile TypeScript:
[96msrc/controllers/common/report_common.ts[0m:[93m292[0m:[93m7[0m - [91merror[0m[90m TS2304: [0mCannot find name 'COMMON_REPORT_CSS'.

[7m292[0m     ${COMMON_REPORT_CSS}
[7m   [0m [91m      ~~~~~~~~~~~~~~~~~[0m

TSError: ⨯ Unable to compile TypeScript:
[96msrc/controllers/common/report_common.ts[0m:[93m292[0m:[93m7[0m - [91merror[0m[90m TS2304: [0mCannot find name 'COMMON_REPORT_CSS'.

[7m292[0m     ${COMMON_REPORT_CSS}
[7m   [0m [91m      ~~~~~~~~~~~~~~~~~[0m

    at createTSError (C:\Users\Administrator.ROHAN-LAPTOP\Documents\GitHub\Bayanat-OCIBackend\node_modules\ts-node\src\index.ts:859:12)
    at reportTSError (C:\Users\Administrator.ROHAN-LAPTOP\Documents\GitHub\Bayanat-OCIBackend\node_modules\ts-node\src\index.ts:863:19)
    at getOutput (C:\Users\Administrator.ROHAN-LAPTOP\Documents\GitHub\Bayanat-OCIBackend\node_modules\ts-node\src\index.ts:1077:36)
    at Object.compile (C:\Users\Administrator.ROHAN-LAPTOP\Documents\GitHub\Bayanat-OCIBackend\node_modules\ts-node\src\index.ts:1433:41)
    at Module.m._compile (C:\Users\Administrator.ROHAN-LAPTOP\Documents\GitHub\Bayanat-OCIBackend\node_modules\ts-node\src\index.ts:1617:30)
    at node:internal/modules/cjs/loader:1839:10
    at Object.require.extensions.<computed> [as .ts] (C:\Users\Administrator.ROHAN-LAPTOP\Documents\GitHub\Bayanat-OCIBackend\node_modules\ts-node\src\index.ts:1621:12)
    at Module.load (node:internal/modules/cjs/loader:1441:32)
    at Function._load (node:internal/modules/cjs/loader:1263:12)
    at TracingChannel.traceSync (node:diagnostics_channel:322:14) 
TSError: ⨯ Unable to compile TypeScript:
[96msrc/controllers/common/report_common.ts[0m:[93m292[0m:[93m7[0m - [91merror[0m[90m TS2304: [0mCannot find name 'COMMON_REPORT_CSS'.

[7m292[0m     ${COMMON_REPORT_CSS}
[7m   [0m [91m      ~~~~~~~~~~~~~~~~~[0m

    at createTSError (C:\Users\Administrator.ROHAN-LAPTOP\Documents\GitHub\Bayanat-OCIBackend\node_modules\ts-node\src\index.ts:859:12)
    at reportTSError (C:\Users\Administrator.ROHAN-LAPTOP\Documents\GitHub\Bayanat-OCIBackend\node_modules\ts-node\src\index.ts:863:19)
    at getOutput (C:\Users\Administrator.ROHAN-LAPTOP\Documents\GitHub\Bayanat-OCIBackend\node_modules\ts-node\src\index.ts:1077:36)
    at Object.compile (C:\Users\Administrator.ROHAN-LAPTOP\Documents\GitHub\Bayanat-OCIBackend\node_modules\ts-node\src\index.ts:1433:41)
    at Module.m._compile (C:\Users\Administrator.ROHAN-LAPTOP\Documents\GitHub\Bayanat-OCIBackend\node_modules\ts-node\src\index.ts:1617:30)
    at node:internal/modules/cjs/loader:1839:10
    at Object.require.extensions.<computed> [as .ts] (C:\Users\Administrator.ROHAN-LAPTOP\Documents\GitHub\Bayanat-OCIBackend\node_modules\ts-node\src\index.ts:1621:12)
    at Module.load (node:internal/modules/cjs/loader:1441:32)
    at Function._load (node:internal/modules/cjs/loader:1263:12)
    at TracingChannel.traceSync (node:diagnostics_channel:322:14)
2026-09-22 12:02:00 [[31merror[39m]: [WMSTST_TENANT] Error in notification scheduler tenant loop: ORA-12516: TNS:listener could not find available handler with matching protocol stack 
Error: ORA-12516: TNS:listener could not find available handler with matching protocol stack
    at async Function.getPoolForTenant (C:\Users\Administrator.ROHAN-LAPTOP\Documents\GitHub\Bayanat-OCIBackend\src\database\TenantManager.ts:254:20)
    at async Function.getConnection (C:\Users\Administrator.ROHAN-LAPTOP\Documents\GitHub\Bayanat-OCIBackend\src\database\TenantManager.ts:207:18)
    at async Function.executeInTenant (C:\Users\Administrator.ROHAN-LAPTOP\Documents\GitHub\Bayanat-OCIBackend\src\database\TenantManager.ts:287:18)
    at async C:\Users\Administrator.ROHAN-LAPTOP\Documents\GitHub\Bayanat-OCIBackend\src\scheduler\notificationEmail.scheduler.ts:113:26
    at async C:\Users\Administrator.ROHAN-LAPTOP\Documents\GitHub\Bayanat-OCIBackend\src\database\TenantManager.ts:372:25
2026-09-22 12:12:04 [[31merror[39m]: [WMSTST_TENANT] Error in notification scheduler tenant loop: NJS-500: connection to Oracle Database was closed or broken
ORA-12537: TNS:connection closed 
Error: NJS-500: connection to Oracle Database was closed or broken
ORA-12537: TNS:connection closed
    at async Function.getPoolForTenant (C:\Users\Administrator.ROHAN-LAPTOP\Documents\GitHub\Bayanat-OCIBackend\src\database\TenantManager.ts:254:20)
    at async Function.getConnection (C:\Users\Administrator.ROHAN-LAPTOP\Documents\GitHub\Bayanat-OCIBackend\src\database\TenantManager.ts:207:18)
    at async Function.executeInTenant (C:\Users\Administrator.ROHAN-LAPTOP\Documents\GitHub\Bayanat-OCIBackend\src\database\TenantManager.ts:287:18)
    at async C:\Users\Administrator.ROHAN-LAPTOP\Documents\GitHub\Bayanat-OCIBackend\src\scheduler\notificationEmail.scheduler.ts:113:26
    at async C:\Users\Administrator.ROHAN-LAPTOP\Documents\GitHub\Bayanat-OCIBackend\src\database\TenantManager.ts:372:25
2026-09-22 13:12:09 [[31merror[39m]: [NOTIFY] ❌ Failed to send email for event: TRANSACTION_COMPLETED Invalid login: 535 5.7.3 Authentication unsuccessful [DX0P273CA0063.AREP273.PROD.OUTLOOK.COM 2026-09-22T07:42:09.337Z 08DF16E42CFC530F] 
Error: Invalid login: 535 5.7.3 Authentication unsuccessful [DX0P273CA0063.AREP273.PROD.OUTLOOK.COM 2026-09-22T07:42:09.337Z 08DF16E42CFC530F]
    at SMTPConnection._formatError (C:\BT_OCI\Bayanat-OCIBackend\node_modules\nodemailer\lib\smtp-connection\index.js:807:19)
    at SMTPConnection._actionAUTHComplete (C:\BT_OCI\Bayanat-OCIBackend\node_modules\nodemailer\lib\smtp-connection\index.js:1586:34)
    at SMTPConnection.<anonymous> (C:\BT_OCI\Bayanat-OCIBackend\node_modules\nodemailer\lib\smtp-connection\index.js:1540:18)
    at SMTPConnection._processResponse (C:\BT_OCI\Bayanat-OCIBackend\node_modules\nodemailer\lib\smtp-connection\index.js:991:20)
    at SMTPConnection._onData (C:\BT_OCI\Bayanat-OCIBackend\node_modules\nodemailer\lib\smtp-connection\index.js:772:14)
    at TLSSocket.SMTPConnection._onSocketData (C:\BT_OCI\Bayanat-OCIBackend\node_modules\nodemailer\lib\smtp-connection\index.js:195:44)
    at TLSSocket.emit (node:events:518:28)
    at TLSSocket.emit (node:domain:489:12)
    at addChunk (node:internal/streams/readable:561:12)
    at readableAddChunkPushByteMode (node:internal/streams/readable:512:3)
2026-09-22 14:28:57 [[31merror[39m]: [WMSTST_TENANT] Error in notification scheduler tenant loop: NJS-040: connection request timeout. Request exceeded "queueTimeout" of 60000 
Error: NJS-040: connection request timeout. Request exceeded "queueTimeout" of 60000
    at Timeout.<anonymous> (C:\BT_OCI\Bayanat-OCIBackend\node_modules\oracledb\lib\pool.js:448:25)
    at listOnTimeout (node:internal/timers:588:17)
    at processTimers (node:internal/timers:523:7)
2026-09-22 15:46:30 [[31merror[39m]: uncaughtException: ⨯ Unable to compile TypeScript:
[96msrc/routes/finance/accounts/transactions_finance.routes.ts[0m:[93m75[0m:[93m10[0m - [91merror[0m[90m TS2305: [0mModule '"../../../controllers/finance/accounts/accounts-report/Profitlossreport"' has no exported member 'getProfitLossReportExcel'.

[7m75[0m import { getProfitLossReportExcel, getProfitLossReportHtml } from "../../../controllers/finance/accounts/accounts-report/Profitlossreport";
[7m  [0m [91m         ~~~~~~~~~~~~~~~~~~~~~~~~[0m
[96msrc/routes/finance/accounts/transactions_finance.routes.ts[0m:[93m75[0m:[93m36[0m - [91merror[0m[90m TS2305: [0mModule '"../../../controllers/finance/accounts/accounts-report/Profitlossreport"' has no exported member 'getProfitLossReportHtml'.

[7m75[0m import { getProfitLossReportExcel, getProfitLossReportHtml } from "../../../controllers/finance/accounts/accounts-report/Profitlossreport";
[7m  [0m [91m                                   ~~~~~~~~~~~~~~~~~~~~~~~[0m
[96msrc/routes/finance/accounts/transactions_finance.routes.ts[0m:[93m76[0m:[93m10[0m - [91merror[0m[90m TS2305: [0mModule '"../../../controllers/finance/accounts/accounts-report/ProfitlossSublevel"' has no exported member 'getPnlDrilldownL2'.

[7m76[0m import { getPnlDrilldownL2, getPnlDrilldownL2Excel, getPnlDrilldownL3, getPnlDrilldownL3Excel } from "../../../controllers/finance/accounts/accounts-report/ProfitlossSublevel";
[7m  [0m [91m         ~~~~~~~~~~~~~~~~~[0m
[96msrc/routes/finance/accounts/transactions_finance.routes.ts[0m:[93m76[0m:[93m29[0m - [91merror[0m[90m TS2305: [0mModule '"../../../controllers/finance/accounts/accounts-report/ProfitlossSublevel"' has no exported member 'getPnlDrilldownL2Excel'.

[7m76[0m import { getPnlDrilldownL2, getPnlDrilldownL2Excel, getPnlDrilldownL3, getPnlDrilldownL3Excel } from "../../../controllers/finance/accounts/accounts-report/ProfitlossSublevel";
[7m  [0m [91m                            ~~~~~~~~~~~~~~~~~~~~~~[0m
[96msrc/routes/finance/accounts/transactions_finance.routes.ts[0m:[93m76[0m:[93m53[0m - [91merror[0m[90m TS2305: [0mModule '"../../../controllers/finance/accounts/accounts-report/ProfitlossSublevel"' has no exported member 'getPnlDrilldownL3'.

[7m76[0m import { getPnlDrilldownL2, getPnlDrilldownL2Excel, getPnlDrilldownL3, getPnlDrilldownL3Excel } from "../../../controllers/finance/accounts/accounts-report/ProfitlossSublevel";
[7m  [0m [91m                                                    ~~~~~~~~~~~~~~~~~[0m
[96msrc/routes/finance/accounts/transactions_finance.routes.ts[0m:[93m76[0m:[93m72[0m - [91merror[0m[90m TS2305: [0mModule '"../../../controllers/finance/accounts/accounts-report/ProfitlossSublevel"' has no exported member 'getPnlDrilldownL3Excel'.

[7m76[0m import { getPnlDrilldownL2, getPnlDrilldownL2Excel, getPnlDrilldownL3, getPnlDrilldownL3Excel } from "../../../controllers/finance/accounts/accounts-report/ProfitlossSublevel";
[7m  [0m [91m                                                                       ~~~~~~~~~~~~~~~~~~~~~~[0m

TSError: ⨯ Unable to compile TypeScript:
[96msrc/routes/finance/accounts/transactions_finance.routes.ts[0m:[93m75[0m:[93m10[0m - [91merror[0m[90m TS2305: [0mModule '"../../../controllers/finance/accounts/accounts-report/Profitlossreport"' has no exported member 'getProfitLossReportExcel'.

[7m75[0m import { getProfitLossReportExcel, getProfitLossReportHtml } from "../../../controllers/finance/accounts/accounts-report/Profitlossreport";
[7m  [0m [91m         ~~~~~~~~~~~~~~~~~~~~~~~~[0m
[96msrc/routes/finance/accounts/transactions_finance.routes.ts[0m:[93m75[0m:[93m36[0m - [91merror[0m[90m TS2305: [0mModule '"../../../controllers/finance/accounts/accounts-report/Profitlossreport"' has no exported member 'getProfitLossReportHtml'.

[7m75[0m import { getProfitLossReportExcel, getProfitLossReportHtml } from "../../../controllers/finance/accounts/accounts-report/Profitlossreport";
[7m  [0m [91m                                   ~~~~~~~~~~~~~~~~~~~~~~~[0m
[96msrc/routes/finance/accounts/transactions_finance.routes.ts[0m:[93m76[0m:[93m10[0m - [91merror[0m[90m TS2305: [0mModule '"../../../controllers/finance/accounts/accounts-report/ProfitlossSublevel"' has no exported member 'getPnlDrilldownL2'.

[7m76[0m import { getPnlDrilldownL2, getPnlDrilldownL2Excel, getPnlDrilldownL3, getPnlDrilldownL3Excel } from "../../../controllers/finance/accounts/accounts-report/ProfitlossSublevel";
[7m  [0m [91m         ~~~~~~~~~~~~~~~~~[0m
[96msrc/routes/finance/accounts/transactions_finance.routes.ts[0m:[93m76[0m:[93m29[0m - [91merror[0m[90m TS2305: [0mModule '"../../../controllers/finance/accounts/accounts-report/ProfitlossSublevel"' has no exported member 'getPnlDrilldownL2Excel'.

[7m76[0m import { getPnlDrilldownL2, getPnlDrilldownL2Excel, getPnlDrilldownL3, getPnlDrilldownL3Excel } from "../../../controllers/finance/accounts/accounts-report/ProfitlossSublevel";
[7m  [0m [91m                            ~~~~~~~~~~~~~~~~~~~~~~[0m
[96msrc/routes/finance/accounts/transactions_finance.routes.ts[0m:[93m76[0m:[93m53[0m - [91merror[0m[90m TS2305: [0mModule '"../../../controllers/finance/accounts/accounts-report/ProfitlossSublevel"' has no exported member 'getPnlDrilldownL3'.

[7m76[0m import { getPnlDrilldownL2, getPnlDrilldownL2Excel, getPnlDrilldownL3, getPnlDrilldownL3Excel } from "../../../controllers/finance/accounts/accounts-report/ProfitlossSublevel";
[7m  [0m [91m                                                    ~~~~~~~~~~~~~~~~~[0m
[96msrc/routes/finance/accounts/transactions_finance.routes.ts[0m:[93m76[0m:[93m72[0m - [91merror[0m[90m TS2305: [0mModule '"../../../controllers/finance/accounts/accounts-report/ProfitlossSublevel"' has no exported member 'getPnlDrilldownL3Excel'.

[7m76[0m import { getPnlDrilldownL2, getPnlDrilldownL2Excel, getPnlDrilldownL3, getPnlDrilldownL3Excel } from "../../../controllers/finance/accounts/accounts-report/ProfitlossSublevel";
[7m  [0m [91m                                                                       ~~~~~~~~~~~~~~~~~~~~~~[0m

    at createTSError (C:\BT_OCI\Bayanat-OCIBackend\node_modules\ts-node\src\index.ts:859:12)
    at reportTSError (C:\BT_OCI\Bayanat-OCIBackend\node_modules\ts-node\src\index.ts:863:19)
    at getOutput (C:\BT_OCI\Bayanat-OCIBackend\node_modules\ts-node\src\index.ts:1077:36)
    at Object.compile (C:\BT_OCI\Bayanat-OCIBackend\node_modules\ts-node\src\index.ts:1433:41)
    at Module.m._compile (C:\BT_OCI\Bayanat-OCIBackend\node_modules\ts-node\src\index.ts:1617:30)
    at node:internal/modules/cjs/loader:1895:10
    at Object.require.extensions.<computed> [as .ts] (C:\BT_OCI\Bayanat-OCIBackend\node_modules\ts-node\src\index.ts:1621:12)
    at Module.load (node:internal/modules/cjs/loader:1465:32)
    at Function._load (node:internal/modules/cjs/loader:1282:12)
    at TracingChannel.traceSync (node:diagnostics_channel:322:14) 
TSError: ⨯ Unable to compile TypeScript:
[96msrc/routes/finance/accounts/transactions_finance.routes.ts[0m:[93m75[0m:[93m10[0m - [91merror[0m[90m TS2305: [0mModule '"../../../controllers/finance/accounts/accounts-report/Profitlossreport"' has no exported member 'getProfitLossReportExcel'.

[7m75[0m import { getProfitLossReportExcel, getProfitLossReportHtml } from "../../../controllers/finance/accounts/accounts-report/Profitlossreport";
[7m  [0m [91m         ~~~~~~~~~~~~~~~~~~~~~~~~[0m
[96msrc/routes/finance/accounts/transactions_finance.routes.ts[0m:[93m75[0m:[93m36[0m - [91merror[0m[90m TS2305: [0mModule '"../../../controllers/finance/accounts/accounts-report/Profitlossreport"' has no exported member 'getProfitLossReportHtml'.

[7m75[0m import { getProfitLossReportExcel, getProfitLossReportHtml } from "../../../controllers/finance/accounts/accounts-report/Profitlossreport";
[7m  [0m [91m                                   ~~~~~~~~~~~~~~~~~~~~~~~[0m
[96msrc/routes/finance/accounts/transactions_finance.routes.ts[0m:[93m76[0m:[93m10[0m - [91merror[0m[90m TS2305: [0mModule '"../../../controllers/finance/accounts/accounts-report/ProfitlossSublevel"' has no exported member 'getPnlDrilldownL2'.

[7m76[0m import { getPnlDrilldownL2, getPnlDrilldownL2Excel, getPnlDrilldownL3, getPnlDrilldownL3Excel } from "../../../controllers/finance/accounts/accounts-report/ProfitlossSublevel";
[7m  [0m [91m         ~~~~~~~~~~~~~~~~~[0m
[96msrc/routes/finance/accounts/transactions_finance.routes.ts[0m:[93m76[0m:[93m29[0m - [91merror[0m[90m TS2305: [0mModule '"../../../controllers/finance/accounts/accounts-report/ProfitlossSublevel"' has no exported member 'getPnlDrilldownL2Excel'.

[7m76[0m import { getPnlDrilldownL2, getPnlDrilldownL2Excel, getPnlDrilldownL3, getPnlDrilldownL3Excel } from "../../../controllers/finance/accounts/accounts-report/ProfitlossSublevel";
[7m  [0m [91m                            ~~~~~~~~~~~~~~~~~~~~~~[0m
[96msrc/routes/finance/accounts/transactions_finance.routes.ts[0m:[93m76[0m:[93m53[0m - [91merror[0m[90m TS2305: [0mModule '"../../../controllers/finance/accounts/accounts-report/ProfitlossSublevel"' has no exported member 'getPnlDrilldownL3'.

[7m76[0m import { getPnlDrilldownL2, getPnlDrilldownL2Excel, getPnlDrilldownL3, getPnlDrilldownL3Excel } from "../../../controllers/finance/accounts/accounts-report/ProfitlossSublevel";
[7m  [0m [91m                                                    ~~~~~~~~~~~~~~~~~[0m
[96msrc/routes/finance/accounts/transactions_finance.routes.ts[0m:[93m76[0m:[93m72[0m - [91merror[0m[90m TS2305: [0mModule '"../../../controllers/finance/accounts/accounts-report/ProfitlossSublevel"' has no exported member 'getPnlDrilldownL3Excel'.

[7m76[0m import { getPnlDrilldownL2, getPnlDrilldownL2Excel, getPnlDrilldownL3, getPnlDrilldownL3Excel } from "../../../controllers/finance/accounts/accounts-report/ProfitlossSublevel";
[7m  [0m [91m                                                                       ~~~~~~~~~~~~~~~~~~~~~~[0m

    at createTSError (C:\BT_OCI\Bayanat-OCIBackend\node_modules\ts-node\src\index.ts:859:12)
    at reportTSError (C:\BT_OCI\Bayanat-OCIBackend\node_modules\ts-node\src\index.ts:863:19)
    at getOutput (C:\BT_OCI\Bayanat-OCIBackend\node_modules\ts-node\src\index.ts:1077:36)
    at Object.compile (C:\BT_OCI\Bayanat-OCIBackend\node_modules\ts-node\src\index.ts:1433:41)
    at Module.m._compile (C:\BT_OCI\Bayanat-OCIBackend\node_modules\ts-node\src\index.ts:1617:30)
    at node:internal/modules/cjs/loader:1895:10
    at Object.require.extensions.<computed> [as .ts] (C:\BT_OCI\Bayanat-OCIBackend\node_modules\ts-node\src\index.ts:1621:12)
    at Module.load (node:internal/modules/cjs/loader:1465:32)
    at Function._load (node:internal/modules/cjs/loader:1282:12)
    at TracingChannel.traceSync (node:diagnostics_channel:322:14)
2026-09-22 15:47:03 [[31merror[39m]: uncaughtException: ⨯ Unable to compile TypeScript:
[96msrc/routes/finance/accounts/transactions_finance.routes.ts[0m:[93m75[0m:[93m10[0m - [91merror[0m[90m TS2305: [0mModule '"../../../controllers/finance/accounts/accounts-report/Profitlossreport"' has no exported member 'getProfitLossReportExcel'.

[7m75[0m import { getProfitLossReportExcel, getProfitLossReportHtml } from "../../../controllers/finance/accounts/accounts-report/Profitlossreport";
[7m  [0m [91m         ~~~~~~~~~~~~~~~~~~~~~~~~[0m
[96msrc/routes/finance/accounts/transactions_finance.routes.ts[0m:[93m75[0m:[93m36[0m - [91merror[0m[90m TS2305: [0mModule '"../../../controllers/finance/accounts/accounts-report/Profitlossreport"' has no exported member 'getProfitLossReportHtml'.

[7m75[0m import { getProfitLossReportExcel, getProfitLossReportHtml } from "../../../controllers/finance/accounts/accounts-report/Profitlossreport";
[7m  [0m [91m                                   ~~~~~~~~~~~~~~~~~~~~~~~[0m
[96msrc/routes/finance/accounts/transactions_finance.routes.ts[0m:[93m76[0m:[93m10[0m - [91merror[0m[90m TS2305: [0mModule '"../../../controllers/finance/accounts/accounts-report/ProfitlossSublevel"' has no exported member 'getPnlDrilldownL2'.

[7m76[0m import { getPnlDrilldownL2, getPnlDrilldownL2Excel, getPnlDrilldownL3, getPnlDrilldownL3Excel } from "../../../controllers/finance/accounts/accounts-report/ProfitlossSublevel";
[7m  [0m [91m         ~~~~~~~~~~~~~~~~~[0m
[96msrc/routes/finance/accounts/transactions_finance.routes.ts[0m:[93m76[0m:[93m29[0m - [91merror[0m[90m TS2305: [0mModule '"../../../controllers/finance/accounts/accounts-report/ProfitlossSublevel"' has no exported member 'getPnlDrilldownL2Excel'.

[7m76[0m import { getPnlDrilldownL2, getPnlDrilldownL2Excel, getPnlDrilldownL3, getPnlDrilldownL3Excel } from "../../../controllers/finance/accounts/accounts-report/ProfitlossSublevel";
[7m  [0m [91m                            ~~~~~~~~~~~~~~~~~~~~~~[0m
[96msrc/routes/finance/accounts/transactions_finance.routes.ts[0m:[93m76[0m:[93m53[0m - [91merror[0m[90m TS2305: [0mModule '"../../../controllers/finance/accounts/accounts-report/ProfitlossSublevel"' has no exported member 'getPnlDrilldownL3'.

[7m76[0m import { getPnlDrilldownL2, getPnlDrilldownL2Excel, getPnlDrilldownL3, getPnlDrilldownL3Excel } from "../../../controllers/finance/accounts/accounts-report/ProfitlossSublevel";
[7m  [0m [91m                                                    ~~~~~~~~~~~~~~~~~[0m
[96msrc/routes/finance/accounts/transactions_finance.routes.ts[0m:[93m76[0m:[93m72[0m - [91merror[0m[90m TS2305: [0mModule '"../../../controllers/finance/accounts/accounts-report/ProfitlossSublevel"' has no exported member 'getPnlDrilldownL3Excel'.

[7m76[0m import { getPnlDrilldownL2, getPnlDrilldownL2Excel, getPnlDrilldownL3, getPnlDrilldownL3Excel } from "../../../controllers/finance/accounts/accounts-report/ProfitlossSublevel";
[7m  [0m [91m                                                                       ~~~~~~~~~~~~~~~~~~~~~~[0m

TSError: ⨯ Unable to compile TypeScript:
[96msrc/routes/finance/accounts/transactions_finance.routes.ts[0m:[93m75[0m:[93m10[0m - [91merror[0m[90m TS2305: [0mModule '"../../../controllers/finance/accounts/accounts-report/Profitlossreport"' has no exported member 'getProfitLossReportExcel'.

[7m75[0m import { getProfitLossReportExcel, getProfitLossReportHtml } from "../../../controllers/finance/accounts/accounts-report/Profitlossreport";
[7m  [0m [91m         ~~~~~~~~~~~~~~~~~~~~~~~~[0m
[96msrc/routes/finance/accounts/transactions_finance.routes.ts[0m:[93m75[0m:[93m36[0m - [91merror[0m[90m TS2305: [0mModule '"../../../controllers/finance/accounts/accounts-report/Profitlossreport"' has no exported member 'getProfitLossReportHtml'.

[7m75[0m import { getProfitLossReportExcel, getProfitLossReportHtml } from "../../../controllers/finance/accounts/accounts-report/Profitlossreport";
[7m  [0m [91m                                   ~~~~~~~~~~~~~~~~~~~~~~~[0m
[96msrc/routes/finance/accounts/transactions_finance.routes.ts[0m:[93m76[0m:[93m10[0m - [91merror[0m[90m TS2305: [0mModule '"../../../controllers/finance/accounts/accounts-report/ProfitlossSublevel"' has no exported member 'getPnlDrilldownL2'.

[7m76[0m import { getPnlDrilldownL2, getPnlDrilldownL2Excel, getPnlDrilldownL3, getPnlDrilldownL3Excel } from "../../../controllers/finance/accounts/accounts-report/ProfitlossSublevel";
[7m  [0m [91m         ~~~~~~~~~~~~~~~~~[0m
[96msrc/routes/finance/accounts/transactions_finance.routes.ts[0m:[93m76[0m:[93m29[0m - [91merror[0m[90m TS2305: [0mModule '"../../../controllers/finance/accounts/accounts-report/ProfitlossSublevel"' has no exported member 'getPnlDrilldownL2Excel'.

[7m76[0m import { getPnlDrilldownL2, getPnlDrilldownL2Excel, getPnlDrilldownL3, getPnlDrilldownL3Excel } from "../../../controllers/finance/accounts/accounts-report/ProfitlossSublevel";
[7m  [0m [91m                            ~~~~~~~~~~~~~~~~~~~~~~[0m
[96msrc/routes/finance/accounts/transactions_finance.routes.ts[0m:[93m76[0m:[93m53[0m - [91merror[0m[90m TS2305: [0mModule '"../../../controllers/finance/accounts/accounts-report/ProfitlossSublevel"' has no exported member 'getPnlDrilldownL3'.

[7m76[0m import { getPnlDrilldownL2, getPnlDrilldownL2Excel, getPnlDrilldownL3, getPnlDrilldownL3Excel } from "../../../controllers/finance/accounts/accounts-report/ProfitlossSublevel";
[7m  [0m [91m                                                    ~~~~~~~~~~~~~~~~~[0m
[96msrc/routes/finance/accounts/transactions_finance.routes.ts[0m:[93m76[0m:[93m72[0m - [91merror[0m[90m TS2305: [0mModule '"../../../controllers/finance/accounts/accounts-report/ProfitlossSublevel"' has no exported member 'getPnlDrilldownL3Excel'.

[7m76[0m import { getPnlDrilldownL2, getPnlDrilldownL2Excel, getPnlDrilldownL3, getPnlDrilldownL3Excel } from "../../../controllers/finance/accounts/accounts-report/ProfitlossSublevel";
[7m  [0m [91m                                                                       ~~~~~~~~~~~~~~~~~~~~~~[0m

    at createTSError (C:\BT_OCI\Bayanat-OCIBackend\node_modules\ts-node\src\index.ts:859:12)
    at reportTSError (C:\BT_OCI\Bayanat-OCIBackend\node_modules\ts-node\src\index.ts:863:19)
    at getOutput (C:\BT_OCI\Bayanat-OCIBackend\node_modules\ts-node\src\index.ts:1077:36)
    at Object.compile (C:\BT_OCI\Bayanat-OCIBackend\node_modules\ts-node\src\index.ts:1433:41)
    at Module.m._compile (C:\BT_OCI\Bayanat-OCIBackend\node_modules\ts-node\src\index.ts:1617:30)
    at node:internal/modules/cjs/loader:1895:10
    at Object.require.extensions.<computed> [as .ts] (C:\BT_OCI\Bayanat-OCIBackend\node_modules\ts-node\src\index.ts:1621:12)
    at Module.load (node:internal/modules/cjs/loader:1465:32)
    at Function._load (node:internal/modules/cjs/loader:1282:12)
    at TracingChannel.traceSync (node:diagnostics_channel:322:14) 
TSError: ⨯ Unable to compile TypeScript:
[96msrc/routes/finance/accounts/transactions_finance.routes.ts[0m:[93m75[0m:[93m10[0m - [91merror[0m[90m TS2305: [0mModule '"../../../controllers/finance/accounts/accounts-report/Profitlossreport"' has no exported member 'getProfitLossReportExcel'.

[7m75[0m import { getProfitLossReportExcel, getProfitLossReportHtml } from "../../../controllers/finance/accounts/accounts-report/Profitlossreport";
[7m  [0m [91m         ~~~~~~~~~~~~~~~~~~~~~~~~[0m
[96msrc/routes/finance/accounts/transactions_finance.routes.ts[0m:[93m75[0m:[93m36[0m - [91merror[0m[90m TS2305: [0mModule '"../../../controllers/finance/accounts/accounts-report/Profitlossreport"' has no exported member 'getProfitLossReportHtml'.

[7m75[0m import { getProfitLossReportExcel, getProfitLossReportHtml } from "../../../controllers/finance/accounts/accounts-report/Profitlossreport";
[7m  [0m [91m                                   ~~~~~~~~~~~~~~~~~~~~~~~[0m
[96msrc/routes/finance/accounts/transactions_finance.routes.ts[0m:[93m76[0m:[93m10[0m - [91merror[0m[90m TS2305: [0mModule '"../../../controllers/finance/accounts/accounts-report/ProfitlossSublevel"' has no exported member 'getPnlDrilldownL2'.

[7m76[0m import { getPnlDrilldownL2, getPnlDrilldownL2Excel, getPnlDrilldownL3, getPnlDrilldownL3Excel } from "../../../controllers/finance/accounts/accounts-report/ProfitlossSublevel";
[7m  [0m [91m         ~~~~~~~~~~~~~~~~~[0m
[96msrc/routes/finance/accounts/transactions_finance.routes.ts[0m:[93m76[0m:[93m29[0m - [91merror[0m[90m TS2305: [0mModule '"../../../controllers/finance/accounts/accounts-report/ProfitlossSublevel"' has no exported member 'getPnlDrilldownL2Excel'.

[7m76[0m import { getPnlDrilldownL2, getPnlDrilldownL2Excel, getPnlDrilldownL3, getPnlDrilldownL3Excel } from "../../../controllers/finance/accounts/accounts-report/ProfitlossSublevel";
[7m  [0m [91m                            ~~~~~~~~~~~~~~~~~~~~~~[0m
[96msrc/routes/finance/accounts/transactions_finance.routes.ts[0m:[93m76[0m:[93m53[0m - [91merror[0m[90m TS2305: [0mModule '"../../../controllers/finance/accounts/accounts-report/ProfitlossSublevel"' has no exported member 'getPnlDrilldownL3'.

[7m76[0m import { getPnlDrilldownL2, getPnlDrilldownL2Excel, getPnlDrilldownL3, getPnlDrilldownL3Excel } from "../../../controllers/finance/accounts/accounts-report/ProfitlossSublevel";
[7m  [0m [91m                                                    ~~~~~~~~~~~~~~~~~[0m
[96msrc/routes/finance/accounts/transactions_finance.routes.ts[0m:[93m76[0m:[93m72[0m - [91merror[0m[90m TS2305: [0mModule '"../../../controllers/finance/accounts/accounts-report/ProfitlossSublevel"' has no exported member 'getPnlDrilldownL3Excel'.

[7m76[0m import { getPnlDrilldownL2, getPnlDrilldownL2Excel, getPnlDrilldownL3, getPnlDrilldownL3Excel } from "../../../controllers/finance/accounts/accounts-report/ProfitlossSublevel";
[7m  [0m [91m                                                                       ~~~~~~~~~~~~~~~~~~~~~~[0m

    at createTSError (C:\BT_OCI\Bayanat-OCIBackend\node_modules\ts-node\src\index.ts:859:12)
    at reportTSError (C:\BT_OCI\Bayanat-OCIBackend\node_modules\ts-node\src\index.ts:863:19)
    at getOutput (C:\BT_OCI\Bayanat-OCIBackend\node_modules\ts-node\src\index.ts:1077:36)
    at Object.compile (C:\BT_OCI\Bayanat-OCIBackend\node_modules\ts-node\src\index.ts:1433:41)
    at Module.m._compile (C:\BT_OCI\Bayanat-OCIBackend\node_modules\ts-node\src\index.ts:1617:30)
    at node:internal/modules/cjs/loader:1895:10
    at Object.require.extensions.<computed> [as .ts] (C:\BT_OCI\Bayanat-OCIBackend\node_modules\ts-node\src\index.ts:1621:12)
    at Module.load (node:internal/modules/cjs/loader:1465:32)
    at Function._load (node:internal/modules/cjs/loader:1282:12)
    at TracingChannel.traceSync (node:diagnostics_channel:322:14)
2026-09-22 15:47:38 [[31merror[39m]: uncaughtException: ⨯ Unable to compile TypeScript:
[96msrc/routes/finance/accounts/transactions_finance.routes.ts[0m:[93m75[0m:[93m10[0m - [91merror[0m[90m TS2305: [0mModule '"../../../controllers/finance/accounts/accounts-report/Profitlossreport"' has no exported member 'getProfitLossReportExcel'.

[7m75[0m import { getProfitLossReportExcel, getProfitLossReportHtml } from "../../../controllers/finance/accounts/accounts-report/Profitlossreport";
[7m  [0m [91m         ~~~~~~~~~~~~~~~~~~~~~~~~[0m
[96msrc/routes/finance/accounts/transactions_finance.routes.ts[0m:[93m75[0m:[93m36[0m - [91merror[0m[90m TS2305: [0mModule '"../../../controllers/finance/accounts/accounts-report/Profitlossreport"' has no exported member 'getProfitLossReportHtml'.

[7m75[0m import { getProfitLossReportExcel, getProfitLossReportHtml } from "../../../controllers/finance/accounts/accounts-report/Profitlossreport";
[7m  [0m [91m                                   ~~~~~~~~~~~~~~~~~~~~~~~[0m
[96msrc/routes/finance/accounts/transactions_finance.routes.ts[0m:[93m76[0m:[93m10[0m - [91merror[0m[90m TS2305: [0mModule '"../../../controllers/finance/accounts/accounts-report/ProfitlossSublevel"' has no exported member 'getPnlDrilldownL2'.

[7m76[0m import { getPnlDrilldownL2, getPnlDrilldownL2Excel, getPnlDrilldownL3, getPnlDrilldownL3Excel } from "../../../controllers/finance/accounts/accounts-report/ProfitlossSublevel";
[7m  [0m [91m         ~~~~~~~~~~~~~~~~~[0m
[96msrc/routes/finance/accounts/transactions_finance.routes.ts[0m:[93m76[0m:[93m29[0m - [91merror[0m[90m TS2305: [0mModule '"../../../controllers/finance/accounts/accounts-report/ProfitlossSublevel"' has no exported member 'getPnlDrilldownL2Excel'.

[7m76[0m import { getPnlDrilldownL2, getPnlDrilldownL2Excel, getPnlDrilldownL3, getPnlDrilldownL3Excel } from "../../../controllers/finance/accounts/accounts-report/ProfitlossSublevel";
[7m  [0m [91m                            ~~~~~~~~~~~~~~~~~~~~~~[0m
[96msrc/routes/finance/accounts/transactions_finance.routes.ts[0m:[93m76[0m:[93m53[0m - [91merror[0m[90m TS2305: [0mModule '"../../../controllers/finance/accounts/accounts-report/ProfitlossSublevel"' has no exported member 'getPnlDrilldownL3'.

[7m76[0m import { getPnlDrilldownL2, getPnlDrilldownL2Excel, getPnlDrilldownL3, getPnlDrilldownL3Excel } from "../../../controllers/finance/accounts/accounts-report/ProfitlossSublevel";
[7m  [0m [91m                                                    ~~~~~~~~~~~~~~~~~[0m
[96msrc/routes/finance/accounts/transactions_finance.routes.ts[0m:[93m76[0m:[93m72[0m - [91merror[0m[90m TS2305: [0mModule '"../../../controllers/finance/accounts/accounts-report/ProfitlossSublevel"' has no exported member 'getPnlDrilldownL3Excel'.

[7m76[0m import { getPnlDrilldownL2, getPnlDrilldownL2Excel, getPnlDrilldownL3, getPnlDrilldownL3Excel } from "../../../controllers/finance/accounts/accounts-report/ProfitlossSublevel";
[7m  [0m [91m                                                                       ~~~~~~~~~~~~~~~~~~~~~~[0m

TSError: ⨯ Unable to compile TypeScript:
[96msrc/routes/finance/accounts/transactions_finance.routes.ts[0m:[93m75[0m:[93m10[0m - [91merror[0m[90m TS2305: [0mModule '"../../../controllers/finance/accounts/accounts-report/Profitlossreport"' has no exported member 'getProfitLossReportExcel'.

[7m75[0m import { getProfitLossReportExcel, getProfitLossReportHtml } from "../../../controllers/finance/accounts/accounts-report/Profitlossreport";
[7m  [0m [91m         ~~~~~~~~~~~~~~~~~~~~~~~~[0m
[96msrc/routes/finance/accounts/transactions_finance.routes.ts[0m:[93m75[0m:[93m36[0m - [91merror[0m[90m TS2305: [0mModule '"../../../controllers/finance/accounts/accounts-report/Profitlossreport"' has no exported member 'getProfitLossReportHtml'.

[7m75[0m import { getProfitLossReportExcel, getProfitLossReportHtml } from "../../../controllers/finance/accounts/accounts-report/Profitlossreport";
[7m  [0m [91m                                   ~~~~~~~~~~~~~~~~~~~~~~~[0m
[96msrc/routes/finance/accounts/transactions_finance.routes.ts[0m:[93m76[0m:[93m10[0m - [91merror[0m[90m TS2305: [0mModule '"../../../controllers/finance/accounts/accounts-report/ProfitlossSublevel"' has no exported member 'getPnlDrilldownL2'.

[7m76[0m import { getPnlDrilldownL2, getPnlDrilldownL2Excel, getPnlDrilldownL3, getPnlDrilldownL3Excel } from "../../../controllers/finance/accounts/accounts-report/ProfitlossSublevel";
[7m  [0m [91m         ~~~~~~~~~~~~~~~~~[0m
[96msrc/routes/finance/accounts/transactions_finance.routes.ts[0m:[93m76[0m:[93m29[0m - [91merror[0m[90m TS2305: [0mModule '"../../../controllers/finance/accounts/accounts-report/ProfitlossSublevel"' has no exported member 'getPnlDrilldownL2Excel'.

[7m76[0m import { getPnlDrilldownL2, getPnlDrilldownL2Excel, getPnlDrilldownL3, getPnlDrilldownL3Excel } from "../../../controllers/finance/accounts/accounts-report/ProfitlossSublevel";
[7m  [0m [91m                            ~~~~~~~~~~~~~~~~~~~~~~[0m
[96msrc/routes/finance/accounts/transactions_finance.routes.ts[0m:[93m76[0m:[93m53[0m - [91merror[0m[90m TS2305: [0mModule '"../../../controllers/finance/accounts/accounts-report/ProfitlossSublevel"' has no exported member 'getPnlDrilldownL3'.

[7m76[0m import { getPnlDrilldownL2, getPnlDrilldownL2Excel, getPnlDrilldownL3, getPnlDrilldownL3Excel } from "../../../controllers/finance/accounts/accounts-report/ProfitlossSublevel";
[7m  [0m [91m                                                    ~~~~~~~~~~~~~~~~~[0m
[96msrc/routes/finance/accounts/transactions_finance.routes.ts[0m:[93m76[0m:[93m72[0m - [91merror[0m[90m TS2305: [0mModule '"../../../controllers/finance/accounts/accounts-report/ProfitlossSublevel"' has no exported member 'getPnlDrilldownL3Excel'.

[7m76[0m import { getPnlDrilldownL2, getPnlDrilldownL2Excel, getPnlDrilldownL3, getPnlDrilldownL3Excel } from "../../../controllers/finance/accounts/accounts-report/ProfitlossSublevel";
[7m  [0m [91m                                                                       ~~~~~~~~~~~~~~~~~~~~~~[0m

    at createTSError (C:\BT_OCI\Bayanat-OCIBackend\node_modules\ts-node\src\index.ts:859:12)
    at reportTSError (C:\BT_OCI\Bayanat-OCIBackend\node_modules\ts-node\src\index.ts:863:19)
    at getOutput (C:\BT_OCI\Bayanat-OCIBackend\node_modules\ts-node\src\index.ts:1077:36)
    at Object.compile (C:\BT_OCI\Bayanat-OCIBackend\node_modules\ts-node\src\index.ts:1433:41)
    at Module.m._compile (C:\BT_OCI\Bayanat-OCIBackend\node_modules\ts-node\src\index.ts:1617:30)
    at node:internal/modules/cjs/loader:1895:10
    at Object.require.extensions.<computed> [as .ts] (C:\BT_OCI\Bayanat-OCIBackend\node_modules\ts-node\src\index.ts:1621:12)
    at Module.load (node:internal/modules/cjs/loader:1465:32)
    at Function._load (node:internal/modules/cjs/loader:1282:12)
    at TracingChannel.traceSync (node:diagnostics_channel:322:14) 
TSError: ⨯ Unable to compile TypeScript:
[96msrc/routes/finance/accounts/transactions_finance.routes.ts[0m:[93m75[0m:[93m10[0m - [91merror[0m[90m TS2305: [0mModule '"../../../controllers/finance/accounts/accounts-report/Profitlossreport"' has no exported member 'getProfitLossReportExcel'.

[7m75[0m import { getProfitLossReportExcel, getProfitLossReportHtml } from "../../../controllers/finance/accounts/accounts-report/Profitlossreport";
[7m  [0m [91m         ~~~~~~~~~~~~~~~~~~~~~~~~[0m
[96msrc/routes/finance/accounts/transactions_finance.routes.ts[0m:[93m75[0m:[93m36[0m - [91merror[0m[90m TS2305: [0mModule '"../../../controllers/finance/accounts/accounts-report/Profitlossreport"' has no exported member 'getProfitLossReportHtml'.

[7m75[0m import { getProfitLossReportExcel, getProfitLossReportHtml } from "../../../controllers/finance/accounts/accounts-report/Profitlossreport";
[7m  [0m [91m                                   ~~~~~~~~~~~~~~~~~~~~~~~[0m
[96msrc/routes/finance/accounts/transactions_finance.routes.ts[0m:[93m76[0m:[93m10[0m - [91merror[0m[90m TS2305: [0mModule '"../../../controllers/finance/accounts/accounts-report/ProfitlossSublevel"' has no exported member 'getPnlDrilldownL2'.

[7m76[0m import { getPnlDrilldownL2, getPnlDrilldownL2Excel, getPnlDrilldownL3, getPnlDrilldownL3Excel } from "../../../controllers/finance/accounts/accounts-report/ProfitlossSublevel";
[7m  [0m [91m         ~~~~~~~~~~~~~~~~~[0m
[96msrc/routes/finance/accounts/transactions_finance.routes.ts[0m:[93m76[0m:[93m29[0m - [91merror[0m[90m TS2305: [0mModule '"../../../controllers/finance/accounts/accounts-report/ProfitlossSublevel"' has no exported member 'getPnlDrilldownL2Excel'.

[7m76[0m import { getPnlDrilldownL2, getPnlDrilldownL2Excel, getPnlDrilldownL3, getPnlDrilldownL3Excel } from "../../../controllers/finance/accounts/accounts-report/ProfitlossSublevel";
[7m  [0m [91m                            ~~~~~~~~~~~~~~~~~~~~~~[0m
[96msrc/routes/finance/accounts/transactions_finance.routes.ts[0m:[93m76[0m:[93m53[0m - [91merror[0m[90m TS2305: [0mModule '"../../../controllers/finance/accounts/accounts-report/ProfitlossSublevel"' has no exported member 'getPnlDrilldownL3'.

[7m76[0m import { getPnlDrilldownL2, getPnlDrilldownL2Excel, getPnlDrilldownL3, getPnlDrilldownL3Excel } from "../../../controllers/finance/accounts/accounts-report/ProfitlossSublevel";
[7m  [0m [91m                                                    ~~~~~~~~~~~~~~~~~[0m
[96msrc/routes/finance/accounts/transactions_finance.routes.ts[0m:[93m76[0m:[93m72[0m - [91merror[0m[90m TS2305: [0mModule '"../../../controllers/finance/accounts/accounts-report/ProfitlossSublevel"' has no exported member 'getPnlDrilldownL3Excel'.

[7m76[0m import { getPnlDrilldownL2, getPnlDrilldownL2Excel, getPnlDrilldownL3, getPnlDrilldownL3Excel } from "../../../controllers/finance/accounts/accounts-report/ProfitlossSublevel";
[7m  [0m [91m                                                                       ~~~~~~~~~~~~~~~~~~~~~~[0m

    at createTSError (C:\BT_OCI\Bayanat-OCIBackend\node_modules\ts-node\src\index.ts:859:12)
    at reportTSError (C:\BT_OCI\Bayanat-OCIBackend\node_modules\ts-node\src\index.ts:863:19)
    at getOutput (C:\BT_OCI\Bayanat-OCIBackend\node_modules\ts-node\src\index.ts:1077:36)
    at Object.compile (C:\BT_OCI\Bayanat-OCIBackend\node_modules\ts-node\src\index.ts:1433:41)
    at Module.m._compile (C:\BT_OCI\Bayanat-OCIBackend\node_modules\ts-node\src\index.ts:1617:30)
    at node:internal/modules/cjs/loader:1895:10
    at Object.require.extensions.<computed> [as .ts] (C:\BT_OCI\Bayanat-OCIBackend\node_modules\ts-node\src\index.ts:1621:12)
    at Module.load (node:internal/modules/cjs/loader:1465:32)
    at Function._load (node:internal/modules/cjs/loader:1282:12)
    at TracingChannel.traceSync (node:diagnostics_channel:322:14)
